station_m	X_ref_m	Y_ref_m	psi_ref_rad	curvature_1pm	local_speed_limit_mps	vx_ref_mps	yaw_rate_ref_radps
0	0	0	0	0	27	27	0
0.25	0.25	0	0	0	27	27	0
0.5	0.5	0	0	0	27	27	0
0.75	0.75	0	0	0	27	27	0
1	1	0	0	0	27	27	0
1.25	1.25	0	0	0	27	27	0
1.5	1.5	0	0	0	27	27	0
1.75	1.75	0	0	0	27	27	0
2	2	0	0	0	27	27	0
2.25	2.25	0	0	0	27	27	0
2.5	2.5	0	0	0	27	27	0
2.75	2.75	0	0	0	27	27	0
3	3	0	0	0	27	27	0
3.25	3.25	0	0	0	27	27	0
3.5	3.5	0	0	0	27	27	0
3.75	3.75	0	0	0	27	27	0
4	4	0	0	0	27	27	0
4.25	4.25	0	0	0	27	27	0
4.5	4.5	0	0	0	27	27	0
4.75	4.75	0	0	0	27	27	0
5	5	0	0	0	27	27	0
5.25	5.25	0	0	0	27	27	0
5.5	5.5	0	0	0	27	27	0
5.75	5.75	0	0	0	27	27	0
6	6	0	0	0	27	27	0
6.25	6.25	0	0	0	27	27	0
6.5	6.5	0	0	0	27	27	0
6.75	6.75	0	0	0	27	27	0
7	7	0	0	0	27	27	0
7.25	7.25	0	0	0	27	27	0
7.5	7.5	0	0	0	27	27	0
7.75	7.75	0	0	0	27	27	0
8	8	0	0	0	27	27	0
8.25	8.25	0	0	0	27	27	0
8.5	8.5	0	0	0	27	27	0
8.75	8.75	0	0	0	27	27	0
9	9	0	0	0	27	27	0
9.25	9.25	0	0	0	27	27	0
9.5	9.5	0	0	0	27	27	0
9.75	9.75	0	0	0	27	27	0
10	10	0	0	0	27	27	0
10.25	10.25	0	0	0	27	27	0
10.5	10.5	0	0	0	27	27	0
10.75	10.75	0	0	0	27	27	0
11	11	0	0	0	27	27	0
11.25	11.25	0	0	0	27	27	0
11.5	11.5	0	0	0	27	27	0
11.75	11.75	0	0	0	27	27	0
12	12	0	0	0	27	27	0
12.25	12.25	0	0	0	27	27	0
12.5	12.5	0	0	0	27	27	0
12.75	12.75	0	0	0	27	27	0
13	13	0	0	0	27	27	0
13.25	13.25	0	0	0	27	27	0
13.5	13.5	0	0	0	27	27	0
13.75	13.75	0	0	0	27	27	0
14	14	0	0	0	27	27	0
14.25	14.25	0	0	0	27	27	0
14.5	14.5	0	0	0	27	27	0
14.75	14.75	0	0	0	27	27	0
15	15	0	0	0	27	27	0
15.25	15.25	0	0	0	27	27	0
15.5	15.5	0	0	0	27	27	0
15.75	15.75	0	0	0	27	27	0
16	16	0	0	0	27	27	0
16.25	16.25	0	0	0	27	27	0
16.5	16.5	0	0	0	27	27	0
16.75	16.75	0	0	0	27	27	0
17	17	0	0	0	27	27	0
17.25	17.25	0	0	0	27	27	0
17.5	17.5	0	0	0	27	27	0
17.75	17.75	0	0	0	27	27	0
18	18	0	0	0	27	27	0
18.25	18.25	0	0	0	27	27	0
18.5	18.5	0	0	0	27	27	0
18.75	18.75	0	0	0	27	27	0
19	19	0	0	0	27	27	0
19.25	19.25	0	0	0	27	27	0
19.5	19.5	0	0	0	27	27	0
19.75	19.75	0	0	0	27	27	0
20	20	0	0	0	27	27	0
20.25	20.25	0	0	0	27	27	0
20.5	20.5	0	0	0	27	27	0
20.75	20.75	0	0	0	27	27	0
21	21	0	0	0	27	27	0
21.25	21.25	0	0	0	27	27	0
21.5	21.5	0	0	0	27	27	0
21.75	21.75	0	0	0	27	27	0
22	22	0	0	0	27	27	0
22.25	22.25	0	0	0	27	27	0
22.5	22.5	0	0	0	27	27	0
22.75	22.75	0	0	0	27	27	0
23	23	0	0	0	27	27	0
23.25	23.25	0	0	0	27	27	0
23.5	23.5	0	0	0	27	27	0
23.75	23.75	0	0	0	27	27	0
24	24	0	0	0	27	27	0
24.25	24.25	0	0	0	27	27	0
24.5	24.5	0	0	0	27	27	0
24.75	24.75	0	0	0	27	27	0
25	25	0	0	0	27	27	0
25.25	25.25	0	0	0	27	27	0
25.5	25.5	0	0	0	27	27	0
25.75	25.75	0	0	0	27	27	0
26	26	0	0	0	27	27	0
26.25	26.25	0	0	0	27	27	0
26.5	26.5	0	0	0	27	27	0
26.75	26.75	0	0	0	27	27	0
27	27	0	0	0	27	27	0
27.25	27.25	0	0	0	27	27	0
27.5	27.5	0	0	0	27	27	0
27.75	27.75	0	0	0	27	27	0
28	28	0	0	0	27	27	0
28.25	28.25	0	0	0	27	27	0
28.5	28.5	0	0	0	27	27	0
28.75	28.75	0	0	0	27	27	0
29	29	0	0	0	27	27	0
29.25	29.25	0	0	0	27	27	0
29.5	29.5	0	0	0	27	27	0
29.75	29.75	0	0	0	27	27	0
30	30	0	0	0	27	27	0
30.25	30.25	0	0	0	27	27	0
30.5	30.5	0	0	0	27	27	0
30.75	30.75	0	0	0	27	27	0
31	31	0	0	0	27	27	0
31.25	31.25	0	0	0	27	27	0
31.5	31.5	0	0	0	27	27	0
31.75	31.75	0	0	0	27	27	0
32	32	0	0	0	27	27	0
32.25	32.25	0	0	0	27	27	0
32.5	32.5	0	0	0	27	27	0
32.75	32.75	0	0	0	27	27	0
33	33	0	0	0	27	27	0
33.25	33.25	0	0	0	27	27	0
33.5	33.5	0	0	0	27	27	0
33.75	33.75	0	0	0	27	27	0
34	34	0	0	0	27	27	0
34.25	34.25	0	0	0	27	27	0
34.5	34.5	0	0	0	27	27	0
34.75	34.75	0	0	0	27	27	0
35	35	0	0	0	27	27	0
35.25	35.25	0	0	0	27	27	0
35.5	35.5	0	0	0	27	27	0
35.75	35.75	0	0	0	27	27	0
36	36	0	0	0	27	27	0
36.25	36.25	0	0	0	27	27	0
36.5	36.5	0	0	0	27	27	0
36.75	36.75	0	0	0	27	27	0
37	37	0	0	0	27	27	0
37.25	37.25	0	0	0	27	27	0
37.5	37.5	0	0	0	27	27	0
37.75	37.75	0	0	0	27	27	0
38	38	0	0	0	27	27	0
38.25	38.25	0	0	0	27	27	0
38.5	38.5	0	0	0	27	27	0
38.75	38.75	0	0	0	27	27	0
39	39	0	0	0	27	27	0
39.25	39.25	0	0	0	27	27	0
39.5	39.5	0	0	0	27	27	0
39.75	39.75	0	0	0	27	27	0
40	40	0	0	0	27	27	0
40.25	40.25	0	0	0	27	27	0
40.5	40.5	0	0	0	27	27	0
40.75	40.75	0	0	0	27	27	0
41	41	0	0	0	27	27	0
41.25	41.25	0	0	0	27	27	0
41.5	41.5	0	0	0	27	27	0
41.75	41.75	0	0	0	27	27	0
42	42	0	0	0	27	27	0
42.25	42.25	0	0	0	27	27	0
42.5	42.5	0	0	0	27	27	0
42.75	42.75	0	0	0	27	27	0
43	43	0	0	0	27	27	0
43.25	43.25	0	0	0	27	27	0
43.5	43.5	0	0	0	27	27	0
43.75	43.75	0	0	0	27	27	0
44	44	0	0	0	27	27	0
44.25	44.25	0	0	0	27	27	0
44.5	44.5	0	0	0	27	27	0
44.75	44.75	0	0	0	27	27	0
45	45	0	0	0	27	27	0
45.25	45.25	0	0	0	27	27	0
45.5	45.5	0	0	0	27	27	0
45.75	45.75	0	0	0	27	27	0
46	46	0	0	0	27	27	0
46.25	46.25	0	0	0	27	27	0
46.5	46.5	0	0	0	27	27	0
46.75	46.75	0	0	0	27	27	0
47	47	0	0	0	27	27	0
47.25	47.25	0	0	0	27	27	0
47.5	47.5	0	0	0	27	27	0
47.75	47.75	0	0	0	27	27	0
48	48	0	0	0	27	27	0
48.25	48.25	0	0	0	27	27	0
48.5	48.5	0	0	0	27	27	0
48.75	48.75	0	0	0	27	27	0
49	49	0	0	0	27	27	0
49.25	49.25	0	0	0	27	27	0
49.5	49.5	0	0	0	27	27	0
49.75	49.75	0	0	0	27	27	0
50	50	0	0	0	27	27	0
50.25	50.25	0	0	0	27	27	0
50.5	50.5	0	0	0	27	27	0
50.75	50.75	0	0	0	27	27	0
51	51	0	0	0	27	27	0
51.25	51.25	0	0	0	27	27	0
51.5	51.5	0	0	0	27	27	0
51.75	51.75	0	0	0	27	27	0
52	52	0	0	0	27	27	0
52.25	52.25	0	0	0	27	27	0
52.5	52.5	0	0	0	27	27	0
52.75	52.75	0	0	0	27	27	0
53	53	0	0	0	27	27	0
53.25	53.25	0	0	0	27	27	0
53.5	53.5	0	0	0	27	27	0
53.75	53.75	0	0	0	27	27	0
54	54	0	0	0	27	27	0
54.25	54.25	0	0	0	27	27	0
54.5	54.5	0	0	0	27	27	0
54.75	54.75	0	0	0	27	27	0
55	55	0	0	0	27	27	0
55.25	55.25	0	0	0	27	27	0
55.5	55.5	0	0	0	27	27	0
55.75	55.75	0	0	0	27	27	0
56	56	0	0	0	27	27	0
56.25	56.25	0	0	0	27	27	0
56.5	56.5	0	0	0	27	27	0
56.75	56.75	0	0	0	27	27	0
57	57	0	0	0	27	27	0
57.25	57.25	0	0	0	27	27	0
57.5	57.5	0	0	0	27	27	0
57.75	57.75	0	0	0	27	27	0
58	58	0	0	0	27	27	0
58.25	58.25	0	0	0	27	27	0
58.5	58.5	0	0	0	27	27	0
58.75	58.75	0	0	0	27	27	0
59	59	0	0	0	27	27	0
59.25	59.25	0	0	0	27	27	0
59.5	59.5	0	0	0	27	27	0
59.75	59.75	0	0	0	27	27	0
60	60	0	0	0	27	27	0
60.25	60.25	0	0	0	27	27	0
60.5	60.5	0	0	0	27	27	0
60.75	60.75	0	0	0	27	27	0
61	61	0	0	0	27	27	0
61.25	61.25	0	0	0	27	27	0
61.5	61.5	0	0	0	27	27	0
61.75	61.75	0	0	0	27	27	0
62	62	0	0	0	27	27	0
62.25	62.25	0	0	0	27	27	0
62.5	62.5	0	0	0	27	27	0
62.75	62.75	0	0	0	27	27	0
63	63	0	0	0	27	27	0
63.25	63.25	0	0	0	27	27	0
63.5	63.5	0	0	0	27	27	0
63.75	63.75	0	0	0	27	27	0
64	64	0	0	0	27	27	0
64.25	64.25	0	0	0	27	27	0
64.5	64.5	0	0	0	27	27	0
64.75	64.75	0	0	0	27	27	0
65	65	0	0	0	27	27	0
65.25	65.25	0	0	0	27	27	0
65.5	65.5	0	0	0	27	27	0
65.75	65.75	0	0	0	27	27	0
66	66	0	0	0	27	27	0
66.25	66.25	0	0	0	27	27	0
66.5	66.5	0	0	0	27	27	0
66.75	66.75	0	0	0	27	27	0
67	67	0	0	0	27	27	0
67.25	67.25	0	0	0	27	27	0
67.5	67.5	0	0	0	27	27	0
67.75	67.75	0	0	0	27	27	0
68	68	0	0	0	27	27	0
68.25	68.25	0	0	0	27	27	0
68.5	68.5	0	0	0	27	27	0
68.75	68.75	0	0	0	27	27	0
69	69	0	0	0	27	27	0
69.25	69.25	0	0	0	27	27	0
69.5	69.5	0	0	0	27	27	0
69.75	69.75	0	0	0	27	27	0
70	70	0	0	0	27	27	0
70.25	70.25	0	0	0	27	27	0
70.5	70.5	0	0	0	27	27	0
70.75	70.75	0	0	0	27	27	0
71	71	0	0	0	27	27	0
71.25	71.25	0	0	0	27	27	0
71.5	71.5	0	0	0	27	27	0
71.75	71.75	0	0	0	27	27	0
72	72	0	0	0	27	27	0
72.25	72.25	0	0	0	27	27	0
72.5	72.5	0	0	0	27	27	0
72.75	72.75	0	0	0	27	27	0
73	73	0	0	0	27	27	0
73.25	73.25	0	0	0	27	27	0
73.5	73.5	0	0	0	27	27	0
73.75	73.75	0	0	0	27	27	0
74	74	0	0	0	27	27	0
74.25	74.25	0	0	0	27	27	0
74.5	74.5	0	0	0	27	27	0
74.75	74.75	0	0	0	27	27	0
75	75	0	0	0	27	27	0
75.25	75.25	0	0	0	27	27	0
75.5	75.5	0	0	0	27	27	0
75.75	75.75	0	0	0	27	27	0
76	76	0	0	0	27	27	0
76.25	76.25	0	0	0	27	27	0
76.5	76.5	0	0	0	27	27	0
76.75	76.75	0	0	0	27	27	0
77	77	0	0	0	27	27	0
77.25	77.25	0	0	0	27	27	0
77.5	77.5	0	0	0	27	27	0
77.75	77.75	0	0	0	27	27	0
78	78	0	0	0	27	27	0
78.25	78.25	0	0	0	27	27	0
78.5	78.5	0	0	0	27	27	0
78.75	78.75	0	0	0	27	27	0
79	79	0	0	0	27	27	0
79.25	79.25	0	0	0	27	27	0
79.5	79.5	0	0	0	27	27	0
79.75	79.75	0	0	0	27	27	0
80	80	0	0	0	27	27	0
80.25	80.25	0	0	0	27	27	0
80.5	80.5	0	0	0	27	27	0
80.75	80.75	0	0	0	27	27	0
81	81	0	0	0	27	27	0
81.25	81.25	0	0	0	27	27	0
81.5	81.5	0	0	0	27	27	0
81.75	81.75	0	0	0	27	27	0
82	82	0	0	0	27	27	0
82.25	82.25	0	0	0	27	27	0
82.5	82.5	0	0	0	27	27	0
82.75	82.75	0	0	0	27	27	0
83	83	0	0	0	27	27	0
83.25	83.25	0	0	0	27	27	0
83.5	83.5	0	0	0	27	27	0
83.75	83.75	0	0	0	27	27	0
84	84	0	0	0	27	27	0
84.25	84.25	0	0	0	27	27	0
84.5	84.5	0	0	0	27	27	0
84.75	84.75	0	0	0	27	27	0
85	85	0	0	0	27	27	0
85.25	85.25	0	0	0	27	27	0
85.5	85.5	0	0	0	27	27	0
85.75	85.75	0	0	0	27	27	0
86	86	0	0	0	27	27	0
86.25	86.25	0	0	0	27	27	0
86.5	86.5	0	0	0	27	27	0
86.75	86.75	0	0	0	27	27	0
87	87	0	0	0	27	27	0
87.25	87.25	0	0	0	27	27	0
87.5	87.5	0	0	0	27	27	0
87.75	87.75	0	0	0	27	27	0
88	88	0	0	0	27	27	0
88.25	88.25	0	0	0	27	27	0
88.5	88.5	0	0	0	27	27	0
88.75	88.75	0	0	0	27	27	0
89	89	0	0	0	27	27	0
89.25	89.25	0	0	0	27	27	0
89.5	89.5	0	0	0	27	27	0
89.75	89.75	0	0	0	27	27	0
90	90	0	0	0	27	27	0
90.25	90.25	0	0	0	27	27	0
90.5	90.5	0	0	0	27	27	0
90.75	90.75	0	0	0	27	27	0
91	91	0	0	0	27	27	0
91.25	91.25	0	0	0	27	27	0
91.5	91.5	0	0	0	27	27	0
91.75	91.75	0	0	0	27	27	0
92	92	0	0	0	27	27	0
92.25	92.25	0	0	0	27	27	0
92.5	92.5	0	0	0	27	27	0
92.75	92.75	0	0	0	27	27	0
93	93	0	0	0	27	27	0
93.25	93.25	0	0	0	27	27	0
93.5	93.5	0	0	0	27	27	0
93.75	93.75	0	0	0	27	27	0
94	94	0	0	0	27	27	0
94.25	94.25	0	0	0	27	27	0
94.5	94.5	0	0	0	27	27	0
94.75	94.75	0	0	0	27	27	0
95	95	0	0	0	27	27	0
95.25	95.25	0	0	0	27	27	0
95.5	95.5	0	0	0	27	27	0
95.75	95.75	0	0	0	27	27	0
96	96	0	0	0	27	27	0
96.25	96.25	0	0	0	27	27	0
96.5	96.5	0	0	0	27	27	0
96.75	96.75	0	0	0	27	27	0
97	97	0	0	0	27	27	0
97.25	97.25	0	0	0	27	27	0
97.5	97.5	0	0	0	27	27	0
97.75	97.75	0	0	0	27	27	0
98	98	0	0	0	27	27	0
98.25	98.25	0	0	0	27	27	0
98.5	98.5	0	0	0	27	27	0
98.75	98.75	0	0	0	27	27	0
99	99	0	0	0	27	27	0
99.25	99.25	0	0	0	27	27	0
99.5	99.5	0	0	0	27	27	0
99.75	99.75	0	0	0	27	27	0
100	100	0	0	0	27	27	0
100.25	100.25	0	0	0	27	27	0
100.5	100.5	0	0	0	27	27	0
100.75	100.75	0	0	0	27	27	0
101	101	0	0	0	27	27	0
101.25	101.25	0	0	0	27	27	0
101.5	101.5	0	0	0	27	27	0
101.75	101.75	0	0	0	27	27	0
102	102	0	0	0	27	27	0
102.25	102.25	0	0	0	27	27	0
102.5	102.5	0	0	0	27	27	0
102.75	102.75	0	0	0	27	27	0
103	103	0	0	0	27	27	0
103.25	103.25	0	0	0	27	27	0
103.5	103.5	0	0	0	27	27	0
103.75	103.75	0	0	0	27	27	0
104	104	0	0	0	27	27	0
104.25	104.25	0	0	0	27	27	0
104.5	104.5	0	0	0	27	27	0
104.75	104.75	0	0	0	27	27	0
105	105	0	0	0	27	27	0
105.25	105.25	0	0	0	27	27	0
105.5	105.5	0	0	0	27	27	0
105.75	105.75	0	0	0	27	27	0
106	106	0	0	0	27	27	0
106.25	106.25	0	0	0	27	27	0
106.5	106.5	0	0	0	27	27	0
106.75	106.75	0	0	0	27	27	0
107	107	0	0	0	27	27	0
107.25	107.25	0	0	0	27	27	0
107.5	107.5	0	0	0	27	27	0
107.75	107.75	0	0	0	27	27	0
108	108	0	0	0	27	27	0
108.25	108.25	0	0	0	27	27	0
108.5	108.5	0	0	0	27	27	0
108.75	108.75	0	0	0	27	27	0
109	109	0	0	0	27	27	0
109.25	109.25	0	0	0	27	27	0
109.5	109.5	0	0	0	27	27	0
109.75	109.75	0	0	0	27	27	0
110	110	0	0	0	27	27	0
110.25	110.25	0	0	0	27	27	0
110.5	110.5	0	0	0	27	27	0
110.75	110.75	0	0	0	27	27	0
111	111	0	0	0	27	27	0
111.25	111.25	0	0	0	27	27	0
111.5	111.5	0	0	0	27	27	0
111.75	111.75	0	0	0	27	27	0
112	112	0	0	0	27	27	0
112.25	112.25	0	0	0	27	27	0
112.5	112.5	0	0	0	27	27	0
112.75	112.75	0	0	0	27	27	0
113	113	0	0	0	27	27	0
113.25	113.25	0	0	0	27	27	0
113.5	113.5	0	0	0	27	27	0
113.75	113.75	0	0	0	27	27	0
114	114	0	0	0	27	27	0
114.25	114.25	0	0	0	27	27	0
114.5	114.5	0	0	0	27	27	0
114.75	114.75	0	0	0	27	27	0
115	115	0	0	0	27	27	0
115.25	115.25	0	0	0	27	27	0
115.5	115.5	0	0	0	27	27	0
115.75	115.75	0	0	0	27	27	0
116	116	0	0	0	27	27	0
116.25	116.25	0	0	0	27	27	0
116.5	116.5	0	0	0	27	27	0
116.75	116.75	0	0	0	27	27	0
117	117	0	0	0	27	27	0
117.25	117.25	0	0	0	27	27	0
117.5	117.5	0	0	0	27	27	0
117.75	117.75	0	0	0	27	27	0
118	118	0	0	0	27	27	0
118.25	118.25	0	0	0	27	27	0
118.5	118.5	0	0	0	27	27	0
118.75	118.75	0	0	0	27	27	0
119	119	0	0	0	27	27	0
119.25	119.25	0	0	0	27	27	0
119.5	119.5	0	0	0	27	27	0
119.75	119.75	0	0	0	27	27	0
120	120	0	0	0	27	27	0
120.25	120.25	0	0	0	27	27	0
120.5	120.5	0	0	0	27	27	0
120.75	120.75	0	0	0	27	27	0
121	121	0	0	0	27	27	0
121.25	121.25	0	0	0	27	27	0
121.5	121.5	0	0	0	27	27	0
121.75	121.75	0	0	0	27	27	0
122	122	0	0	0	27	27	0
122.25	122.25	0	0	0	27	27	0
122.5	122.5	0	0	0	27	27	0
122.75	122.75	0	0	0	27	27	0
123	123	0	0	0	27	27	0
123.25	123.25	0	0	0	27	27	0
123.5	123.5	0	0	0	27	27	0
123.75	123.75	0	0	0	27	27	0
124	124	0	0	0	27	27	0
124.25	124.25	0	0	0	27	27	0
124.5	124.5	0	0	0	27	27	0
124.75	124.75	0	0	0	27	27	0
125	125	0	0	0	27	27	0
125.25	125.25	0	0	0	27	27	0
125.5	125.5	0	0	0	27	27	0
125.75	125.75	0	0	0	27	27	0
126	126	0	0	0	27	27	0
126.25	126.25	0	0	0	27	27	0
126.5	126.5	0	0	0	27	27	0
126.75	126.75	0	0	0	27	27	0
127	127	0	0	0	27	27	0
127.25	127.25	0	0	0	27	27	0
127.5	127.5	0	0	0	27	27	0
127.75	127.75	0	0	0	27	27	0
128	128	0	0	0	27	27	0
128.25	128.25	0	0	0	27	27	0
128.5	128.5	0	0	0	27	27	0
128.75	128.75	0	0	0	27	27	0
129	129	0	0	0	27	27	0
129.25	129.25	0	0	0	27	27	0
129.5	129.5	0	0	0	27	27	0
129.75	129.75	0	0	0	27	27	0
130	130	0	0	0	27	27	0
130.25	130.25	0	0	0	27	27	0
130.5	130.5	0	0	0	27	27	0
130.75	130.75	0	0	0	27	27	0
131	131	0	0	0	27	27	0
131.25	131.25	0	0	0	27	27	0
131.5	131.5	0	0	0	27	27	0
131.75	131.75	0	0	0	27	27	0
132	132	0	0	0	27	27	0
132.25	132.25	0	0	0	27	27	0
132.5	132.5	0	0	0	27	27	0
132.75	132.75	0	0	0	27	27	0
133	133	0	0	0	27	27	0
133.25	133.25	0	0	0	27	27	0
133.5	133.5	0	0	0	27	27	0
133.75	133.75	0	0	0	27	27	0
134	134	0	0	0	27	27	0
134.25	134.25	0	0	0	27	27	0
134.5	134.5	0	0	0	27	27	0
134.75	134.75	0	0	0	27	27	0
135	135	0	0	0	27	27	0
135.25	135.25	0	0	0	27	27	0
135.5	135.5	0	0	0	27	27	0
135.75	135.75	0	0	0	27	27	0
136	136	0	0	0	27	27	0
136.25	136.25	0	0	0	27	27	0
136.5	136.5	0	0	0	27	27	0
136.75	136.75	0	0	0	27	27	0
137	137	0	0	0	27	27	0
137.25	137.25	0	0	0	27	27	0
137.5	137.5	0	0	0	27	27	0
137.75	137.75	0	0	0	27	27	0
138	138	0	0	0	27	27	0
138.25	138.25	0	0	0	27	27	0
138.5	138.5	0	0	0	27	27	0
138.75	138.75	0	0	0	27	27	0
139	139	0	0	0	27	27	0
139.25	139.25	0	0	0	27	27	0
139.5	139.5	0	0	0	27	27	0
139.75	139.75	0	0	0	27	27	0
140	140	0	0	0	27	27	0
140.25	140.25	0	0	0	27	27	0
140.5	140.5	0	0	0	27	27	0
140.75	140.75	0	0	0	27	27	0
141	141	0	0	0	27	27	0
141.25	141.25	0	0	0	27	27	0
141.5	141.5	0	0	0	27	27	0
141.75	141.75	0	0	0	27	27	0
142	142	0	0	0	27	27	0
142.25	142.25	0	0	0	27	27	0
142.5	142.5	0	0	0	27	27	0
142.75	142.75	0	0	0	27	27	0
143	143	0	0	0	27	27	0
143.25	143.25	0	0	0	27	27	0
143.5	143.5	0	0	0	27	27	0
143.75	143.75	0	0	0	27	27	0
144	144	0	0	0	27	27	0
144.25	144.25	0	0	0	27	27	0
144.5	144.5	0	0	0	27	27	0
144.75	144.75	0	0	0	27	27	0
145	145	0	0	0	27	27	0
145.25	145.25	0	0	0	27	27	0
145.5	145.5	0	0	0	27	27	0
145.75	145.75	0	0	0	27	27	0
146	146	0	0	0	27	27	0
146.25	146.25	0	0	0	27	27	0
146.5	146.5	0	0	0	27	27	0
146.75	146.75	0	0	0	27	27	0
147	147	0	0	0	27	27	0
147.25	147.25	0	0	0	27	27	0
147.5	147.5	0	0	0	27	27	0
147.75	147.75	0	0	0	27	27	0
148	148	0	0	0	27	27	0
148.25	148.25	0	0	0	27	27	0
148.5	148.5	0	0	0	27	27	0
148.75	148.75	0	0	0	27	27	0
149	149	0	0	0	27	27	0
149.25	149.25	0	0	0	27	27	0
149.5	149.5	0	0	0	27	27	0
149.75	149.75	0	0	0	27	27	0
150	150	0	0	0	27	27	0
150.25	150.25	0	0	0	27	27	0
150.5	150.5	0	0	0	27	27	0
150.75	150.75	0	0	0	27	27	0
151	151	0	0	0	27	27	0
151.25	151.25	0	0	0	27	27	0
151.5	151.5	0	0	0	27	27	0
151.75	151.75	0	0	0	27	27	0
152	152	0	0	0	27	27	0
152.25	152.25	0	0	0	27	27	0
152.5	152.5	0	0	0	27	27	0
152.75	152.75	0	0	0	27	27	0
153	153	0	0	0	27	27	0
153.25	153.25	0	0	0	27	27	0
153.5	153.5	0	0	0	27	27	0
153.75	153.75	0	0	0	27	27	0
154	154	0	0	0	27	27	0
154.25	154.25	0	0	0	27	27	0
154.5	154.5	0	0	0	27	27	0
154.75	154.75	0	0	0	27	27	0
155	155	0	0	0	27	27	0
155.25	155.25	0	0	0	27	27	0
155.5	155.5	0	0	0	27	27	0
155.75	155.75	0	0	0	27	27	0
156	156	0	0	0	27	27	0
156.25	156.25	0	0	0	27	27	0
156.5	156.5	0	0	0	27	27	0
156.75	156.75	0	0	0	27	27	0
157	157	0	0	0	27	27	0
157.25	157.25	0	0	0	27	27	0
157.5	157.5	0	0	0	27	27	0
157.75	157.75	0	0	0	27	27	0
158	158	0	0	0	27	27	0
158.25	158.25	0	0	0	27	27	0
158.5	158.5	0	0	0	27	27	0
158.75	158.75	0	0	0	27	27	0
159	159	0	0	0	27	27	0
159.25	159.25	0	0	0	27	27	0
159.5	159.5	0	0	0	27	27	0
159.75	159.75	0	0	0	27	27	0
160	160	0	0	0	27	27	0
160.25	160.25	0	0	0	27	27	0
160.5	160.5	0	0	0	27	27	0
160.75	160.75	0	0	0	27	27	0
161	161	0	0	0	27	27	0
161.25	161.25	0	0	0	27	27	0
161.5	161.5	0	0	0	27	27	0
161.75	161.75	0	0	0	27	27	0
162	162	0	0	0	27	27	0
162.25	162.25	0	0	0	27	27	0
162.5	162.5	0	0	0	27	27	0
162.75	162.75	0	0	0	27	27	0
163	163	0	0	0	27	27	0
163.25	163.25	0	0	0	27	27	0
163.5	163.5	0	0	0	27	27	0
163.75	163.75	0	0	0	27	27	0
164	164	0	0	0	27	27	0
164.25	164.25	0	0	0	27	27	0
164.5	164.5	0	0	0	27	27	0
164.75	164.75	0	0	0	27	27	0
165	165	0	0	0	27	27	0
165.25	165.25	0	0	0	27	27	0
165.5	165.5	0	0	0	27	27	0
165.75	165.75	0	0	0	27	27	0
166	166	0	0	0	27	27	0
166.25	166.25	0	0	0	27	27	0
166.5	166.5	0	0	0	27	27	0
166.75	166.75	0	0	0	27	27	0
167	167	0	0	0	27	27	0
167.25	167.25	0	0	0	27	27	0
167.5	167.5	0	0	0	27	27	0
167.75	167.75	0	0	0	27	27	0
168	168	0	0	0	27	27	0
168.25	168.25	0	0	0	27	27	0
168.5	168.5	0	0	0	27	27	0
168.75	168.75	0	0	0	27	27	0
169	169	0	0	0	27	27	0
169.25	169.25	0	0	0	27	27	0
169.5	169.5	0	0	0	27	27	0
169.75	169.75	0	0	0	27	27	0
170	170	0	0	0	27	27	0
170.25	170.25	0	0	0	27	27	0
170.5	170.5	0	0	0	27	27	0
170.75	170.75	0	0	0	27	27	0
171	171	0	0	0	27	27	0
171.25	171.25	0	0	0	27	27	0
171.5	171.5	0	0	0	27	27	0
171.75	171.75	0	0	0	27	27	0
172	172	0	0	0	27	27	0
172.25	172.25	0	0	0	27	27	0
172.5	172.5	0	0	0	27	27	0
172.75	172.75	0	0	0	27	27	0
173	173	0	0	0	27	27	0
173.25	173.25	0	0	0	27	27	0
173.5	173.5	0	0	0	27	27	0
173.75	173.75	0	0	0	27	27	0
174	174	0	0	0	27	27	0
174.25	174.25	0	0	0	27	27	0
174.5	174.5	0	0	0	27	27	0
174.75	174.75	0	0	0	27	27	0
175	175	0	0	0	27	27	0
175.25	175.25	0	0	0	27	27	0
175.5	175.5	0	0	0	27	27	0
175.75	175.75	0	0	0	27	27	0
176	176	0	0	0	27	27	0
176.25	176.25	0	0	0	27	27	0
176.5	176.5	0	0	0	27	27	0
176.75	176.75	0	0	0	27	27	0
177	177	0	0	0	27	27	0
177.25	177.25	0	0	0	27	27	0
177.5	177.5	0	0	0	27	27	0
177.75	177.75	0	0	0	27	27	0
178	178	0	0	0	27	27	0
178.25	178.25	0	0	0	27	27	0
178.5	178.5	0	0	0	27	27	0
178.75	178.75	0	0	0	27	27	0
179	179	0	0	0	27	27	0
179.25	179.25	0	0	0	27	27	0
179.5	179.5	0	0	0	27	27	0
179.75	179.75	0	0	0	27	27	0
180	180	0	0	0	27	27	0
180.25	180.25	0	0	0	27	27	0
180.5	180.5	0	0	0	27	27	0
180.75	180.75	0	0	0	27	27	0
181	181	0	0	0	27	27	0
181.25	181.25	0	0	0	27	27	0
181.5	181.5	0	0	0	27	27	0
181.75	181.75	0	0	0	27	27	0
182	182	0	0	0	27	27	0
182.25	182.25	0	0	0	27	27	0
182.5	182.5	0	0	0	27	27	0
182.75	182.75	0	0	0	27	27	0
183	183	0	0	0	27	27	0
183.25	183.25	0	0	0	27	27	0
183.5	183.5	0	0	0	27	27	0
183.75	183.75	0	0	0	27	27	0
184	184	0	0	0	27	27	0
184.25	184.25	0	0	0	27	27	0
184.5	184.5	0	0	0	27	27	0
184.75	184.75	0	0	0	27	27	0
185	185	0	0	0	27	27	0
185.25	185.25	0	0	0	27	27	0
185.5	185.5	0	0	0	27	27	0
185.75	185.75	0	0	0	27	27	0
186	186	0	0	0	27	27	0
186.25	186.25	0	0	0	27	27	0
186.5	186.5	0	0	0	27	27	0
186.75	186.75	0	0	0	27	27	0
187	187	0	0	0	27	27	0
187.25	187.25	0	0	0	27	27	0
187.5	187.5	0	0	0	27	27	0
187.75	187.75	0	0	0	27	27	0
188	188	0	0	0	27	27	0
188.25	188.25	0	0	0	27	27	0
188.5	188.5	0	0	0	27	27	0
188.75	188.75	0	0	0	27	27	0
189	189	0	0	0	27	27	0
189.25	189.25	0	0	0	27	27	0
189.5	189.5	0	0	0	27	27	0
189.75	189.75	0	0	0	27	27	0
190	190	0	0	0	27	27	0
190.25	190.25	0	0	0	27	27	0
190.5	190.5	0	0	0	27	27	0
190.75	190.75	0	0	0	27	27	0
191	191	0	0	0	27	27	0
191.25	191.25	0	0	0	27	27	0
191.5	191.5	0	0	0	27	27	0
191.75	191.75	0	0	0	27	27	0
192	192	0	0	0	27	27	0
192.25	192.25	0	0	0	27	27	0
192.5	192.5	0	0	0	27	27	0
192.75	192.75	0	0	0	27	27	0
193	193	0	0	0	27	27	0
193.25	193.25	0	0	0	27	27	0
193.5	193.5	0	0	0	27	27	0
193.75	193.75	0	0	0	27	27	0
194	194	0	0	0	27	27	0
194.25	194.25	0	0	0	27	27	0
194.5	194.5	0	0	0	27	27	0
194.75	194.75	0	0	0	27	27	0
195	195	0	0	0	27	27	0
195.25	195.25	0	0	0	27	27	0
195.5	195.5	0	0	0	27	27	0
195.75	195.75	0	0	0	27	27	0
196	196	0	0	0	27	27	0
196.25	196.25	0	0	0	27	27	0
196.5	196.5	0	0	0	27	27	0
196.75	196.75	0	0	0	27	27	0
197	197	0	0	0	27	27	0
197.25	197.25	0	0	0	27	27	0
197.5	197.5	0	0	0	27	27	0
197.75	197.75	0	0	0	27	27	0
198	198	0	0	0	27	27	0
198.25	198.25	0	0	0	27	27	0
198.5	198.5	0	0	0	27	27	0
198.75	198.75	0	0	0	27	27	0
199	199	0	0	0	27	27	0
199.25	199.25	0	0	0	27	27	0
199.5	199.5	0	0	0	27	27	0
199.75	199.75	0	0	0	27	27	0
200	200	0	0	0	27	27	0
200.25	200.25	6.61058710783962e-10	5.28846968627169e-09	4.23077574901735e-08	27	27	1.14230945223469e-06
200.5	200.5	5.28842890905261e-09	3.17304918998775e-08	1.69228420218673e-07	27	27	4.56916734590416e-06
200.75	200.75	2.18145296862093e-08	1.00478314317377e-07	3.80754159121321e-07	27	27	1.02803622962757e-05
201	201	6.34595158501693e-08	2.32681574994304e-07	6.76871926294101e-07	27	27	1.82755420099407e-05
201.25	201.25	1.4873046244394e-07	4.49485997755878e-07	1.05756345579849e-06	27	27	2.85542133065592e-05
201.5	201.5	3.01420223142054e-07	7.72032087829109e-07	1.52280526478736e-06	27	27	4.11157421492587e-05
201.75	201.75	5.50605962595262e-07	1.22145382779688e-06	2.07256865495482e-06	27	27	5.59593536837803e-05
202	202	9.30647362814023e-07	1.81887737395438e-06	2.70681971430513e-06	27	27	7.30841322862386e-05
202.25	202.249999999999	1.4811845037014e-06	2.5854197531482e-06	3.42551931924548e-06	27	27	9.2489021619628e-05
202.5	202.499999999998	2.24713541786607e-06	3.54218756017872e-06	4.22862313699868e-06	27	27	0.000114172824698964
202.75	202.749999999996	3.27869331986621e-06	4.71027565584587e-06	5.11608162833847e-06	27	27	0.000138134203965139
203	202.999999999992	4.63132351005519e-06	6.11076586571877e-06	6.08784005064472e-06	27	27	0.000164371681367408
203.25	203.249999999986	6.3657599532198e-06	7.76472567970942e-06	7.14383846128055e-06	27	27	0.000192883638454575
203.5	203.499999999976	8.54800153222211e-06	9.69320695253072e-06	8.28401172128984e-06	27	27	0.000223668316474826
203.75	203.749999999962	1.12493079768757e-05	1.19172446051189e-05	9.50828949941524e-06	27	27	0.000256723816484211
204	203.99999999994	1.45461954683076e-05	1.44578553271003e-05	1.08165962764364e-05	27	27	0.000292048099463782
204.25	204.249999999909	1.85204319190757e-05	1.73360362803835e-05	1.22088513498288e-05	27	27	0.000329638986445376
204.5	204.499999999864	2.32590319293342e-05	2.05727638039547e-05	1.36849688387414e-05	27	27	0.000369494158646017
204.75	204.749999999801	2.88542514193563e-05	2.41889921199591e-05	1.52448576892941e-05	27	27	0.00041161115761094
205	204.999999999715	3.54035819387452e-05	2.82056520411453e-05	1.68884216801951e-05	27	27	0.000455987385365268
205.25	205.2499999996	4.30097446526842e-05	3.26436496797541e-05	1.86155594286757e-05	27	27	0.000502620104574243
205.5	205.499999999446	5.17806840055956e-05	3.75238651579315e-05	2.04261643967437e-05	27	27	0.000551506438712079
205.75	205.749999999244	6.18295610625991e-05	4.2867151319744e-05	2.23201248977559e-05	27	27	0.000602643372239409
206	205.999999998982	7.32747465291788e-05	4.86943324448769e-05	2.42973241033076e-05	27	27	0.000656027750789306
206.25	206.249999998646	8.62398134494887e-05	5.50262029640952e-05	2.63576400504384e-05	27	27	0.000711656281361836
206.5	206.499999998218	0.000100853529583746	6.18835261765444e-05	2.85009456491553e-05	27	27	0.000769525532527194
206.75	206.749999997681	0.000117249849465181	6.9287032968973e-05	3.07271086902734e-05	27	27	0.000829631934637381
207	206.99999999701	0.000135567906137031	7.72574205369534e-05	3.303599185357e-05	27	27	0.000891971780046391
207.25	207.249999996179	0.000155952002570087	8.58153511081817e-05	3.5427452716256e-05	27	27	0.000956541223338913
207.5	207.499999995157	0.000178551602761321	9.49814506679337e-05	3.79013437617605e-05	27	27	0.00102333628156753
207.75	207.74999999391	0.000203521322514142	0.000104776307686758	4.04575123888306e-05	27	27	0.00109235283449843
208	207.999999992398	0.000231020919900841	0.00011522047185048	4.3095800920945e-05	27	27	0.00116358662486552
208.25	208.249999990574	0.000261215285407817	0.000126334452792603	4.58160466160394e-05	27	27	0.00123703325863306
208.5	208.499999988388	0.000294274431764192	0.000138138718829176	4.86180816765458e-05	27	27	0.00131268820526674
208.75	208.749999985782	0.000330373483454419	0.000150653695696212	5.15017332597431e-05	27	27	0.00139054679801306
209	208.99999998269	0.000369692665915563	0.000163899765289732	5.44668234884183e-05	27	27	0.00147060423418729
209.25	209.249999979039	0.000412417294419872	0.000177897264408514	5.75131694618394e-05	27	27	0.00155285557546966
209.5	209.499999974748	0.000458737762643364	0.000192666483499624	6.06405832670369e-05	27	27	0.00163729574821
209.75	209.749999969726	0.000508849530921093	0.000208227665406803	6.38488719903962e-05	27	27	0.0017239195437407
210	209.999999963871	0.000562953114189843	0.000224601004121797	6.71378377295562e-05	27	27	0.00181272161869802
210.25	210.249999957073	0.000621254069618965	0.000241806643538694	7.05072776056178e-05	27	27	0.00190369649535168
210.5	210.499999949209	0.000683962983930128	0.000259864676211353	7.3956983775658e-05	27	27	0.00199683856194277
210.75	210.749999940141	0.000751295460406764	0.000278795142114004	7.74867434455506e-05	27	27	0.00209214207302987
211	210.999999929722	0.000823472105593978	0.000298618027405085	8.10963388830926e-05	27	27	0.0021896011498435
211.25	211.249999917788	0.000900718515689768	0.000319353263194401	8.47855474314346e-05	27	27	0.00228920978064873
211.5	211.49999990416	0.000983265262628356	0.000341020724313682	8.85541415228158e-05	27	27	0.00239096182111603
211.75	211.749999888643	0.00107134787985651	0.000363640228090609	9.24018886926007e-05	27	27	0.00249485099470022
212	211.999999871024	0.0011652068478037	0.000387231533126387	9.63285515936194e-05	27	27	0.00260087089302772
212.25	212.249999851072	0.00126508757904698	0.00041181433807694	0.000100333888010808	27	27	0.00270901497629182
212.5	212.499999828535	0.00137124040317152	0.00043740828043781	0.00010441765087615	27	27	0.00281927657365605
212.75	212.749999803142	0.00148392055132771	0.000464032935332818	0.000108579588283915	27	27	0.00293164888366569
213	212.999999774597	0.00160338814048569	0.000491707814306582	0.000112819443506199	27	27	0.00304612497466736
213.25	213.249999742582	0.00172990815738848	0.000520452364120952	0.000117136955008761	27	27	0.00316269778523654
213.5	213.499999706754	0.00186375044220438	0.000550285965555441	0.000121531856467153	27	27	0.00328136012461314
213.75	213.749999666744	0.00200518967187994	0.000581227932211729	0.000126003876783153	27	27	0.00340210467314514
214	213.999999622154	0.00215450534319431	0.000613297509322309	0.000130552740101482	27	27	0.00352492398274002
214.25	214.249999572556	0.00231198175551607	0.000646513872563347	0.000135178165826823	27	27	0.00364981047732423
214.5	214.499999517493	0.0024779079932636	0.000680896126871841	0.000139879868641131	27	27	0.00377675645331053
214.75	214.749999456474	0.00265257790807002	0.000716463305267136	0.000144657558521228	27	27	0.00390575408007314
215	214.999999388974	0.00283629010065384	0.000753234367676877	0.000149510940756697	27	27	0.00403679540043082
215.25	215.249999314431	0.00302934790239633	0.000791228199767471	0.000154439715968061	27	27	0.00416987233113766
215.5	215.499999232247	0.00323205935662683	0.000830463611779135	0.000159443580125249	27	27	0.00430497666338172
215.75	215.749999141783	0.00344473719961707	0.000870959337365585	0.000164522224566348	27	27	0.00444210006329141
216	215.99999904236	0.00366769884128565	0.00091273403243846	0.000169675336016648	27	27	0.0045812340724495
216.25	216.249998933252	0.00390126634561387	0.000955806274016536	0.00017490259660796	27	27	0.00472237010841492
216.5	216.499998813692	0.00414576641077414	0.00100019455907981	0.000180203683898229	27	27	0.00486549946525218
216.75	216.749998682861	0.00440153034897207	0.00104591730342852	0.00018557827089142	27	27	0.00501061331406833
217	216.999998539894	0.00466889406600352	0.00109299284054715	0.00019102602605769	27	27	0.00515770270355764
217.25	217.249998383873	0.00494819804052787	0.0011414394204736	0.000196546613353841	27	27	0.00530675856055372
217.5	217.499998213824	0.00523978730305874	0.00119127520867333	0.000202139692244043	27	27	0.00545777169058917
217.75	217.74999802872	0.00554401141467334	0.00124251828491894	0.000207804917720845	27	27	0.00561073277846283
218	217.999997827471	0.00586122444544193	0.00129518664217485	0.000213541940326454	27	27	0.00576563238881426
218.25	218.249997608931	0.0061917849525785	0.00134929818548745	0.000219350406174291	27	27	0.00592246096670586
218.5	218.499997371885	0.00653605595831409	0.00140487073088059	0.000225229956970823	27	27	0.00608120883821221
218.75	218.749997115057	0.00689440492749408	0.00146192200425665	0.000231180230037661	27	27	0.00624186621101684
219	218.999996837099	0.00726720374490073	0.0015204696403031	0.000237200858333934	27	27	0.00640442317501623
219.25	219.249996536593	0.00765482869230244	0.0015805311814047	0.00024329147047893	27	27	0.00656886970293112
219.5	219.499996212046	0.008057660425231	0.00164212407656145	0.000249451690775002	27	27	0.00673519565092506
219.75	219.749995861889	0.00847608394948834	0.00170526568031216	0.000255681139230745	27	27	0.00690339075923011
220	219.999995484474	0.00891048859738408	0.00176997325166406	0.000261979431584434	27	27	0.00707344465277972
220.25	220.24999507807	0.00936126800370542	0.00183626395302808	0.00026834617932773	27	27	0.00724534684184872
220.5	220.499994640859	0.00982882008142067	0.00190415484916025	0.000274780989729643	27	27	0.00741908672270035
220.75	220.749994170939	0.0103135469971181	0.00197366290610905	0.000281283465860754	27	27	0.00759465357824037
221	220.999993666311	0.0108158551461812	0.00204480499016886	0.000287853206617709	27	27	0.00777203657867813
221.25	221.249993124886	0.0113361551277026	0.00211759786683957	0.000294489806747949	27	27	0.00795122478219463
221.5	221.499992544476	0.0118748617191368	0.0021920581997924	0.000301192856874719	27	27	0.00813220713561741
221.75	221.749991922791	0.0124323938506948	0.00226820254984203	0.000307961943522312	27	27	0.00831497247510243
222	221.999991257438	0.0130091745794815	0.00234604737392502	0.000314796649141578	27	27	0.00849950952682262
222.25	222.249990545917	0.0136056310633765	0.00242560902408468	0.000321696552135682	27	27	0.0086858069076634
222.5	222.499989785614	0.0142221945346614	0.0025069037464624	0.000328661226886103	27	27	0.00887385312592478
222.75	222.749988973806	0.0148593002733945	0.00258994768029552	0.000335690243778898	27	27	0.00906363658203024
223	222.999988107646	0.0155173875805344	0.00267475685692178	0.000342783169231194	27	27	0.00925514556924224
223.25	223.249987184171	0.0161968997508136	0.00276134719879043	0.00034993956571794	27	27	0.00944836827438437
223.5	223.499986200289	0.0168982840453653	0.00284973451848003	0.000357158991798889	27	27	0.00964329277857001
223.75	223.749985152782	0.0176219916641033	0.00293993451772312	0.000364441002145836	27	27	0.00983990705793757
224	223.999984038296	0.0183684777178577	0.00303196278643761	0.00037178514757008	27	27	0.0100381989843922
224.25	224.249982853345	0.0191382012002677	0.00312583480176514	0.000379190975050138	27	27	0.0102381563263537
224.5	224.499981594299	0.0199316249594328	0.00322156592711637	0.000386658027759686	27	27	0.0104397667495115
224.75	224.749980257387	0.0207492156693256	0.00331917141122329	0.00039418584509574	27	27	0.010643017817585
225	224.999978838686	0.0215914438009654	0.00341866638719864	0.000401773962707068	27	27	0.0108478969930908
225.25	225.249977334125	0.022458783593357	0.00352006587160238	0.000409421912522832	27	27	0.0110543916381165
225.5	225.499975739474	0.0233517130241941	0.00362338476351542	0.000417129222781462	27	27	0.0112624890150995
225.75	225.749974050343	0.0242707137803309	0.00372863784362057	0.000424895418059757	27	27	0.0114721762876134
226	225.999972262179	0.0252162712280225	0.00383583977329082	0.00043272001930221	27	27	0.0116834405211597
226.25	226.249970370258	0.026188874382936	0.00394500509368491	0.00044060254385056	27	27	0.0118962686839651
226.5	226.499968369684	0.0271890158799349	0.00405614822485043	0.000448542505473562	27	27	0.0121106476477862
226.75	226.749966255383	0.0282171919426375	0.00416928346483425	0.000456539414396983	27	27	0.0123265641887185
227	226.9999640221	0.0292739023527516	0.0042844249888006	0.000464592777333811	27	27	0.0125440049880129
227.25	227.249961664391	0.030359650419188	0.00440158684815666	0.000472702097514686	27	27	0.0127629566328965
227.5	227.499959176624	0.0314749429469527	0.00452078296968581	0.000480866874718541	27	27	0.0129834056174006
227.75	227.749956552969	0.0326202902058221	0.00464202715468856	0.000489086605303458	27	27	0.0132053383431934
228	227.999953787398	0.0337962058988013	0.00476533307813121	0.000497360782237737	27	27	0.0134287411204189
228.25	228.249950873677	0.0350032071303681	0.00489071428780232	0.000505688895131169	27	27	0.0136536001685416
228.5	228.499947805363	0.0362418143745042	0.00501818420347703	0.000514070430266522	27	27	0.0138799016171961
228.75	228.749944575796	0.0375125514425156	0.00514775611608925	0.000522504870631229	27	27	0.0141076315070432
229	228.999941178102	0.038815945450645	0.00527944318691182	0.000530991695949278	27	27	0.0143367757906305
229.25	229.249937605177	0.0401525267874761	0.00541325844674464	0.000539530382713306	27	27	0.0145673203332593
229.5	229.499933849692	0.0415228290811339	0.00554921479511091	0.000548120404216894	27	27	0.0147992509138561
229.75	229.749929904083	0.0429273891662819	0.00568732499946141	0.000556761230587053	27	27	0.0150325532258504
230	229.999925760546	0.0443667470509175	0.0058276016943869	0.000565452328816909	27	27	0.0152672128780565
230.25	230.249921411035	0.0458414458829692	0.00597005738083884	0.000574193162798586	27	27	0.0155032153955618
230.5	230.499916847253	0.0473520319166963	0.0061147044253582	0.000582983193356271	27	27	0.0157405462206193
230.75	230.749912060649	0.0488990544788931	0.00626155505931266	0.000591821878279473	27	27	0.0159791907135458
231	230.999907042414	0.050483065934901	0.00641062137814216	0.000600708672356474	27	27	0.0162191341536248
231.25	231.249901783473	0.0521046216544281	0.00656191534061271	0.000609643027407953	27	27	0.0164603617400147
231.5	231.499896274481	0.0537642799771808	0.00671544876807881	0.000618624392320807	27	27	0.0167028585926618
231.75	231.749890505818	0.0554626021783077	0.00687123334375417	0.000627652213082142	27	27	0.0169466097532178
232	231.999884467583	0.0572001524336591	0.00702928061199112	0.000636725932813448	27	27	0.0171916001859631
232.25	232.24987814959	0.0589774977848624	0.00718960197756842	0.000645844991804951	27	27	0.0174378147787337
232.5	232.499871541361	0.060795208104218	0.00735220870498781	0.000655008827550139	27	27	0.0176852383438537
232.75	232.749864632121	0.0626538560594151	0.00751711191777913	0.000664216874780456	27	27	0.0179338556190723
233	232.999857410793	0.0645540170780713	0.00768432259781421	0.000673468565500177	27	27	0.0181836512685048
233.25	233.249849865992	0.0664962693120979	0.00785385158462941	0.000682763329021437	27	27	0.0184346098835788
233.5	233.499841986019	0.0684811936018917	0.00802570957475702	0.000692100591999441	27	27	0.0186867159839849
233.75	233.749833758857	0.0705093734403571	0.00819990712106543	0.000701479778467826	27	27	0.0189399540186313
234	233.999825172163	0.0725813949367595	0.00837645463210818	0.00071090030987419	27	27	0.0191943083666031
234.25	234.249816213266	0.0746978467804128	0.00855536237148193	0.000720361605115782	27	27	0.0194497633381261
234.5	234.499806869156	0.0768593202042026	0.00873664045719332	0.000729863080575345	27	27	0.0197063031755343
234.75	234.749797126485	0.0790664089479473	0.00892029886103488	0.000739404150157116	27	27	0.0199639120542421
235	234.999786971555	0.0813197092216003	0.00910634740796989	0.000748984225322981	27	27	0.0202225740837205
235.25	235.249776390315	0.0836198196682935	0.00929479577552636	0.000758602715128777	27	27	0.020482273308477
235.5	235.499765368356	0.0859673413272265	0.00948565349320005	0.000768259026260747	27	27	0.0207429937090402
235.75	235.749753890904	0.0883628775964014	0.00967892994186666	0.000777952563072134	27	27	0.0210047192029476
236	235.999741942816	0.0908070341952084	0.00987463435320317	0.000787682727619928	27	27	0.021267433645738
236.25	236.24972950857	0.0933004191268605	0.0100727758091184	0.000797448919701745	27	27	0.0215311208319471
236.5	236.499716572263	0.0958436426406834	0.0102733632411927	0.000807250536892855	27	27	0.0217957644961071
236.75	236.749703117606	0.0984373171942599	0.0104764054301272	0.00081708697458334	27	27	0.0220613483137502
237	236.999689127913	0.101082057415433	0.0106819110052021	0.00082695762601539	27	27	0.0223278559024155
237.25	237.2496745861	0.103778480064169	0.0108898884437441	0.000836861882320729	27	27	0.0225952708226597
237.5	237.499659474676	0.106527203994283	0.0111003460706039	0.000846799132558176	27	27	0.0228635765790707
237.75	237.749643775742	0.109328850115027	0.0113132920576426	0.000856768763751326	27	27	0.0231327566212858
238	237.999627470976	0.112184041352551	0.0115287344232273	0.000866770160926367	27	27	0.0234027943450119
238.25	238.249610541637	0.115093402611225	0.0117466810317369	0.000876802707150011	27	27	0.0236736730930503
238.5	238.499592968552	0.11805756073484	0.0119671395930766	0.000886865783567548	27	27	0.0239453761563238
238.75	238.749574732115	0.121077144467676	0.0121901176622027	0.000896958769441025	27	27	0.0242178867749077
239	238.999555812277	0.124152784415455	0.0124156226386562	0.000907081042187529	27	27	0.0244911881390633
239.25	239.249536188542	0.127285113006162	0.0126436617661069	0.000917231977417598	27	27	0.0247652633902752
239.5	239.499515839962	0.130474764450755	0.0128742421319058	0.000927410948973732	27	27	0.0250400956222908
239.75	239.749494745127	0.133722374703756	0.0131073706666486	0.000937617328969018	27	27	0.0253156678821635
240	239.999472882165	0.137028581423723	0.013343054143748	0.000947850487825861	27	27	0.0255919631712982
240.25	240.249450228732	0.140394023933616	0.0135812991790156	0.000958109794314821	27	27	0.0258689644465002
240.5	240.499426762007	0.143819343181049	0.0138221122302541	0.000968394615593548	27	27	0.0261466546210258
240.75	240.749402458685	0.14730518169844	0.014065499596859	0.000978704317245818	27	27	0.0264250165656371
241	240.999377294974	0.150852183563045	0.0143114674194299	0.000989038263320673	27	27	0.0267040331096582
241.25	241.249351246587	0.154460994356903	0.0145600216793914	0.00099939581637164	27	27	0.0269836870420343
241.5	241.499324288734	0.158132261126671	0.0148111681986249	0.00100977633749606	27	27	0.0272639611123936
241.75	241.749296396121	0.161866632343362	0.0150649126391087	0.00102017918637449	27	27	0.0275448380321112
242	241.999267542941	0.165664757861994	0.0153212605025693	0.00103060372131021	27	27	0.0278263004753757
242.25	242.249237702869	0.169527288881137	0.0155802171301416	0.00104104929926881	27	27	0.0281083310802578
242.5	242.499206849054	0.173454877902377	0.01584178770204	0.00105151527591783	27	27	0.0283909124497813
242.75	242.749174954117	0.177448178689684	0.016105977237238	0.00106200100566652	27	27	0.0286740271529962
243	242.999141990142	0.181507846228704	0.0163727905931595	0.0010725058417057	27	27	0.028957657726054
243.25	243.249107928674	0.185634536685957	0.0166422324653787	0.00108302913604759	27	27	0.029241786673285
243.5	243.499072740707	0.189828907367961	0.0169143073873304	0.00109357023956583	27	27	0.0295263964682773
243.75	243.749036396683	0.194091616680277	0.0171890197300305	0.00110412850203549	27	27	0.0298114695549582
244	243.998998866488	0.198423324086475	0.0174663737018066	0.00111470327217322	27	27	0.0300969883486769
244.25	244.248960119441	0.202824690067024	0.017746373348038	0.00112529389767738	27	27	0.0303829352372892
244.5	244.49892012429	0.207296376078123	0.0180290225509062	0.0011358997252683	27	27	0.0306692925822441
244.75	244.74887884921	0.211839044510448	0.0183143250291558	0.00114652010072858	27	27	0.0309560427196717
245	244.998836261792	0.216453358647841	0.0186022843378648	0.00115715436894344	27	27	0.0312431679614729
245.25	245.248792329043	0.221139982625939	0.0188929038682254	0.00116780187394112	27	27	0.0315306505964102
245.5	245.498747017376	0.225899581390728	0.0191861868473347	0.00117846195893336	27	27	0.0318184728912006
245.75	245.748700292606	0.230732820657058	0.0194821363379958	0.0011891339663559	27	27	0.0321066170916092
246	245.998652119946	0.235640366867081	0.0197807552385289	0.00119981723790905	27	27	0.0323950654235443
246.25	246.248602463997	0.240622887148651	0.0200820462825924	0.0012105111145983	27	27	0.0326838000941542
246.5	246.498551288751	0.245681049273668	0.020386012039014	0.00122121493677497	27	27	0.0329728032929242
246.75	246.748498557578	0.250815521616369	0.020692654911633	0.00123192804417689	27	27	0.0332620571927759
247	246.998444233222	0.256026973111578	0.0210019771391512	0.00124264977596912	27	27	0.0335515439511661
247.25	247.2483882778	0.261316073212912	0.0213139807949955	0.00125337947078474	27	27	0.033841245711188
247.5	247.498330652793	0.266683491850943	0.0216286677871893	0.00126411646676564	27	27	0.0341311446026724
247.75	247.748271319042	0.272129899391326	0.0219460398582354	0.00127486010160334	27	27	0.0344212227432901
248	247.998210236743	0.277655966592886	0.0222660985850083	0.00128560971257982	27	27	0.0347114622396551
248.25	248.248147365441	0.283262364565675	0.0225888453786568	0.00129636463660844	27	27	0.0350018451884279
248.5	248.498082664027	0.288949764728998	0.0229142814845172	0.00130712421027484	27	27	0.0352923536774206
248.75	248.748016090732	0.294718838769411	0.0232424079820363	0.00131788776987782	27	27	0.0355829697867012
249	248.997947603123	0.300570258598689	0.0235732257847048	0.00132865465147033	27	27	0.0358736755896989
249.25	249.247877158096	0.306504696311778	0.0239067356400012	0.0013394241909004	27	27	0.0361644531543107
249.5	249.497804711874	0.31252282414472	0.0242429381293452	0.0013501957238521	27	27	0.0364552845440066
249.75	249.747730220001	0.318625314432566	0.0245818336680626	0.00136096858588654	27	27	0.0367461518189366
250	249.997653637336	0.324812839567269	0.0249234225053587	0.00137174211248285	27	27	0.037037037037037
250.25	250.247574918054	0.331086071955564	0.025267704724304	0.00138251563907916	27	27	0.0373279222551374
250.5	250.497494015633	0.337445683976844	0.0256146802418281	0.00139328850111361	27	27	0.0376187895300674
250.75	250.747410882858	0.343892347941019	0.0259643488087255	0.00140406003406531	27	27	0.0379096209197633
251	250.997325471812	0.35042673604638	0.0263167100096705	0.00141482957349537	27	27	0.0382003984843751
251.25	251.247237733873	0.357049520337454	0.0266717632632434	0.00142559645508789	27	27	0.0384911042873729
251.5	251.497147619709	0.36376137266286	0.0270295078219658	0.00143636001469087	27	27	0.0387817203966534
251.75	251.747055079274	0.370562964633171	0.0273899427723468	0.00144711958835726	27	27	0.0390722288856461
252	251.996960061809	0.377454967578778	0.0277530670349397	0.00145787451238589	27	27	0.039362611834419
252.25	252.246862515828	0.384438052507766	0.0281188793644082	0.00146862412336237	27	27	0.0396528513307839
252.5	252.496762389124	0.391512890063795	0.0284873783496035	0.00147936775820006	27	27	0.0399429294714017
252.75	252.746659628761	0.398680150484001	0.0288585624136512	0.00149010475418096	27	27	0.040232828362886
253	252.996554181069	0.405940503556911	0.0292324298140484	0.00150083444899659	27	27	0.0405225301229079
253.25	253.246445991644	0.413294618580371	0.0296089786427715	0.00151155618078882	27	27	0.0408120168812981
253.5	253.496335005341	0.420743164319503	0.029988206826394	0.00152226928819073	27	27	0.0411012707811498
253.75	253.746221166273	0.428286808964684	0.0303701121262137	0.0015329731103674	27	27	0.0413902739799199
254	253.996104417808	0.435926220089548	0.0307546921383918	0.00154366698705666	27	27	0.0416790086505298
254.25	254.245984702563	0.44366206460902	0.0311419442941001	0.00155435025860981	27	27	0.0419674569824649
254.5	254.495861962406	0.451495008737383	0.0315318658596803	0.00156502226603235	27	27	0.0422556011828734
254.75	254.745736138445	0.459425717946377	0.0319244539368125	0.00157568235102459	27	27	0.0425434234776638
255	254.995607171035	0.467454856923338	0.0323197054626933	0.00158632985602226	27	27	0.0428309061126011
255.25	255.245474999766	0.475583089529371	0.0327176172102257	0.00159696412423712	27	27	0.0431180313544023
255.5	255.495339563466	0.483811078757576	0.0331181857882176	0.00160758449969741	27	27	0.04340478149183
255.75	255.745200800198	0.492139486691306	0.0335214076415908	0.00161819032728833	27	27	0.0436911388367849
256	255.995058647255	0.500568974462483	0.0339272790516009	0.00162878095279249	27	27	0.0439770857253972
256.25	256.244913041159	0.509100202209964	0.0343357961360662	0.00163935572293022	27	27	0.0442626045191159
256.5	256.494763917659	0.517733829037949	0.0347469548496075	0.00164991398539988	27	27	0.0445476776057967
256.75	256.744611211728	0.526470512974461	0.0351607509838972	0.00166045508891811	27	27	0.0448322874007891
257	256.994454857563	0.535310910929872	0.0355771801679195	0.00167097838326	27	27	0.0451164163480201
257.25	257.24429478858	0.544255678655496	0.0359962378682394	0.00168148321929918	27	27	0.0454000469210779
257.5	257.494130937413	0.553305470702244	0.0364179193892828	0.00169196894904788	27	27	0.0456831616242928
257.75	257.743963235915	0.562460940379343	0.0368422198736259	0.0017024349256969	27	27	0.0459657429938162
258	257.993791615154	0.571722739713133	0.0372691343022949	0.00171288050365549	27	27	0.0462477735986983
258.25	258.243616005411	0.581091519405921	0.0376986574950758	0.00172330503859122	27	27	0.0465292360419628
258.5	258.493436336179	0.590567928794927	0.0381307841108334	0.00173370788746965	27	27	0.0468101129616805
258.75	258.743252536164	0.600152615811289	0.0385655086478413	0.00174408840859407	27	27	0.0470903870320398
259	258.99306453328	0.609846226939164	0.0390028254441212	0.00175444596164503	27	27	0.0473700409644159
259.25	259.242872254652	0.619649407174899	0.0394427286777918	0.00176477990771989	27	27	0.047649057508437
259.5	259.492675626613	0.629562799986297	0.0398852123674283	0.00177508960937216	27	27	0.0479274194530483
259.75	259.742474574702	0.639587047271959	0.0403302703724312	0.00178537443065089	27	27	0.0482051096275739
260	259.992269023666	0.64972278932073	0.0407778963934051	0.00179563373713985	27	27	0.0484821109027758
260.25	260.242058897457	0.659970664771229	0.0412280839725471	0.00180586689599669	27	27	0.0487584061919106
260.5	260.491844119235	0.670331310571472	0.0416808264940457	0.00181607327599197	27	27	0.0490339784517833
260.75	260.741624611364	0.680805361938607	0.0421361171844882	0.00182625224754811	27	27	0.0493088106837989
261	260.991400295413	0.691393452318735	0.042593949113279	0.00183640318277818	27	27	0.0495828859350108
261.25	261.241171092157	0.70209621334684	0.0430543151930669	0.00184652545552468	27	27	0.0498561872991664
261.5	261.490936921578	0.712914274806833	0.0435172081801822	0.00185661844139816	27	27	0.0501286979177503
261.75	261.740697702861	0.723848264591689	0.043982620675084	0.0018666815178157	27	27	0.0504004009810238
262	261.990453354401	0.734898808663712	0.0444505451228158	0.00187671406403934	27	27	0.0506712797290621
262.25	262.240203793795	0.746066531014903	0.0449209738134725	0.00188671546121438	27	27	0.0509413174527883
262.5	262.48994893785	0.757352053627447	0.0453938988826753	0.00189668509240753	27	27	0.0512104974950033
262.75	262.739688702582	0.768755996434327	0.0458693123120569	0.00190662234264498	27	27	0.0514788032514144
263	262.989423003215	0.780278977280047	0.0463472059297563	0.00191652659895032	27	27	0.0517462181716585
263.25	263.239151754182	0.791921611881491	0.0468275714109228	0.00192639725038237	27	27	0.0520127257603239
263.5	263.488874869129	0.803684513788906	0.0473104002782298	0.00193623368807285	27	27	0.052278309577967
263.75	263.738592260913	0.81556829434701	0.0477956839023969	0.00194603530526396	27	27	0.052542953242127
264	263.988303841607	0.827573562656239	0.0482834135027231	0.00195580149734578	27	27	0.052806640428336
264.25	264.238009522499	0.839700925534128	0.048773580147628	0.00196553166189357	27	27	0.0530693548711264
264.5	264.487709214094	0.851950987476826	0.0492661747552028	0.00197522519870496	27	27	0.0533310803650339
264.75	264.737402826115	0.864324350620755	0.0497611880937706	0.00198488150983693	27	27	0.0535918007655971
265	264.987090267511	0.87682161470441	0.0502586107824555	0.00199449999964273	27	27	0.0538514999903536
265.25	265.236771446448	0.889443377030309	0.0507584332917619	0.00200408007480859	27	27	0.0541101620198319
265.5	265.486446270324	0.902190232427082	0.0512606459441618	0.00201362114439036	27	27	0.0543677708985397
265.75	265.736114645762	0.915062773211718	0.0517652389146918	0.00202312261984992	27	27	0.0546243107359479
266	265.985776478617	0.928061589151969	0.0522722022315595	0.00203258391509152	27	27	0.0548797657074709
266.25	266.235431673976	0.941187267428893	0.0527815257767582	0.00204200444649788	27	27	0.0551341200554428
266.5	266.485080136164	0.954440392599579	0.0532931992866912	0.00205138363296627	27	27	0.0553873580900892
266.75	266.734721768747	0.967821546560011	0.053807212352805	0.00206072089594427	27	27	0.0556394641904953
267	266.984356474532	0.98133130850811	0.0543235544222312	0.00207001565946553	27	27	0.0558904228055693
267.25	267.233984155571	0.994970254906936	0.0548422147984376	0.00207926735018525	27	27	0.0561402184550018
267.5	267.483604713169	1.00873895944806	0.0553631826418877	0.00208847539741557	27	27	0.0563888357302203
267.75	267.73321804788	1.0226379930151	0.0558864469707097	0.00209763923316076	27	27	0.0566362592953404
268	267.98282405952	1.03666792364746	0.0564119966613739	0.00210675829215226	27	27	0.056882473888111
268.25	268.232422647161	1.05082931650418	0.0569398204493783	0.00211583201188356	27	27	0.0571274643208562
268.5	268.482013709142	1.06512273382806	0.0574699069299444	0.0021248598326449	27	27	0.0573712154814123
268.75	268.731597143073	1.07954873490986	0.0580022445587197	0.00213384119755775	27	27	0.0576137123340593
269	268.981172845835	1.09410787605277	0.0585368216524906	0.00214277555260923	27	27	0.0578549399204493
269.25	269.230740713588	1.10880071053703	0.0590736263899025	0.00215166234668623	27	27	0.0580948833605283
269.5	269.480300641775	1.12362778858473	0.0596126468121895	0.00216050103160944	27	27	0.0583335278534547
269.75	269.729852525126	1.13858965732479	0.0601538708239116	0.00216929106216712	27	27	0.0585708586785122
270	269.979396257663	1.1536868607582	0.0606972861937011	0.0021780318961488	27	27	0.0588068611960175
270.25	270.228931732706	1.16891993972338	0.061242880555017	0.00218672299437865	27	27	0.0590415208482236
270.5	270.47845884288	1.18428943186177	0.0617906414069079	0.00219536382074881	27	27	0.0592748231602179
270.75	270.727977480114	1.19979587158364	0.0623405561147831	0.0022039538422524	27	27	0.0595067537408148
271	270.977487535654	1.21543979003404	0.0628926119111917	0.00221249252901643	27	27	0.0597372982834436
271.25	271.226988900064	1.23122171505904	0.0634467958966105	0.00222097935433448	27	27	0.0599664425670309
271.5	271.476481463234	1.24714217117212	0.0640030950402397	0.00222941379469918	27	27	0.060194172456878
271.75	271.725965114385	1.26320167952077	0.0645614961808064	0.00223779532983454	27	27	0.0604204739055325
272	271.975439742075	1.27940075785336	0.0651219860273768	0.00224612344272797	27	27	0.0606453329536552
272.25	272.224905234206	1.29573992048612	0.0656845511601755	0.00225439761966225	27	27	0.0608687357308807
272.5	272.474361478032	1.31221967827045	0.0662491780314142	0.00226261735024717	27	27	0.0610906684566735
272.75	272.723808360159	1.32884053856039	0.0668158529661265	0.00227078212745102	27	27	0.0613111174411775
273	272.973245766562	1.34560300518031	0.0673845621630118	0.0022788914476319	27	27	0.0615300690860612
273.25	273.222673582582	1.36250757839284	0.0679552916952869	0.00228694481056872	27	27	0.0617475098853555
273.5	273.472091692939	1.37955475486702	0.0685280275115445	0.00229494171949214	27	27	0.0619634264262879
273.75	273.721499981738	1.39674502764669	0.0691027554366204	0.00230288168111515	27	27	0.062177805390109
274	273.970898332476	1.41407888611909	0.0696794611724678	0.0023107642056635	27	27	0.0623906335529144
274.25	274.220286628046	1.43155681598371	0.0702581302990389	0.00231858880690595	27	27	0.0626018977864606
274.5	274.469664750753	1.44917929922137	0.0708387482751752	0.00232635500218424	27	27	0.0628115850589746
274.75	274.719032582312	1.46694681406354	0.0714213004395036	0.00233406231244287	27	27	0.0630196824359576
275	274.968390003862	1.48485983496188	0.0720057720113413	0.00234171026225864	27	27	0.0632261770809832
275.25	275.217736895974	1.50291883255808	0.0725921480916074	0.00234929837986997	27	27	0.0634310562564891
275.5	275.467073138655	1.52112427365386	0.0731804136637419	0.00235682619720602	27	27	0.0636343073245625
275.75	275.716398611362	1.53947662118129	0.0737705535946321	0.00236429324991557	27	27	0.0638359177477203
276	275.965713193003	1.55797633417328	0.074362552635546	0.00237169907739563	27	27	0.0640358750896819
276.25	276.215016761955	1.57662386773446	0.0749563954230729	0.00237904322281987	27	27	0.0642341670161365
276.5	276.464309196064	1.59541967301213	0.0755520664800712	0.00238632523316682	27	27	0.0644307812955041
276.75	276.713590372659	1.61436419716759	0.0761495502166231	0.00239354465924777	27	27	0.0646257057996897
277	276.962860168559	1.63345788334771	0.0767488309309959	0.00240070105573451	27	27	0.0648189285048318
277.25	277.212118460083	1.65270117065674	0.077349892810611	0.00240779398118681	27	27	0.0650104374920438
277.5	277.461365123059	1.67209449412834	0.0779527199330193	0.0024148229980796	27	27	0.0652002209481493
277.75	277.710600032834	1.69163828469797	0.078557296266883	0.00242178767283002	27	27	0.0653882671664107
278	277.95982306428	1.71133296917545	0.0791636056729648	0.00242868757582413	27	27	0.0655745645472514
278.25	278.20903409181	1.73117897021787	0.0797716319051232	0.00243552228144339	27	27	0.0657591015989716
278.5	278.458232989383	1.75117670630267	0.0803813586113151	0.00244229136809099	27	27	0.0659418669384567
278.75	278.707419630514	1.7713265917011	0.0809927693346036	0.00244899441821776	27	27	0.0661228492918794
279	278.956593888288	1.79162903645188	0.0816058475141744	0.002455631018348	27	27	0.0663020374953959
279.25	279.205755635365	1.81208444633515	0.082220576486356	0.00246220075910495	27	27	0.0664794204958337
279.5	279.454904743994	1.8326932228467	0.0828369394856486	0.00246870323523606	27	27	0.0666549873513737
279.75	279.704041086023	1.85345576317249	0.0834549196457579	0.00247513804563798	27	27	0.0668287272322253
280	279.953164532906	1.87437246016345	0.0840745000006353	0.00248150479338127	27	27	0.0670006294212943
280.25	280.20227495572	1.8954437023105	0.0846956634855248	0.00248780308573496	27	27	0.067170683314844
280.5	280.451372225169	1.91666987371999	0.0853183929380155	0.0024940325341907	27	27	0.067338878423149
280.75	280.700456211602	1.93805135408927	0.0859426710991002	0.00250019275448678	27	27	0.0675052043711429
281	280.949526785017	1.95958851868265	0.08656848061424	0.00250628336663177	27	27	0.0676696508990578
281.25	281.198583815077	1.9812817383076	0.087195804034435	0.00251230399492805	27	27	0.0678322078630572
281.5	281.447627171119	2.00313137929132	0.0878246238173004	0.00251825426799488	27	27	0.0679928652358618
281.75	281.696656722168	2.02513780345744	0.0884549223281486	0.00252413381879142	27	27	0.0681516131073682
282	281.945672336944	2.04730136810321	0.0890866818410775	0.00252994228463925	27	27	0.0683084416852598
282.25	282.194673883877	2.06962242597684	0.089719884540063	0.00253567930724486	27	27	0.0684633412956112
282.5	282.443661231121	2.09210132525521	0.0903545125200588	0.00254134453272166	27	27	0.0686163023834849
282.75	282.692634246558	2.11473840952187	0.0909905477881005	0.00254693761161186	27	27	0.0687673155135203
283	282.941592797818	2.13753401774529	0.0916279722644155	0.00255245819890802	27	27	0.0689163713705164
283.25	283.190536752288	2.16048848425749	0.0922667677835383	0.00255790595407429	27	27	0.0690634607600057
283.5	283.439465977123	2.18360213873295	0.092906916095431	0.00256328054106748	27	27	0.0692085746088219
283.75	283.688380339259	2.20687530616776	0.0935483988666091	0.00256858162835775	27	27	0.0693517039656592
284	283.937279705427	2.23030830685917	0.0941911976812725	0.00257380888894906	27	27	0.0694928400016246
284.25	284.186163942162	2.2539014563854	0.094835294042441	0.00257896200039936	27	27	0.0696319740107827
284.5	284.435032915821	2.27765506558577	0.095480669373096	0.00258404064484046	27	27	0.0697690974106923
284.75	284.683886492589	2.30156944054113	0.0961273050173258	0.00258904450899764	27	27	0.0699042017429364
285	284.932724538498	2.32564488255462	0.0967751822414766	0.00259397328420901	27	27	0.0700372786736432
285.25	285.181546919436	2.34988168813275	0.0974242822353083	0.00259882666644448	27	27	0.0701683199940009
285.5	285.430353501159	2.37428014896674	0.0980745861131544	0.00260360435632458	27	27	0.0702973176207635
285.75	285.67914414931	2.39884055191429	0.0987260749150874	0.00260830605913888	27	27	0.0704242635967498
286	285.927918729424	2.42356317898152	0.0993787296080877	0.00261293148486422	27	27	0.0705491500913341
286.25	286.176677106948	2.44844830730537	0.100032531087219	0.00261748034818255	27	27	0.0706719694009289
286.5	286.42541914725	2.47349620913621	0.100687460176804	0.00262195236849855	27	27	0.0707927139494609
286.75	286.674144715636	2.49870715182087	0.101343497631611	0.00262634726995695	27	27	0.0709113762888375
287	286.92285367736	2.5240813977859	0.102000624138038	0.00263066478145951	27	27	0.0710279490994067
287.25	287.171545897639	2.54961920452122	0.102658820315305	0.00263490463668179	27	27	0.0711424251904084
287.5	287.420221241666	2.57532082456407	0.103318066716652	0.00263906657408956	27	27	0.071254797500418
287.75	287.668879574626	2.6011865054833	0.103978343830532	0.0026431503369549	27	27	0.0713650590977822
288	287.917520761708	2.62721648986396	0.104639632081823	0.00264715567337209	27	27	0.0714732031810463
288.25	288.166144668116	2.65341101529225	0.105301911833029	0.00265108233627311	27	27	0.0715792230793739
288.5	288.414751159088	2.67977031434079	0.105965163385493	0.00265493008344289	27	27	0.071683112252958
288.75	288.663340099908	2.7062946145542	0.106629366980616	0.00265869867753427	27	27	0.0717848642934253
289	288.91191135592	2.73298413843508	0.107294502801068	0.00266238788608261	27	27	0.0718844729242306
289.25	289.160464792539	2.7598391034302	0.107960550972018	0.00266599748152016	27	27	0.0719819320010442
289.5	289.40900027527	2.78685972191717	0.108627491562357	0.00266952724119005	27	27	0.0720772355121313
289.75	289.657517669721	2.81404620119133	0.109295304585925	0.00267297694736009	27	27	0.0721703775787224
290	289.906016841615	2.84139874345302	0.10996397000275	0.00267634638723615	27	27	0.0722613524553761
290.25	290.154497656805	2.86891754579522	0.110633467720276	0.00267963535297531	27	27	0.0723501545303334
290.5	290.402959981291	2.89660280019147	0.111303777594611	0.00268284364169867	27	27	0.0724367783258641
290.75	290.651403681231	2.92445469348413	0.111974879431761	0.00268597105550387	27	27	0.0725212184986044
291	290.899828622958	2.95247340737304	0.112646752988884	0.00268901740147729	27	27	0.0726034698398868
291.25	291.148234672992	2.98065911840447	0.113319377975532	0.00269198249170596	27	27	0.072683527276061
291.5	291.396621698058	3.00901199796042	0.113992734054906	0.00269486614328916	27	27	0.0727613858688073
291.75	291.644989565096	3.03753221224824	0.114666800845111	0.00269766817834967	27	27	0.072837040815441
292	291.89333814128	3.06621992229067	0.11534155792041	0.00270038842404476	27	27	0.0729104874492086
292.25	292.14166729403	3.0950752839161	0.116016984812488	0.00270302671257688	27	27	0.0729817212395756
292.5	292.389976891027	3.1240984477493	0.11669306101171	0.00270558288120395	27	27	0.0730507377925065
292.75	292.63826680023	3.15328955920241	0.117369765968392	0.00270805677224945	27	27	0.0731175328507352
293	292.886536889888	3.1826487584663	0.118047079094062	0.00271044823311214	27	27	0.0731821022940277
293.25	293.134787028554	3.21217618050227	0.118724979762736	0.00271275711627543	27	27	0.0732444421394367
293.5	293.383017085105	3.24187195503413	0.119403447312185	0.00271498327931655	27	27	0.0733045485415469
293.75	293.631226928749	3.27173620654055	0.120082461045214	0.00271712658491527	27	27	0.0733624177927122
294	293.879416429048	3.30176905424785	0.120762000230936	0.0027191869008624	27	27	0.0734180463232848
294.25	294.127585455927	3.33197061212306	0.121442044106052	0.00272116410006795	27	27	0.0734714307018347
294.5	294.37573387969	3.36234098886737	0.122122571876132	0.00272305806056896	27	27	0.073522567635362
294.75	294.623861571039	3.39288028790992	0.122803562716895	0.00272486866553703	27	27	0.0735714539694998
295	294.871968401082	3.42358860740191	0.123484995775498	0.00272659580328551	27	27	0.0736180866887088
295.25	295.120054241353	3.45446604021111	0.124166850171818	0.00272823936727641	27	27	0.0736624629164631
295.5	295.368118963826	3.48551267391669	0.124849104999744	0.00272979925612696	27	27	0.0737045799154281
295.75	295.616162440928	3.51672859080436	0.125531739328461	0.00273127537361588	27	27	0.0737444350876287
296	295.864184545556	3.54811386786196	0.12621473220375	0.00273266762868927	27	27	0.0737820259746103
296.25	296.11218515109	3.57966857677529	0.126898062649269	0.00273397593546629	27	27	0.0738173502575899
296.5	296.360164131411	3.61139278392435	0.127581709667858	0.00273520021324442	27	27	0.0738504057575992
296.75	296.608121360911	3.64328655037992	0.128265652242826	0.00273634038650443	27	27	0.0738811904356195
297	296.856056714512	3.67534993190049	0.128949869339254	0.00273739638491506	27	27	0.0739097023927067
297.25	297.10397006768	3.70758297892953	0.129634339905285	0.00273836814333737	27	27	0.0739359398701089
297.5	297.35186129644	3.73998573659312	0.130319042873431	0.00273925560182871	27	27	0.0739599012493751
297.75	297.599730277387	3.77255824469793	0.131003957161866	0.00274005870564646	27	27	0.0739815850524544
298	297.847576887707	3.80530053772954	0.131689061675728	0.0027407774052514	27	27	0.0740009899417878
298.25	298.095401005187	3.83821264485111	0.132374335308423	0.00274141165631075	27	27	0.0740181147203903
298.5	298.343202508232	3.87129458990242	0.133059756942925	0.00274196141970092	27	27	0.0740329583319248
298.75	298.59098127588	3.90454639139922	0.133745305453076	0.00274242666150991	27	27	0.0740455198607675
299	298.838737187815	3.93796806253301	0.134430959704895	0.00274280735303941	27	27	0.0740557985320641
299.25	299.086470124382	3.97155961117103	0.135116698557875	0.00274310347080658	27	27	0.0740637937117778
299.5	299.334179966603	4.00532103985677	0.135802500866294	0.00274331499654549	27	27	0.0740695049067282
299.75	299.58186659619	4.03925234581068	0.136488345480514	0.00274344191720822	27	27	0.0740729317646218
300	299.829529895561	4.07335352093131	0.137174211248285	0.00274348422496571	27	27	0.0740740740740741
300.25	300.077169747763	4.10762455245162	0.137860082304527	0.00274348422496571	27	27	0.0740740740740741
300.5	300.324786036211	4.14206542490474	0.138545953360768	0.00274348422496571	27	27	0.0740740740740741
300.75	300.572378644421	4.17667612208902	0.13923182441701	0.00274348422496571	27	27	0.0740740740740741
301	300.819947455922	4.21145662772293	0.139917695473251	0.00274348422496571	27	27	0.0740740740740741
301.25	301.067492354252	4.24640692544505	0.140603566529492	0.00274348422496571	27	27	0.0740740740740741
301.5	301.315013222961	4.28152699881411	0.141289437585734	0.00274348422496571	27	27	0.0740740740740741
301.75	301.562509945611	4.31681683130894	0.141975308641975	0.00274348422496571	27	27	0.0740740740740741
302	301.809982405775	4.35227640632854	0.142661179698217	0.00274348422496571	27	27	0.0740740740740741
302.25	302.057430487036	4.38790570719204	0.143347050754458	0.00274348422496571	27	27	0.0740740740740741
302.5	302.304854072991	4.42370471713875	0.1440329218107	0.00274348422496571	27	27	0.0740740740740741
302.75	302.552253047247	4.45967341932812	0.144718792866941	0.00274348422496571	27	27	0.0740740740740741
303	302.799627293422	4.49581179683978	0.145404663923182	0.00274348422496571	27	27	0.0740740740740741
303.25	303.046976695148	4.53211983267357	0.146090534979424	0.00274348422496571	27	27	0.0740740740740741
303.5	303.294301136065	4.56859750974948	0.146776406035665	0.00274348422496571	27	27	0.0740740740740741
303.75	303.541600499829	4.60524481090772	0.147462277091907	0.00274348422496571	27	27	0.0740740740740741
304	303.788874670104	4.6420617189087	0.148148148148148	0.00274348422496571	27	27	0.0740740740740741
304.25	304.036123530568	4.67904821643304	0.14883401920439	0.00274348422496571	27	27	0.0740740740740741
304.5	304.283346964911	4.71620428608159	0.149519890260631	0.00274348422496571	27	27	0.0740740740740741
304.75	304.530544856834	4.75352991037542	0.150205761316872	0.00274348422496571	27	27	0.0740740740740741
305	304.77771709005	4.79102507175585	0.150891632373114	0.00274348422496571	27	27	0.0740740740740741
305.25	305.024863548285	4.82868975258444	0.151577503429355	0.00274348422496571	27	27	0.0740740740740741
305.5	305.271984115276	4.86652393514301	0.152263374485597	0.00274348422496571	27	27	0.0740740740740741
305.75	305.519078674774	4.90452760163362	0.152949245541838	0.00274348422496571	27	27	0.0740740740740741
306	305.766147110539	4.94270073417864	0.15363511659808	0.00274348422496571	27	27	0.0740740740740741
306.25	306.013189306347	4.98104331482068	0.154320987654321	0.00274348422496571	27	27	0.0740740740740741
306.5	306.260205145985	5.01955532552268	0.155006858710563	0.00274348422496571	27	27	0.0740740740740741
306.75	306.50719451325	5.05823674816784	0.155692729766804	0.00274348422496571	27	27	0.0740740740740741
307	306.754157291955	5.09708756455969	0.156378600823045	0.00274348422496571	27	27	0.0740740740740741
307.25	307.001093365924	5.13610775642206	0.157064471879287	0.00274348422496571	27	27	0.0740740740740741
307.5	307.248002618992	5.1752973053991	0.157750342935528	0.00274348422496571	27	27	0.0740740740740741
307.75	307.49488493501	5.21465619305531	0.15843621399177	0.00274348422496571	27	27	0.0740740740740741
308	307.74174019784	5.25418440087551	0.159122085048011	0.00274348422496571	27	27	0.0740740740740741
308.25	307.988568291355	5.29388191026488	0.159807956104253	0.00274348422496571	27	27	0.0740740740740741
308.5	308.235369099443	5.33374870254895	0.160493827160494	0.00274348422496571	27	27	0.0740740740740741
308.75	308.482142506004	5.37378475897363	0.161179698216735	0.00274348422496571	27	27	0.0740740740740741
309	308.728888394952	5.41399006070518	0.161865569272977	0.00274348422496571	27	27	0.0740740740740741
309.25	308.975606650213	5.45436458883027	0.162551440329218	0.00274348422496571	27	27	0.0740740740740741
309.5	309.222297155724	5.49490832435595	0.16323731138546	0.00274348422496571	27	27	0.0740740740740741
309.75	309.46895979544	5.53562124820967	0.163923182441701	0.00274348422496571	27	27	0.0740740740740741
310	309.715594453324	5.57650334123929	0.164609053497943	0.00274348422496571	27	27	0.0740740740740741
310.25	309.962201013355	5.6175545842131	0.165294924554184	0.00274348422496571	27	27	0.0740740740740741
310.5	310.208779359524	5.65877495781981	0.165980795610425	0.00274348422496571	27	27	0.0740740740740741
310.75	310.455329375837	5.70016444266857	0.166666666666667	0.00274348422496571	27	27	0.0740740740740741
311	310.701850946312	5.74172301928898	0.167352537722908	0.00274348422496571	27	27	0.0740740740740741
311.25	310.94834395498	5.78345066813108	0.16803840877915	0.00274348422496571	27	27	0.0740740740740741
311.5	311.194808285886	5.82534736956539	0.168724279835391	0.00274348422496571	27	27	0.0740740740740741
311.75	311.441243823088	5.86741310388292	0.169410150891633	0.00274348422496571	27	27	0.0740740740740741
312	311.687650450659	5.90964785129512	0.170096021947874	0.00274348422496571	27	27	0.0740740740740741
312.25	311.934028052685	5.95205159193398	0.170781893004115	0.00274348422496571	27	27	0.0740740740740741
312.5	312.180376513264	5.99462430585196	0.171467764060357	0.00274348422496571	27	27	0.0740740740740741
312.75	312.42669571651	6.03736597302204	0.172153635116598	0.00274348422496571	27	27	0.0740740740740741
313	312.672985546548	6.08027657333774	0.17283950617284	0.00274348422496571	27	27	0.0740740740740741
313.25	312.919245887521	6.12335608661307	0.173525377229081	0.00274348422496571	27	27	0.0740740740740741
313.5	313.165476623582	6.16660449258262	0.174211248285323	0.00274348422496571	27	27	0.0740740740740741
313.75	313.411677638899	6.21002177090152	0.174897119341564	0.00274348422496571	27	27	0.0740740740740741
314	313.657848817656	6.25360790114544	0.175582990397806	0.00274348422496571	27	27	0.0740740740740741
314.25	313.903990044048	6.29736286281064	0.176268861454047	0.00274348422496571	27	27	0.0740740740740741
314.5	314.150101202285	6.34128663531396	0.176954732510288	0.00274348422496571	27	27	0.0740740740740741
314.75	314.396182176593	6.38537919799279	0.17764060356653	0.00274348422496571	27	27	0.0740740740740741
315	314.642232851211	6.42964053010518	0.178326474622771	0.00274348422496571	27	27	0.0740740740740741
315.25	314.88825311039	6.47407061082973	0.179012345679013	0.00274348422496571	27	27	0.0740740740740741
315.5	315.1342428384	6.5186694192657	0.179698216735254	0.00274348422496571	27	27	0.0740740740740741
315.75	315.38020191952	6.56343693443294	0.180384087791496	0.00274348422496571	27	27	0.0740740740740741
316	315.626130238049	6.60837313527198	0.181069958847737	0.00274348422496571	27	27	0.0740740740740741
316.25	315.872027678295	6.65347800064395	0.181755829903978	0.00274348422496571	27	27	0.0740740740740741
316.5	316.117894124585	6.69875150933068	0.18244170096022	0.00274348422496571	27	27	0.0740740740740741
316.75	316.363729461258	6.74419364003463	0.183127572016461	0.00274348422496571	27	27	0.0740740740740741
317	316.609533572668	6.78980437137897	0.183813443072703	0.00274348422496571	27	27	0.0740740740740741
317.25	316.855306343185	6.83558368190753	0.184499314128944	0.00274348422496571	27	27	0.0740740740740741
317.5	317.101047657192	6.88153155008485	0.185185185185186	0.00274348422496571	27	27	0.0740740740740741
317.75	317.346757399088	6.92764795429618	0.185871056241427	0.00274348422496571	27	27	0.0740740740740741
318	317.592435453287	6.97393287284748	0.186556927297668	0.00274348422496571	27	27	0.0740740740740741
318.25	317.838081704216	7.02038628396545	0.18724279835391	0.00274348422496571	27	27	0.0740740740740741
318.5	318.083696036319	7.06700816579751	0.187928669410151	0.00274348422496571	27	27	0.0740740740740741
318.75	318.329278334054	7.11379849641183	0.188614540466393	0.00274348422496571	27	27	0.0740740740740741
319	318.574828481895	7.16075725379736	0.189300411522634	0.00274348422496571	27	27	0.0740740740740741
319.25	318.820346364331	7.2078844158638	0.189986282578876	0.00274348422496571	27	27	0.0740740740740741
319.5	319.065831865864	7.25517996044163	0.190672153635117	0.00274348422496571	27	27	0.0740740740740741
319.75	319.311284871014	7.30264386528212	0.191358024691358	0.00274348422496571	27	27	0.0740740740740741
320	319.556705264316	7.35027610805735	0.1920438957476	0.00274348422496571	27	27	0.0740740740740741
320.25	319.802092930318	7.3980766663602	0.192729766803841	0.00274348422496571	27	27	0.0740740740740741
320.5	320.047447753585	7.44604551770438	0.193415637860083	0.00274348422496571	27	27	0.0740740740740741
320.75	320.292769618699	7.49418263952442	0.194101508916324	0.00274348422496571	27	27	0.0740740740740741
321	320.538058410255	7.54248800917571	0.194787379972566	0.00274348422496571	27	27	0.0740740740740741
321.25	320.783314012864	7.59096160393446	0.195473251028807	0.00274348422496571	27	27	0.0740740740740741
321.5	321.028536311154	7.63960340099779	0.196159122085048	0.00274348422496571	27	27	0.0740740740740741
321.75	321.273725189767	7.68841337748366	0.19684499314129	0.00274348422496571	27	27	0.0740740740740741
322	321.518880533361	7.73739151043092	0.197530864197531	0.00274348422496571	27	27	0.0740740740740741
322.25	321.764002226612	7.78653777679933	0.198216735253773	0.00274348422496571	27	27	0.0740740740740741
322.5	322.009090154208	7.83585215346955	0.198902606310014	0.00274348422496571	27	27	0.0740740740740741
322.75	322.254144200857	7.88533461724314	0.199588477366256	0.00274348422496571	27	27	0.0740740740740741
323	322.49916425128	7.93498514484263	0.200274348422497	0.00274348422496571	27	27	0.0740740740740741
323.25	322.744150190214	7.98480371291144	0.200960219478739	0.00274348422496571	27	27	0.0740740740740741
323.5	322.989101902414	8.03479029801398	0.20164609053498	0.00274348422496571	27	27	0.0740740740740741
323.75	323.23401927265	8.0849448766356	0.202331961591221	0.00274348422496571	27	27	0.0740740740740741
324	323.478902185708	8.13526742518262	0.203017832647463	0.00274348422496571	27	27	0.0740740740740741
324.25	323.723750526391	8.18575791998238	0.203703703703704	0.00274348422496571	27	27	0.0740740740740741
324.5	323.968564179516	8.23641633728316	0.204389574759946	0.00274348422496571	27	27	0.0740740740740741
324.75	324.213343029919	8.28724265325428	0.205075445816187	0.00274348422496571	27	27	0.0740740740740741
325	324.458086962452	8.33823684398608	0.205761316872429	0.00274348422496571	27	27	0.0740740740740741
325.25	324.702795861982	8.38939888548991	0.20644718792867	0.00274348422496571	27	27	0.0740740740740741
325.5	324.947469613393	8.44072875369817	0.207133058984911	0.00274348422496571	27	27	0.0740740740740741
325.75	325.192108101587	8.49222642446432	0.207818930041153	0.00274348422496571	27	27	0.0740740740740741
326	325.43671121148	8.54389187356287	0.208504801097394	0.00274348422496571	27	27	0.0740740740740741
326.25	325.681278828007	8.59572507668939	0.209190672153636	0.00274348422496571	27	27	0.0740740740740741
326.5	325.925810836118	8.64772600946057	0.209876543209877	0.00274348422496571	27	27	0.0740740740740741
326.75	326.170307120782	8.69989464741417	0.210562414266119	0.00274348422496571	27	27	0.0740740740740741
327	326.414767566981	8.75223096600907	0.21124828532236	0.00274348422496571	27	27	0.0740740740740741
327.25	326.659192059717	8.80473494062527	0.211934156378601	0.00274348422496571	27	27	0.0740740740740741
327.5	326.903580484009	8.8574065465639	0.212620027434843	0.00274348422496571	27	27	0.0740740740740741
327.75	327.147932724891	8.91024575904722	0.213305898491084	0.00274348422496571	27	27	0.0740740740740741
328	327.392248667416	8.96325255321866	0.213991769547326	0.00274348422496571	27	27	0.0740740740740741
328.25	327.636528196652	9.01642690414281	0.214677640603567	0.00274348422496571	27	27	0.0740740740740741
328.5	327.880771197686	9.06976878680545	0.215363511659809	0.00274348422496571	27	27	0.0740740740740741
328.75	328.124977555621	9.12327817611354	0.21604938271605	0.00274348422496571	27	27	0.0740740740740741
329	328.369147155578	9.17695504689523	0.216735253772291	0.00274348422496571	27	27	0.0740740740740741
329.25	328.613279882694	9.2307993738999	0.217421124828533	0.00274348422496571	27	27	0.0740740740740741
329.5	328.857375622126	9.28481113179816	0.218106995884774	0.00274348422496571	27	27	0.0740740740740741
329.75	329.101434259046	9.33899029518184	0.218792866941016	0.00274348422496571	27	27	0.0740740740740741
330	329.345455678643	9.39333683856403	0.219478737997257	0.00274348422496571	27	27	0.0740740740740741
330.25	329.589439766126	9.44785073637907	0.220164609053499	0.00274348422496571	27	27	0.0740740740740741
330.5	329.83338640672	9.50253196298259	0.22085048010974	0.00274348422496571	27	27	0.0740740740740741
330.75	330.077295485668	9.5573804926515	0.221536351165981	0.00274348422496571	27	27	0.0740740740740741
331	330.32116688823	9.612396299584	0.222222222222223	0.00274348422496571	27	27	0.0740740740740741
331.25	330.565000499685	9.6675793578996	0.222908093278464	0.00274348422496571	27	27	0.0740740740740741
331.5	330.808796205328	9.72292964163915	0.223593964334706	0.00274348422496571	27	27	0.0740740740740741
331.75	331.052553890473	9.77844712476481	0.224279835390947	0.00274348422496571	27	27	0.0740740740740741
332	331.296273440452	9.8341317811601	0.224965706447189	0.00274348422496571	27	27	0.0740740740740741
332.25	331.539954740615	9.88998358462988	0.22565157750343	0.00274348422496571	27	27	0.0740740740740741
332.5	331.78359767633	9.94600250890042	0.226337448559672	0.00274348422496571	27	27	0.0740740740740741
332.75	332.027202132982	10.0021885276193	0.227023319615913	0.00274348422496571	27	27	0.0740740740740741
333	332.270767995974	10.0585416143556	0.227709190672154	0.00274348422496571	27	27	0.0740740740740741
333.25	332.514295150729	10.1150617425998	0.228395061728396	0.00274348422496571	27	27	0.0740740740740741
333.5	332.757783482688	10.1717488857636	0.229080932784637	0.00274348422496571	27	27	0.0740740740740741
333.75	333.001232877308	10.2286030171804	0.229766803840879	0.00274348422496571	27	27	0.0740740740740741
334	333.244643220066	10.2856241101049	0.23045267489712	0.00274348422496571	27	27	0.0740740740740741
334.25	333.488014396458	10.3428121377134	0.231138545953362	0.00274348422496571	27	27	0.0740740740740741
334.5	333.731346291996	10.4001670731033	0.231824417009603	0.00274348422496571	27	27	0.0740740740740741
334.75	333.974638792214	10.457688889294	0.232510288065844	0.00274348422496571	27	27	0.0740740740740741
335	334.217891782661	10.515377559226	0.233196159122086	0.00274348422496571	27	27	0.0740740740740741
335.25	334.461105148907	10.5732330557614	0.233882030178327	0.00274348422496571	27	27	0.0740740740740741
335.5	334.704278776539	10.6312553516841	0.234567901234569	0.00274348422496571	27	27	0.0740740740740741
335.75	334.947412551165	10.6894444196991	0.23525377229081	0.00274348422496571	27	27	0.0740740740740741
336	335.190506358408	10.7478002324332	0.235939643347052	0.00274348422496571	27	27	0.0740740740740741
336.25	335.433560083914	10.8063227624347	0.236625514403293	0.00274348422496571	27	27	0.0740740740740741
336.5	335.676573613345	10.8650119821735	0.237311385459534	0.00274348422496571	27	27	0.0740740740740741
336.75	335.919546832382	10.9238678640411	0.237997256515776	0.00274348422496571	27	27	0.0740740740740741
337	336.162479626728	10.9828903803506	0.238683127572017	0.00274348422496571	27	27	0.0740740740740741
337.25	336.405371882101	11.0420795033366	0.239368998628259	0.00274348422496571	27	27	0.0740740740740741
337.5	336.64822348424	11.1014352051554	0.2400548696845	0.00274348422496571	27	27	0.0740740740740741
337.75	336.891034318904	11.160957457885	0.240740740740742	0.00274348422496571	27	27	0.0740740740740741
338	337.133804271868	11.220646233525	0.241426611796983	0.00274348422496571	27	27	0.0740740740740741
338.25	337.376533228931	11.2805015039967	0.242112482853224	0.00274348422496571	27	27	0.0740740740740741
338.5	337.619221075907	11.3405232411429	0.242798353909466	0.00274348422496571	27	27	0.0740740740740741
338.75	337.861867698632	11.4007114167283	0.243484224965707	0.00274348422496571	27	27	0.0740740740740741
339	338.10447298296	11.4610660024392	0.244170096021949	0.00274348422496571	27	27	0.0740740740740741
339.25	338.347036814764	11.5215869698838	0.24485596707819	0.00274348422496571	27	27	0.0740740740740741
339.5	338.589559079938	11.5822742905917	0.245541838134432	0.00274348422496571	27	27	0.0740740740740741
339.75	338.832039664396	11.6431279360145	0.246227709190673	0.00274348422496571	27	27	0.0740740740740741
340	339.074478454068	11.7041478775255	0.246913580246915	0.00274348422496571	27	27	0.0740740740740741
340.25	339.316875334909	11.7653340864198	0.247599451303156	0.00274348422496571	27	27	0.0740740740740741
340.5	339.559230192889	11.8266865339141	0.248285322359397	0.00274348422496571	27	27	0.0740740740740741
340.75	339.801542914	11.8882051911471	0.248971193415639	0.00274348422496571	27	27	0.0740740740740741
341	340.043813384253	11.9498900291793	0.24965706447188	0.00274348422496571	27	27	0.0740740740740741
341.25	340.286041489681	12.0117410189929	0.250342935528122	0.00274348422496571	27	27	0.0740740740740741
341.5	340.528227116334	12.0737581314921	0.251028806584363	0.00274348422496571	27	27	0.0740740740740741
341.75	340.770370150283	12.1359413375028	0.251714677640604	0.00274348422496571	27	27	0.0740740740740741
342	341.012470477621	12.1982906077729	0.252400548696846	0.00274348422496571	27	27	0.0740740740740741
342.25	341.254527984457	12.260805912972	0.253086419753087	0.00274348422496571	27	27	0.0740740740740741
342.5	341.496542556924	12.3234872236918	0.253772290809329	0.00274348422496571	27	27	0.0740740740740741
342.75	341.738514081174	12.3863345104458	0.25445816186557	0.00274348422496571	27	27	0.0740740740740741
343	341.980442443378	12.4493477436694	0.255144032921811	0.00274348422496571	27	27	0.0740740740740741
343.25	342.222327529728	12.51252689372	0.255829903978053	0.00274348422496571	27	27	0.0740740740740741
343.5	342.464169226438	12.5758719308769	0.256515775034294	0.00274348422496571	27	27	0.0740740740740741
343.75	342.705967419741	12.6393828253414	0.257201646090536	0.00274348422496571	27	27	0.0740740740740741
344	342.947721995889	12.7030595472368	0.257887517146777	0.00274348422496571	27	27	0.0740740740740741
344.25	343.189432841157	12.7669020666083	0.258573388203019	0.00274348422496571	27	27	0.0740740740740741
344.5	343.43109984184	12.8309103534232	0.25925925925926	0.00274348422496571	27	27	0.0740740740740741
344.75	343.672722884253	12.8950843775707	0.259945130315501	0.00274348422496571	27	27	0.0740740740740741
345	343.914301854731	12.9594241088623	0.260631001371743	0.00274348422496571	27	27	0.0740740740740741
345.25	344.155836639632	13.0239295170311	0.261316872427984	0.00274348422496571	27	27	0.0740740740740741
345.5	344.397327125332	13.0886005717328	0.262002743484226	0.00274348422496571	27	27	0.0740740740740741
345.75	344.63877319823	13.1534372425446	0.262688614540467	0.00274348422496571	27	27	0.0740740740740741
346	344.880174744746	13.2184394989664	0.263374485596708	0.00274348422496571	27	27	0.0740740740740741
346.25	345.121531651319	13.2836073104197	0.26406035665295	0.00274348422496571	27	27	0.0740740740740741
346.5	345.36284380441	13.3489406462484	0.264746227709191	0.00274348422496571	27	27	0.0740740740740741
346.75	345.604111090502	13.4144394757184	0.265432098765433	0.00274348422496571	27	27	0.0740740740740741
347	345.845333396097	13.4801037680178	0.266117969821674	0.00274348422496571	27	27	0.0740740740740741
347.25	346.086510607721	13.5459334922569	0.266803840877915	0.00274348422496571	27	27	0.0740740740740741
347.5	346.327642611918	13.6119286174681	0.267489711934157	0.00274348422496571	27	27	0.0740740740740741
347.75	346.568729295257	13.6780891126061	0.268175582990398	0.00274348422496571	27	27	0.0740740740740741
348	346.809770544324	13.7444149465477	0.26886145404664	0.00274348422496571	27	27	0.0740740740740741
348.25	347.05076624573	13.810906088092	0.269547325102881	0.00274348422496571	27	27	0.0740740740740741
348.5	347.291716286106	13.8775625059602	0.270233196159122	0.00274348422496571	27	27	0.0740740740740741
348.75	347.532620552103	13.944384168796	0.270919067215364	0.00274348422496571	27	27	0.0740740740740741
349	347.773478930397	14.0113710451651	0.271604938271605	0.00274348422496571	27	27	0.0740740740740741
349.25	348.014291307683	14.0785231035556	0.272290809327847	0.00274348422496571	27	27	0.0740740740740741
349.5	348.255057570677	14.1458403123779	0.272976680384088	0.00274348422496571	27	27	0.0740740740740741
349.75	348.49577760612	14.2133226399647	0.273662551440329	0.00274348422496571	27	27	0.0740740740740741
350	348.736451300771	14.280970054571	0.274348422496571	0.00274348422496571	27	27	0.0740740740740741
350.25	348.977078541413	14.3487825243743	0.275034293552812	0.00274348422496571	27	27	0.0740740740740741
350.5	349.217659214851	14.4167600174741	0.275720164609054	0.00274348422496571	27	27	0.0740740740740741
350.75	349.458193207911	14.4849025018927	0.276406035665295	0.00274348422496571	27	27	0.0740740740740741
351	349.698680407441	14.5532099455745	0.277091906721536	0.00274348422496571	27	27	0.0740740740740741
351.25	349.939120700311	14.6216823163863	0.277777777777778	0.00274348422496571	27	27	0.0740740740740741
351.5	350.179513973413	14.6903195821174	0.278463648834019	0.00274348422496571	27	27	0.0740740740740741
351.75	350.419860113663	14.7591217104797	0.279149519890261	0.00274348422496571	27	27	0.0740740740740741
352	350.660159007996	14.8280886691072	0.279835390946502	0.00274348422496571	27	27	0.0740740740740741
352.25	350.900410543371	14.8972204255565	0.280521262002743	0.00274348422496571	27	27	0.0740740740740741
352.5	351.14061460677	14.9665169473068	0.281207133058985	0.00274348422496571	27	27	0.0740740740740741
352.75	351.380771085196	15.0359782017596	0.281893004115226	0.00274348422496571	27	27	0.0740740740740741
353	351.620879865674	15.1056041562392	0.282578875171468	0.00274348422496571	27	27	0.0740740740740741
353.25	351.860940835253	15.1753947779919	0.283264746227709	0.00274348422496571	27	27	0.0740740740740741
353.5	352.100953881004	15.2453500341872	0.28395061728395	0.00274348422496571	27	27	0.0740740740740741
353.75	352.34091889002	15.3154698919165	0.284636488340192	0.00274348422496571	27	27	0.0740740740740741
354	352.580835749417	15.3857543181944	0.285322359396433	0.00274348422496571	27	27	0.0740740740740741
354.25	352.820704346333	15.4562032799575	0.286008230452675	0.00274348422496571	27	27	0.0740740740740741
354.5	353.06052456793	15.5268167440653	0.286694101508916	0.00274348422496571	27	27	0.0740740740740741
354.75	353.300296301391	15.5975946773	0.287379972565158	0.00274348422496571	27	27	0.0740740740740741
355	353.540019433924	15.6685370463663	0.288065843621399	0.00274348422496571	27	27	0.0740740740740741
355.25	353.779693852758	15.7396438178914	0.28875171467764	0.00274348422496571	27	27	0.0740740740740741
355.5	354.019319445145	15.8109149584255	0.289437585733882	0.00274348422496571	27	27	0.0740740740740741
355.75	354.258896098361	15.8823504344412	0.290123456790123	0.00274348422496571	27	27	0.0740740740740741
356	354.498423699706	15.9539502123339	0.290809327846365	0.00274348422496571	27	27	0.0740740740740741
356.25	354.737902136499	16.0257142584217	0.291495198902606	0.00274348422496571	27	27	0.0740740740740741
356.5	354.977331296087	16.0976425389454	0.292181069958847	0.00274348422496571	27	27	0.0740740740740741
356.75	355.216711065837	16.1697350200686	0.292866941015089	0.00274348422496571	27	27	0.0740740740740741
357	355.45604133314	16.2419916678776	0.29355281207133	0.00274348422496571	27	27	0.0740740740740741
357.25	355.695321985411	16.3144124483815	0.294238683127572	0.00274348422496571	27	27	0.0740740740740741
357.5	355.934552910087	16.3869973275122	0.294924554183813	0.00274348422496571	27	27	0.0740740740740741
357.75	356.173733994631	16.4597462711244	0.295610425240054	0.00274348422496571	27	27	0.0740740740740741
358	356.412865126525	16.5326592449955	0.296296296296296	0.00274348422496571	27	27	0.0740740740740741
358.25	356.65194619328	16.605736214826	0.296982167352537	0.00274348422496571	27	27	0.0740740740740741
358.5	356.890977082425	16.678977146239	0.297668038408779	0.00274348422496571	27	27	0.0740740740740741
358.75	357.129957681518	16.7523820047806	0.29835390946502	0.00274348422496571	27	27	0.0740740740740741
359	357.368887878135	16.8259507559198	0.299039780521261	0.00274348422496571	27	27	0.0740740740740741
359.25	357.607767559882	16.8996833650483	0.299725651577503	0.00274348422496571	27	27	0.0740740740740741
359.5	357.846596614382	16.973579797481	0.300411522633744	0.00274348422496571	27	27	0.0740740740740741
359.75	358.085374929288	17.0476400184556	0.301097393689986	0.00274348422496571	27	27	0.0740740740740741
360	358.324102392273	17.1218639931328	0.301783264746227	0.00274348422496571	27	27	0.0740740740740741
360.25	358.562778891035	17.1962516865961	0.302469135802468	0.00274348422496571	27	27	0.0740740740740741
360.5	358.801404313296	17.2708030638522	0.30315500685871	0.00274348422496571	27	27	0.0740740740740741
360.75	359.039978546802	17.3455180898306	0.303840877914951	0.00274348422496571	27	27	0.0740740740740741
361	359.278501479323	17.4203967293841	0.304526748971193	0.00274348422496571	27	27	0.0740740740740741
361.25	359.516972998654	17.4954389472883	0.305212620027434	0.00274348422496571	27	27	0.0740740740740741
361.5	359.755392992613	17.5706447082418	0.305898491083675	0.00274348422496571	27	27	0.0740740740740741
361.75	359.993761349043	17.6460139768665	0.306584362139917	0.00274348422496571	27	27	0.0740740740740741
362	360.23207795581	17.7215467177072	0.307270233196158	0.00274348422496571	27	27	0.0740740740740741
362.25	360.470342700806	17.7972428952318	0.3079561042524	0.00274348422496571	27	27	0.0740740740740741
362.5	360.708555471947	17.8731024738315	0.308641975308641	0.00274348422496571	27	27	0.0740740740740741
362.75	360.946716157173	17.9491254178205	0.309327846364882	0.00274348422496571	27	27	0.0740740740740741
363	361.184824644449	18.025311691436	0.310013717421124	0.00274348422496571	27	27	0.0740740740740741
363.25	361.422880821763	18.1016612588387	0.310699588477365	0.00274348422496571	27	27	0.0740740740740741
363.5	361.660884577129	18.1781740841122	0.311385459533607	0.00274348422496571	27	27	0.0740740740740741
363.75	361.898835798587	18.2548501312634	0.312071330589848	0.00274348422496571	27	27	0.0740740740740741
364	362.136734374199	18.3316893642225	0.312757201646089	0.00274348422496571	27	27	0.0740740740740741
364.25	362.374580192054	18.4086917468428	0.313443072702331	0.00274348422496571	27	27	0.0740740740740741
364.5	362.612373140263	18.485857242901	0.314128943758572	0.00274348422496571	27	27	0.0740740740740741
364.75	362.850113106965	18.5631858160968	0.314814814814814	0.00274348422496571	27	27	0.0740740740740741
365	363.087799980322	18.6406774300536	0.315500685871055	0.00274348422496571	27	27	0.0740740740740741
365.25	363.325433648523	18.7183320483176	0.316186556927297	0.00274348422496571	27	27	0.0740740740740741
365.5	363.563013999778	18.7961496343588	0.316872427983538	0.00274348422496571	27	27	0.0740740740740741
365.75	363.800540922327	18.8741301515702	0.317558299039779	0.00274348422496571	27	27	0.0740740740740741
366	364.038014304431	18.9522735632684	0.318244170096021	0.00274348422496571	27	27	0.0740740740740741
366.25	364.27543403438	19.0305798326931	0.318930041152262	0.00274348422496571	27	27	0.0740740740740741
366.5	364.512800000485	19.1090489230076	0.319615912208504	0.00274348422496571	27	27	0.0740740740740741
366.75	364.750112091087	19.1876807972985	0.320301783264745	0.00274348422496571	27	27	0.0740740740740741
367	364.987370194547	19.266475418576	0.320987654320986	0.00274348422496571	27	27	0.0740740740740741
367.25	365.224574199257	19.3454327497735	0.321673525377228	0.00274348422496571	27	27	0.0740740740740741
367.5	365.461723993629	19.424552753748	0.322359396433469	0.00274348422496571	27	27	0.0740740740740741
367.75	365.698819466106	19.5038353932799	0.323045267489711	0.00274348422496571	27	27	0.0740740740740741
368	365.935860505152	19.5832806310731	0.323731138545952	0.00274348422496571	27	27	0.0740740740740741
368.25	366.172846999259	19.6628884297551	0.324417009602193	0.00274348422496571	27	27	0.0740740740740741
368.5	366.409778836943	19.742658751877	0.325102880658435	0.00274348422496571	27	27	0.0740740740740741
368.75	366.646655906748	19.8225915599131	0.325788751714676	0.00274348422496571	27	27	0.0740740740740741
369	366.883478097242	19.9026868162615	0.326474622770918	0.00274348422496571	27	27	0.0740740740740741
369.25	367.12024529702	19.982944483244	0.327160493827159	0.00274348422496571	27	27	0.0740740740740741
369.5	367.356957394701	20.0633645231058	0.3278463648834	0.00274348422496571	27	27	0.0740740740740741
369.75	367.593614278932	20.1439468980158	0.328532235939642	0.00274348422496571	27	27	0.0740740740740741
370	367.830215838385	20.2246915700665	0.329218106995883	0.00274348422496571	27	27	0.0740740740740741
370.25	368.066761961757	20.305598501274	0.329903978052125	0.00274348422496571	27	27	0.0740740740740741
370.5	368.303252537774	20.3866676535781	0.330589849108366	0.00274348422496571	27	27	0.0740740740740741
370.75	368.539687455185	20.4678989888425	0.331275720164607	0.00274348422496571	27	27	0.0740740740740741
371	368.776066602767	20.5492924688544	0.331961591220849	0.00274348422496571	27	27	0.0740740740740741
371.25	369.012389869322	20.6308480553246	0.33264746227709	0.00274348422496571	27	27	0.0740740740740741
371.5	369.248657143681	20.7125657098879	0.333333333333332	0.00274348422496571	27	27	0.0740740740740741
371.75	369.484868314697	20.7944453941027	0.334019204389573	0.00274348422496571	27	27	0.0740740740740741
372	369.721023271253	20.8764870694514	0.334705075445814	0.00274348422496571	27	27	0.0740740740740741
372.25	369.957121902257	20.9586906973398	0.335390946502056	0.00274348422496571	27	27	0.0740740740740741
372.5	370.193164096644	21.0410562390979	0.336076817558297	0.00274348422496571	27	27	0.0740740740740741
372.75	370.429149743374	21.1235836559793	0.336762688614539	0.00274348422496571	27	27	0.0740740740740741
373	370.665078731437	21.2062729091616	0.33744855967078	0.00274348422496571	27	27	0.0740740740740741
373.25	370.900950949846	21.2891239597461	0.338134430727021	0.00274348422496571	27	27	0.0740740740740741
373.5	371.136766287642	21.3721367687581	0.338820301783263	0.00274348422496571	27	27	0.0740740740740741
373.75	371.372524633893	21.4553112971469	0.339506172839504	0.00274348422496571	27	27	0.0740740740740741
374	371.608225877695	21.5386475057855	0.340192043895746	0.00274348422496571	27	27	0.0740740740740741
374.25	371.843869908169	21.622145355471	0.340877914951987	0.00274348422496571	27	27	0.0740740740740741
374.5	372.079456614463	21.7058048069245	0.341563786008229	0.00274348422496571	27	27	0.0740740740740741
374.75	372.314985885753	21.7896258207908	0.34224965706447	0.00274348422496571	27	27	0.0740740740740741
375	372.550457611242	21.8736083576391	0.342935528120711	0.00274348422496571	27	27	0.0740740740740741
375.25	372.785871680158	21.9577523779623	0.343621399176953	0.00274348422496571	27	27	0.0740740740740741
375.5	373.021227981759	22.0420578421774	0.344307270233194	0.00274348422496571	27	27	0.0740740740740741
375.75	373.25652640533	22.1265247106256	0.344993141289436	0.00274348422496571	27	27	0.0740740740740741
376	373.491766840179	22.211152943572	0.345679012345677	0.00274348422496571	27	27	0.0740740740740741
376.25	373.726949175647	22.295942501206	0.346364883401918	0.00274348422496571	27	27	0.0740740740740741
376.5	373.9620733011	22.3808933436408	0.34705075445816	0.00274348422496571	27	27	0.0740740740740741
376.75	374.197139105929	22.466005430914	0.347736625514401	0.00274348422496571	27	27	0.0740740740740741
377	374.432146479556	22.5512787229872	0.348422496570643	0.00274348422496571	27	27	0.0740740740740741
377.25	374.667095311428	22.6367131797463	0.349108367626884	0.00274348422496571	27	27	0.0740740740740741
377.5	374.901985491022	22.7223087610012	0.349794238683125	0.00274348422496571	27	27	0.0740740740740741
377.75	375.13681690784	22.8080654264862	0.350480109739367	0.00274348422496571	27	27	0.0740740740740741
378	375.371589451414	22.8939831358597	0.351165980795608	0.00274348422496571	27	27	0.0740740740740741
378.25	375.606303011301	22.9800618487043	0.35185185185185	0.00274348422496571	27	27	0.0740740740740741
378.5	375.840957477089	23.0663015245269	0.352537722908091	0.00274348422496571	27	27	0.0740740740740741
378.75	376.07555273839	23.1527021227589	0.353223593964332	0.00274348422496571	27	27	0.0740740740740741
379	376.310088684848	23.2392636027556	0.353909465020574	0.00274348422496571	27	27	0.0740740740740741
379.25	376.544565206131	23.325985923797	0.354595336076815	0.00274348422496571	27	27	0.0740740740740741
379.5	376.778982191939	23.4128690450872	0.355281207133057	0.00274348422496571	27	27	0.0740740740740741
379.75	377.013339531995	23.4999129257547	0.355967078189298	0.00274348422496571	27	27	0.0740740740740741
380	377.247637116055	23.5871175248524	0.356652949245539	0.00274348422496571	27	27	0.0740740740740741
380.25	377.4818748339	23.6744828013576	0.357338820301781	0.00274348422496571	27	27	0.0740740740740741
380.5	377.71605257534	23.762008714172	0.358024691358022	0.00274348422496571	27	27	0.0740740740740741
380.75	377.950170230213	23.8496952221217	0.358710562414264	0.00274348422496571	27	27	0.0740740740740741
381	378.184227688387	23.9375422839574	0.359396433470505	0.00274348422496571	27	27	0.0740740740740741
381.25	378.418224839756	24.0255498583541	0.360082304526746	0.00274348422496571	27	27	0.0740740740740741
381.5	378.652161574244	24.1137179039114	0.360768175582988	0.00274348422496571	27	27	0.0740740740740741
381.75	378.886037781801	24.2020463791533	0.361454046639229	0.00274348422496571	27	27	0.0740740740740741
382	379.119853352409	24.2905352425284	0.362139917695471	0.00274348422496571	27	27	0.0740740740740741
382.25	379.353608176075	24.3791844524099	0.362825788751712	0.00274348422496571	27	27	0.0740740740740741
382.5	379.587302142838	24.4679939670955	0.363511659807953	0.00274348422496571	27	27	0.0740740740740741
382.75	379.820935142763	24.5569637448075	0.364197530864195	0.00274348422496571	27	27	0.0740740740740741
383	380.054507065945	24.6460937436928	0.364883401920436	0.00274348422496571	27	27	0.0740740740740741
383.25	380.288017802506	24.735383921823	0.365569272976678	0.00274348422496571	27	27	0.0740740740740741
383.5	380.521467242599	24.8248342371943	0.366255144032919	0.00274348422496571	27	27	0.0740740740740741
383.75	380.754855276406	24.9144446477275	0.36694101508916	0.00274348422496571	27	27	0.0740740740740741
384	380.988181794135	25.0042151112682	0.367626886145402	0.00274348422496571	27	27	0.0740740740740741
384.25	381.221446686026	25.0941455855867	0.368312757201643	0.00274348422496571	27	27	0.0740740740740741
384.5	381.454649842346	25.1842360283778	0.368998628257885	0.00274348422496571	27	27	0.0740740740740741
384.75	381.687791153393	25.2744863972615	0.369684499314126	0.00274348422496571	27	27	0.0740740740740741
385	381.920870509491	25.3648966497821	0.370370370370368	0.00274348422496571	27	27	0.0740740740740741
385.25	382.153887800996	25.455466743409	0.371056241426609	0.00274348422496571	27	27	0.0740740740740741
385.5	382.386842918292	25.5461966355363	0.37174211248285	0.00274348422496571	27	27	0.0740740740740741
385.75	382.619735751793	25.6370862834829	0.372427983539092	0.00274348422496571	27	27	0.0740740740740741
386	382.852566191942	25.7281356444925	0.373113854595333	0.00274348422496571	27	27	0.0740740740740741
386.25	383.08533412921	25.8193446757338	0.373799725651575	0.00274348422496571	27	27	0.0740740740740741
386.5	383.318039454099	25.9107133343004	0.374485596707816	0.00274348422496571	27	27	0.0740740740740741
386.75	383.55068205714	26.0022415772106	0.375171467764057	0.00274348422496571	27	27	0.0740740740740741
387	383.783261828894	26.093929361408	0.375857338820299	0.00274348422496571	27	27	0.0740740740740741
387.25	384.01577865995	26.1857766437606	0.37654320987654	0.00274348422496571	27	27	0.0740740740740741
387.5	384.248232440928	26.2777833810619	0.377229080932782	0.00274348422496571	27	27	0.0740740740740741
387.75	384.480623062478	26.3699495300302	0.377914951989023	0.00274348422496571	27	27	0.0740740740740741
388	384.712950415279	26.4622750473086	0.378600823045264	0.00274348422496571	27	27	0.0740740740740741
388.25	384.945214390039	26.5547598894656	0.379286694101506	0.00274348422496571	27	27	0.0740740740740741
388.5	385.177414877496	26.6474040129945	0.379972565157747	0.00274348422496571	27	27	0.0740740740740741
388.75	385.40955176842	26.7402073743137	0.380658436213989	0.00274348422496571	27	27	0.0740740740740741
389	385.641624953609	26.8331699297667	0.38134430727023	0.00274348422496571	27	27	0.0740740740740741
389.25	385.873634323891	26.9262916356222	0.382030178326471	0.00274348422496571	27	27	0.0740740740740741
389.5	386.105579770124	27.019572448074	0.382716049382713	0.00274348422496571	27	27	0.0740740740740741
389.75	386.337461183197	27.113012323241	0.383401920438954	0.00274348422496571	27	27	0.0740740740740741
390	386.569278454029	27.2066112171673	0.384087791495196	0.00274348422496571	27	27	0.0740740740740741
390.25	386.801031473567	27.3003690858221	0.384773662551437	0.00274348422496571	27	27	0.0740740740740741
390.5	387.032720132792	27.3942858851001	0.385459533607678	0.00274348422496571	27	27	0.0740740740740741
390.75	387.264344322712	27.4883615708208	0.38614540466392	0.00274348422496571	27	27	0.0740740740740741
391	387.495903934367	27.5825960987295	0.386831275720161	0.00274348422496571	27	27	0.0740740740740741
391.25	387.727398858827	27.6769894244962	0.387517146776403	0.00274348422496571	27	27	0.0740740740740741
391.5	387.958828987192	27.7715415037166	0.388203017832644	0.00274348422496571	27	27	0.0740740740740741
391.75	388.190194210593	27.8662522919116	0.388888888888885	0.00274348422496571	27	27	0.0740740740740741
392	388.421494420192	27.9611217445275	0.389574759945127	0.00274348422496571	27	27	0.0740740740740741
392.25	388.65272950718	28.0561498169357	0.390260631001368	0.00274348422496571	27	27	0.0740740740740741
392.5	388.88389936278	28.1513364644334	0.39094650205761	0.00274348422496571	27	27	0.0740740740740741
392.75	389.115003878245	28.2466816422429	0.391632373113851	0.00274348422496571	27	27	0.0740740740740741
393	389.34604294486	28.342185305512	0.392318244170092	0.00274348422496571	27	27	0.0740740740740741
393.25	389.577016453939	28.4378474093139	0.393004115226334	0.00274348422496571	27	27	0.0740740740740741
393.5	389.807924296828	28.5336679086474	0.393689986282575	0.00274348422496571	27	27	0.0740740740740741
393.75	390.038766364903	28.6296467584367	0.394375857338817	0.00274348422496571	27	27	0.0740740740740741
394	390.269542549571	28.7257839135315	0.395061728395058	0.00274348422496571	27	27	0.0740740740740741
394.25	390.500252742272	28.822079328707	0.3957475994513	0.00274348422496571	27	27	0.0740740740740741
394.5	390.730896834475	28.9185329586641	0.396433470507541	0.00274348422496571	27	27	0.0740740740740741
394.75	390.961474717681	29.0151447580291	0.397119341563782	0.00274348422496571	27	27	0.0740740740740741
395	391.19198628342	29.111914681354	0.397805212620024	0.00274348422496571	27	27	0.0740740740740741
395.25	391.422431423257	29.2088426831163	0.398491083676265	0.00274348422496571	27	27	0.0740740740740741
395.5	391.652810028785	29.3059287177193	0.399176954732507	0.00274348422496571	27	27	0.0740740740740741
395.75	391.88312199163	29.4031727394919	0.399862825788748	0.00274348422496571	27	27	0.0740740740740741
396	392.113367203449	29.5005747026886	0.400548696844989	0.00274348422496571	27	27	0.0740740740740741
396.25	392.343545555929	29.5981345614897	0.401234567901231	0.00274348422496571	27	27	0.0740740740740741
396.5	392.573656940792	29.6958522700011	0.401920438957472	0.00274348422496571	27	27	0.0740740740740741
396.75	392.803701249787	29.7937277822546	0.402606310013714	0.00274348422496571	27	27	0.0740740740740741
397	393.033678374698	29.8917610522077	0.403292181069955	0.00274348422496571	27	27	0.0740740740740741
397.25	393.263588207339	29.9899520337436	0.403978052126196	0.00274348422496571	27	27	0.0740740740740741
397.5	393.493430639556	30.0883006806715	0.404663923182438	0.00274348422496571	27	27	0.0740740740740741
397.75	393.723205563227	30.1868069467262	0.405349794238679	0.00274348422496571	27	27	0.0740740740740741
398	393.952912870261	30.2854707855685	0.406035665294921	0.00274348422496571	27	27	0.0740740740740741
398.25	394.1825524526	30.3842921507851	0.406721536351162	0.00274348422496571	27	27	0.0740740740740741
398.5	394.412124202216	30.4832709958885	0.407407407407403	0.00274348422496571	27	27	0.0740740740740741
398.75	394.641628011116	30.5824072743172	0.408093278463645	0.00274348422496571	27	27	0.0740740740740741
399	394.871063771335	30.6817009394356	0.408779149519886	0.00274348422496571	27	27	0.0740740740740741
399.25	395.100431374943	30.7811519445341	0.409465020576128	0.00274348422496571	27	27	0.0740740740740741
399.5	395.329730714041	30.8807602428289	0.410150891632369	0.00274348422496571	27	27	0.0740740740740741
399.75	395.558961680762	30.9805257874625	0.41083676268861	0.00274348422496571	27	27	0.0740740740740741
400	395.788124167272	31.0804485315032	0.411522633744852	0.00274348422496571	27	27	0.0740740740740741
400.25	396.017218065768	31.1805284279454	0.412208504801093	0.00274348422496571	27	27	0.0740740740740741
400.5	396.24624326848	31.2807654297098	0.412894375857335	0.00274348422496571	27	27	0.0740740740740741
400.75	396.47519966767	31.3811594896428	0.413580246913576	0.00274348422496571	27	27	0.0740740740740741
401	396.704087155633	31.4817105605172	0.414266117969817	0.00274348422496571	27	27	0.0740740740740741
401.25	396.932905624696	31.5824185950319	0.414951989026059	0.00274348422496571	27	27	0.0740740740740741
401.5	397.161654967218	31.6832835458118	0.4156378600823	0.00274348422496571	27	27	0.0740740740740741
401.75	397.390335075591	31.7843053654082	0.416323731138542	0.00274348422496571	27	27	0.0740740740740741
402	397.618945842239	31.8854840062985	0.417009602194783	0.00274348422496571	27	27	0.0740740740740741
402.25	397.84748715962	31.9868194208863	0.417695473251024	0.00274348422496571	27	27	0.0740740740740741
402.5	398.075958920224	32.0883115615015	0.418381344307266	0.00274348422496571	27	27	0.0740740740740741
402.75	398.304361016573	32.1899603804002	0.419067215363507	0.00274348422496571	27	27	0.0740740740740741
403	398.532693341222	32.291765829765	0.419753086419749	0.00274348422496571	27	27	0.0740740740740741
403.25	398.760955786759	32.3937278617046	0.42043895747599	0.00274348422496571	27	27	0.0740740740740741
403.5	398.989148245806	32.495846428254	0.421124828532231	0.00274348422496571	27	27	0.0740740740740741
403.75	399.217270611016	32.5981214813749	0.421810699588473	0.00274348422496571	27	27	0.0740740740740741
404	399.445322775077	32.7005529729549	0.422496570644714	0.00274348422496571	27	27	0.0740740740740741
404.25	399.673304630708	32.8031408548085	0.423182441700956	0.00274348422496571	27	27	0.0740740740740741
404.5	399.901216070661	32.9058850786764	0.423868312757197	0.00274348422496571	27	27	0.0740740740740741
404.75	400.129056987724	33.0087855962256	0.424554183813439	0.00274348422496571	27	27	0.0740740740740741
405	400.356827274716	33.1118423590498	0.42524005486968	0.00274348422496571	27	27	0.0740740740740741
405.25	400.584526824488	33.2150553186691	0.425925925925921	0.00274348422496571	27	27	0.0740740740740741
405.5	400.812155529928	33.3184244265302	0.426611796982163	0.00274348422496571	27	27	0.0740740740740741
405.75	401.039713283953	33.4219496340063	0.427297668038404	0.00274348422496571	27	27	0.0740740740740741
406	401.267199979517	33.5256308923972	0.427983539094646	0.00274348422496571	27	27	0.0740740740740741
406.25	401.494615509605	33.6294681529292	0.428669410150887	0.00274348422496571	27	27	0.0740740740740741
406.5	401.721959767237	33.7334613667552	0.429355281207128	0.00274348422496571	27	27	0.0740740740740741
406.75	401.949232645465	33.837610484955	0.43004115226337	0.00274348422496571	27	27	0.0740740740740741
407	402.176434037376	33.9419154585347	0.430727023319611	0.00274348422496571	27	27	0.0740740740740741
407.25	402.403563836091	34.0463762384273	0.431412894375853	0.00274348422496571	27	27	0.0740740740740741
407.5	402.630621934763	34.1509927754925	0.432098765432094	0.00274348422496571	27	27	0.0740740740740741
407.75	402.85760822658	34.2557650205166	0.432784636488335	0.00274348422496571	27	27	0.0740740740740741
408	403.084522604762	34.3606929242129	0.433470507544577	0.00274348422496571	27	27	0.0740740740740741
408.25	403.311364962566	34.4657764372211	0.434156378600818	0.00274348422496571	27	27	0.0740740740740741
408.5	403.538135193279	34.571015510108	0.43484224965706	0.00274348422496571	27	27	0.0740740740740741
408.75	403.764833190226	34.6764100933671	0.435528120713301	0.00274348422496571	27	27	0.0740740740740741
409	403.991458846762	34.7819601374189	0.436213991769542	0.00274348422496571	27	27	0.0740740740740741
409.25	404.21801205628	34.8876655926105	0.436899862825784	0.00274348422496571	27	27	0.0740740740740741
409.5	404.444492712204	34.9935264092161	0.437585733882025	0.00274348422496571	27	27	0.0740740740740741
409.75	404.670900707993	35.0995425374367	0.438271604938267	0.00274348422496571	27	27	0.0740740740740741
410	404.89723593714	35.2057139274004	0.438957475994508	0.00274348422496571	27	27	0.0740740740740741
410.25	405.123498293173	35.3120405291621	0.439643347050749	0.00274348422496571	27	27	0.0740740740740741
410.5	405.349687669655	35.4185222927037	0.440329218106991	0.00274348422496571	27	27	0.0740740740740741
410.75	405.575803960181	35.5251591679341	0.441015089163232	0.00274348422496571	27	27	0.0740740740740741
411	405.801847058381	35.6319511046894	0.441700960219474	0.00274348422496571	27	27	0.0740740740740741
411.25	406.027816857921	35.7388980527326	0.442386831275715	0.00274348422496571	27	27	0.0740740740740741
411.5	406.253713252501	35.8459999617538	0.443072702331956	0.00274348422496571	27	27	0.0740740740740741
411.75	406.479536135853	35.9532567813702	0.443758573388198	0.00274348422496571	27	27	0.0740740740740741
412	406.705285401748	36.0606684611261	0.444444444444439	0.00274348422496571	27	27	0.0740740740740741
412.25	406.930960943988	36.1682349504931	0.445130315500681	0.00274348422496571	27	27	0.0740740740740741
412.5	407.156562656411	36.2759561988698	0.445816186556922	0.00274348422496571	27	27	0.0740740740740741
412.75	407.38209043289	36.3838321555821	0.446502057613163	0.00274348422496571	27	27	0.0740740740740741
413	407.607544167331	36.4918627698831	0.447187928669405	0.00274348422496571	27	27	0.0740740740740741
413.25	407.832923753679	36.6000479909532	0.447873799725646	0.00274348422496571	27	27	0.0740740740740741
413.5	408.058229085908	36.7083877678998	0.448559670781888	0.00274348422496571	27	27	0.0740740740740741
413.75	408.283460058033	36.816882049758	0.449245541838129	0.00274348422496571	27	27	0.0740740740740741
414	408.508616564099	36.9255307854899	0.44993141289437	0.00274348422496571	27	27	0.0740740740740741
414.25	408.733698498188	37.0343339239851	0.450617283950612	0.00274348422496571	27	27	0.0740740740740741
414.5	408.958705754419	37.1432914140606	0.451303155006853	0.00274348422496571	27	27	0.0740740740740741
414.75	409.183638226943	37.2524032044606	0.451989026063095	0.00274348422496571	27	27	0.0740740740740741
415	409.408495809948	37.3616692438569	0.452674897119336	0.00274348422496571	27	27	0.0740740740740741
415.25	409.633278397655	37.4710894808486	0.453360768175578	0.00274348422496571	27	27	0.0740740740740741
415.5	409.857985884325	37.5806638639625	0.454046639231819	0.00274348422496571	27	27	0.0740740740740741
415.75	410.082618164249	37.6903923416525	0.45473251028806	0.00274348422496571	27	27	0.0740740740740741
416	410.307175131756	37.8002748623004	0.455418381344302	0.00274348422496571	27	27	0.0740740740740741
416.25	410.531656681211	37.9103113742153	0.456104252400543	0.00274348422496571	27	27	0.0740740740740741
416.5	410.756062707013	38.0205018256338	0.456790123456785	0.00274348422496571	27	27	0.0740740740740741
416.75	410.980393103596	38.1308461647205	0.457475994513026	0.00274348422496571	27	27	0.0740740740740741
417	411.204647765433	38.241344339567	0.458161865569267	0.00274348422496571	27	27	0.0740740740740741
417.25	411.42882658703	38.3519962981931	0.458847736625509	0.00274348422496571	27	27	0.0740740740740741
417.5	411.652929462927	38.4628019885459	0.45953360768175	0.00274348422496571	27	27	0.0740740740740741
417.75	411.876956287703	38.5737613585002	0.460219478737992	0.00274348422496571	27	27	0.0740740740740741
418	412.100906955972	38.6848743558588	0.460905349794233	0.00274348422496571	27	27	0.0740740740740741
418.25	412.324781362382	38.7961409283518	0.461591220850474	0.00274348422496571	27	27	0.0740740740740741
418.5	412.54857940162	38.9075610236375	0.462277091906716	0.00274348422496571	27	27	0.0740740740740741
418.75	412.772300968405	39.0191345893016	0.462962962962957	0.00274348422496571	27	27	0.0740740740740741
419	412.995945957496	39.1308615728578	0.463648834019199	0.00274348422496571	27	27	0.0740740740740741
419.25	413.219514263685	39.2427419217476	0.46433470507544	0.00274348422496571	27	27	0.0740740740740741
419.5	413.443005781802	39.3547755833404	0.465020576131681	0.00274348422496571	27	27	0.0740740740740741
419.75	413.666420406712	39.4669625049334	0.465706447187923	0.00274348422496571	27	27	0.0740740740740741
420	413.889758033316	39.5793026337517	0.466392318244164	0.00274348422496571	27	27	0.0740740740740741
420.25	414.113018556552	39.6917959169484	0.467078189300406	0.00274348422496571	27	27	0.0740740740740741
420.5	414.336201871394	39.8044423016044	0.467764060356647	0.00274348422496571	27	27	0.0740740740740741
420.75	414.559307872852	39.9172417347288	0.468449931412888	0.00274348422496571	27	27	0.0740740740740741
421	414.782336455974	40.0301941632587	0.46913580246913	0.00274348422496571	27	27	0.0740740740740741
421.25	415.005287515841	40.1432995340589	0.469821673525371	0.00274348422496571	27	27	0.0740740740740741
421.5	415.228160947575	40.2565577939225	0.470507544581613	0.00274348422496571	27	27	0.0740740740740741
421.75	415.45095664633	40.3699688895708	0.471193415637854	0.00274348422496571	27	27	0.0740740740740741
422	415.6736745073	40.483532767653	0.471879286694095	0.00274348422496571	27	27	0.0740740740740741
422.25	415.896314425713	40.5972493747465	0.472565157750337	0.00274348422496571	27	27	0.0740740740740741
422.5	416.118876296837	40.7111186573567	0.473251028806578	0.00274348422496571	27	27	0.0740740740740741
422.75	416.341360015972	40.8251405619175	0.47393689986282	0.00274348422496571	27	27	0.0740740740740741
423	416.563765478459	40.9393150347907	0.474622770919061	0.00274348422496571	27	27	0.0740740740740741
423.25	416.786092579674	41.0536420222665	0.475308641975302	0.00274348422496571	27	27	0.0740740740740741
423.5	417.00834121503	41.1681214705632	0.475994513031544	0.00274348422496571	27	27	0.0740740740740741
423.75	417.230511279978	41.2827533258277	0.476680384087785	0.00274348422496571	27	27	0.0740740740740741
424	417.452602670003	41.3975375341347	0.477366255144027	0.00274348422496571	27	27	0.0740740740740741
424.25	417.67461528063	41.5124740414878	0.478052126200268	0.00274348422496571	27	27	0.0740740740740741
424.5	417.89654900742	41.6275627938185	0.47873799725651	0.00274348422496571	27	27	0.0740740740740741
424.75	418.118403745971	41.7428037369869	0.479423868312751	0.00274348422496571	27	27	0.0740740740740741
425	418.340179391919	41.8581968167815	0.480109739368992	0.00274348422496571	27	27	0.0740740740740741
425.25	418.561875840936	41.9737419789192	0.480795610425234	0.00274348422496571	27	27	0.0740740740740741
425.5	418.783492988731	42.0894391690452	0.481481481481475	0.00274348422496571	27	27	0.0740740740740741
425.75	419.005030731052	42.2052883327335	0.482167352537717	0.00274348422496571	27	27	0.0740740740740741
426	419.226488963683	42.3212894154863	0.482853223593958	0.00274348422496571	27	27	0.0740740740740741
426.25	419.447867582447	42.4374423627347	0.483539094650199	0.00274348422496571	27	27	0.0740740740740741
426.5	419.669166483201	42.5537471198379	0.484224965706441	0.00274348422496571	27	27	0.0740740740740741
426.75	419.890385561844	42.670203632084	0.484910836762682	0.00274348422496571	27	27	0.0740740740740741
427	420.111524714309	42.7868118446897	0.485596707818924	0.00274348422496571	27	27	0.0740740740740741
427.25	420.332583836568	42.9035717028002	0.486282578875165	0.00274348422496571	27	27	0.0740740740740741
427.5	420.553562824631	43.0204831514894	0.486968449931406	0.00274348422496571	27	27	0.0740740740740741
427.75	420.774461574545	43.1375461357601	0.487654320987648	0.00274348422496571	27	27	0.0740740740740741
428	420.995279982395	43.2547606005434	0.488340192043889	0.00274348422496571	27	27	0.0740740740740741
428.25	421.216017944305	43.3721264906996	0.489026063100131	0.00274348422496571	27	27	0.0740740740740741
428.5	421.436675356434	43.4896437510173	0.489711934156372	0.00274348422496571	27	27	0.0740740740740741
428.75	421.657252114981	43.6073123262144	0.490397805212613	0.00274348422496571	27	27	0.0740740740740741
429	421.877748116182	43.7251321609372	0.491083676268855	0.00274348422496571	27	27	0.0740740740740741
429.25	422.098163256313	43.843103199761	0.491769547325096	0.00274348422496571	27	27	0.0740740740740741
429.5	422.318497431685	43.9612253871901	0.492455418381338	0.00274348422496571	27	27	0.0740740740740741
429.75	422.53875053865	44.0794986676574	0.493141289437579	0.00274348422496571	27	27	0.0740740740740741
430	422.758922473595	44.197922985525	0.49382716049382	0.00274348422496571	27	27	0.0740740740740741
430.25	422.979013132948	44.3164982850838	0.494513031550062	0.00274348422496571	27	27	0.0740740740740741
430.5	423.199022413174	44.4352245105537	0.495198902606303	0.00274348422496571	27	27	0.0740740740740741
430.75	423.418950210777	44.5541016060836	0.495884773662545	0.00274348422496571	27	27	0.0740740740740741
431	423.638796422298	44.6731295157515	0.496570644718786	0.00274348422496571	27	27	0.0740740740740741
431.25	423.858560944317	44.7923081835644	0.497256515775027	0.00274348422496571	27	27	0.0740740740740741
431.5	424.078243673453	44.9116375534584	0.497942386831269	0.00274348422496571	27	27	0.0740740740740741
431.75	424.297844506363	45.0311175692987	0.49862825788751	0.00274348422496571	27	27	0.0740740740740741
432	424.517363339743	45.1507481748795	0.499314128943752	0.00274348422496571	27	27	0.0740740740740741
432.25	424.736800070326	45.2705293139243	0.499999999999993	0.00274348422496571	27	27	0.0740740740740741
432.5	424.956154594886	45.3904609300859	0.500685871056235	0.00274348422496571	27	27	0.0740740740740741
432.75	425.175426810234	45.510542966946	0.501371742112476	0.00274348422496571	27	27	0.0740740740740741
433	425.39461661322	45.6307753680159	0.502057613168717	0.00274348422496571	27	27	0.0740740740740741
433.25	425.613723900733	45.7511580767359	0.502743484224959	0.00274348422496571	27	27	0.0740740740740741
433.5	425.8327485697	45.8716910364756	0.5034293552812	0.00274348422496571	27	27	0.0740740740740741
433.75	426.051690517089	45.9923741905341	0.504115226337442	0.00274348422496571	27	27	0.0740740740740741
434	426.270549639905	46.1132074821397	0.504801097393683	0.00274348422496571	27	27	0.0740740740740741
434.25	426.489325835193	46.2341908544502	0.505486968449924	0.00274348422496571	27	27	0.0740740740740741
434.5	426.708019000035	46.3553242505526	0.506172839506166	0.00274348422496571	27	27	0.0740740740740741
434.75	426.926629031554	46.4766076134634	0.506858710562407	0.00274348422496571	27	27	0.0740740740740741
435	427.145155826913	46.5980408861287	0.507544581618649	0.00274348422496571	27	27	0.0740740740740741
435.25	427.363599283312	46.7196240114239	0.50823045267489	0.00274348422496571	27	27	0.0740740740740741
435.5	427.581959297991	46.8413569321541	0.508916323731131	0.00274348422496571	27	27	0.0740740740740741
435.75	427.800235768229	46.9632395910537	0.509602194787373	0.00274348422496571	27	27	0.0740740740740741
436	428.018428591345	47.0852719307867	0.510288065843614	0.00274348422496571	27	27	0.0740740740740741
436.25	428.236537664696	47.207453893947	0.510973936899856	0.00274348422496571	27	27	0.0740740740740741
436.5	428.454562885681	47.3297854230576	0.511659807956097	0.00274348422496571	27	27	0.0740740740740741
436.75	428.672504151736	47.4522664605716	0.512345679012338	0.00274348422496571	27	27	0.0740740740740741
437	428.890361360336	47.5748969488715	0.51303155006858	0.00274348422496571	27	27	0.0740740740740741
437.25	429.108134408999	47.6976768302696	0.513717421124821	0.00274348422496571	27	27	0.0740740740740741
437.5	429.325823195279	47.8206060470079	0.514403292181063	0.00274348422496571	27	27	0.0740740740740741
437.75	429.543427616772	47.9436845412581	0.515089163237304	0.00274348422496571	27	27	0.0740740740740741
438	429.760947571112	48.0669122551218	0.515775034293545	0.00274348422496571	27	27	0.0740740740740741
438.25	429.978382955973	48.1902891306303	0.516460905349787	0.00274348422496571	27	27	0.0740740740740741
438.5	430.19573366907	48.3138151097448	0.517146776406028	0.00274348422496571	27	27	0.0740740740740741
438.75	430.412999608157	48.4374901343563	0.51783264746227	0.00274348422496571	27	27	0.0740740740740741
439	430.630180671028	48.5613141462856	0.518518518518511	0.00274348422496571	27	27	0.0740740740740741
439.25	430.847276755516	48.6852870872837	0.519204389574752	0.00274348422496571	27	27	0.0740740740740741
439.5	431.064287759496	48.8094088990313	0.519890260630994	0.00274348422496571	27	27	0.0740740740740741
439.75	431.281213580882	48.9336795231391	0.520576131687235	0.00274348422496571	27	27	0.0740740740740741
440	431.498054117627	49.0580989011478	0.521262002743477	0.00274348422496571	27	27	0.0740740740740741
440.25	431.714809267726	49.1826669745282	0.521947873799718	0.00274348422496571	27	27	0.0740740740740741
440.5	431.931478929212	49.3073836846811	0.522633744855959	0.00274348422496571	27	27	0.0740740740740741
440.75	432.148063000161	49.4322489729374	0.523319615912201	0.00274348422496571	27	27	0.0740740740740741
441	432.364561378687	49.557262780558	0.524005486968442	0.00274348422496571	27	27	0.0740740740740741
441.25	432.580973962944	49.6824250487341	0.524691358024684	0.00274348422496571	27	27	0.0740740740740741
441.5	432.797300651129	49.8077357185869	0.525377229080925	0.00274348422496571	27	27	0.0740740740740741
441.75	433.013541341477	49.933194731168	0.526063100137167	0.00274348422496571	27	27	0.0740740740740741
442	433.229695932264	50.0588020274589	0.526748971193408	0.00274348422496571	27	27	0.0740740740740741
442.25	433.445764321808	50.1845575483717	0.527434842249649	0.00274348422496571	27	27	0.0740740740740741
442.5	433.661746408465	50.3104612347486	0.528120713305891	0.00274348422496571	27	27	0.0740740740740741
442.75	433.877642090633	50.436513027362	0.528806584362132	0.00274348422496571	27	27	0.0740740740740741
443	434.093451266752	50.5627128669147	0.529492455418374	0.00274348422496571	27	27	0.0740740740740741
443.25	434.309173835299	50.68906069404	0.530178326474615	0.00274348422496571	27	27	0.0740740740740741
443.5	434.524809694796	50.8155564493015	0.530864197530856	0.00274348422496571	27	27	0.0740740740740741
443.75	434.740358743802	50.942200073193	0.531550068587098	0.00274348422496571	27	27	0.0740740740740741
444	434.95582088092	51.0689915061391	0.532235939643339	0.00274348422496571	27	27	0.0740740740740741
444.25	435.171196004792	51.1959306884946	0.532921810699581	0.00274348422496571	27	27	0.0740740740740741
444.5	435.386484014102	51.3230175605449	0.533607681755822	0.00274348422496571	27	27	0.0740740740740741
444.75	435.601684807573	51.450252062506	0.534293552812063	0.00274348422496571	27	27	0.0740740740740741
445	435.816798283972	51.5776341345242	0.534979423868305	0.00274348422496571	27	27	0.0740740740740741
445.25	436.031824342105	51.7051637166766	0.535665294924546	0.00274348422496571	27	27	0.0740740740740741
445.5	436.246762880819	51.832840748971	0.536351165980788	0.00274348422496571	27	27	0.0740740740740741
445.75	436.461613799003	51.9606651713454	0.537037037037029	0.00274348422496571	27	27	0.0740740740740741
446	436.676376995588	52.088636923669	0.53772290809327	0.00274348422496571	27	27	0.0740740740740741
446.25	436.891052369544	52.2167559457414	0.538408779149512	0.00274348422496571	27	27	0.0740740740740741
446.5	437.105639819884	52.3450221772928	0.539094650205753	0.00274348422496571	27	27	0.0740740740740741
446.75	437.320139245663	52.4734355579846	0.539780521261995	0.00274348422496571	27	27	0.0740740740740741
447	437.534550545975	52.6019960274084	0.540466392318236	0.00274348422496571	27	27	0.0740740740740741
447.25	437.748873619957	52.7307035250871	0.541152263374477	0.00274348422496571	27	27	0.0740740740740741
447.5	437.963108366788	52.8595579904741	0.541838134430719	0.00274348422496571	27	27	0.0740740740740741
447.75	438.177254685688	52.988559362954	0.54252400548696	0.00274348422496571	27	27	0.0740740740740741
448	438.391312475918	53.1177075818419	0.543209876543202	0.00274348422496571	27	27	0.0740740740740741
448.25	438.605281636781	53.247002586384	0.543895747599443	0.00274348422496571	27	27	0.0740740740740741
448.5	438.819162067622	53.3764443157576	0.544581618655684	0.00274348422496571	27	27	0.0740740740740741
448.75	439.032953667828	53.5060327090708	0.545267489711926	0.00274348422496571	27	27	0.0740740740740741
449	439.246656336827	53.6357677053627	0.545953360768167	0.00274348422496571	27	27	0.0740740740740741
449.25	439.460269974088	53.7656492436035	0.546639231824409	0.00274348422496571	27	27	0.0740740740740741
449.5	439.673794479125	53.8956772626945	0.54732510288065	0.00274348422496571	27	27	0.0740740740740741
449.75	439.887229751491	54.025851701468	0.548010973936891	0.00274348422496571	27	27	0.0740740740740741
450	440.100575690783	54.1561724986874	0.548696844993133	0.00274348422496571	27	27	0.0740740740740741
450.25	440.313832196982	54.2866395924834	0.549382710760905	0.00274344191720822	27	27	0.0740729317646218
450.5	440.526999171497	54.4172529186641	0.550068555375124	0.00274331499654549	27	27	0.0740695049067282
450.75	440.740076518204	54.5480124090284	0.550754357683543	0.00274310347080658	27	27	0.0740637937117778
451	440.953064143804	54.6789179908102	0.551440096536523	0.00274280735303941	27	27	0.0740557985320641
451.25	441.165961957832	54.8099695866865	0.552125750788342	0.00274242666150991	27	27	0.0740455198607675
451.5	441.378769872677	54.9411671147864	0.552811299298493	0.00274196141970092	27	27	0.0740329583319248
451.75	441.591487803583	55.0725104886995	0.553496720932995	0.00274141165631075	27	27	0.0740181147203903
452	441.804115668669	55.2039996174857	0.55418199456569	0.0027407774052514	27	27	0.0740009899417878
452.25	442.016653388936	55.3356344056843	0.554867099079552	0.00274005870564646	27	27	0.0739815850524544
452.5	442.229100888276	55.467414753324	0.555552013367987	0.00273925560182871	27	27	0.0739599012493751
452.75	442.441458093489	55.5993405559329	0.556236716336133	0.00273836814333737	27	27	0.0739359398701089
453	442.653724934289	55.7314117045489	0.556921186902164	0.00273739638491506	27	27	0.0739097023927067
453.25	442.865901343315	55.8636280857305	0.557605403998592	0.00273634038650443	27	27	0.0738811904356195
453.5	443.077987256143	55.9959895815674	0.55828934657356	0.00273520021324442	27	27	0.0738504057575993
453.75	443.289982611292	56.1284960696922	0.558972993592149	0.00273397593546629	27	27	0.0738173502575899
454	443.501887350239	56.2611474232915	0.559656324037669	0.00273266762868927	27	27	0.0737820259746103
454.25	443.713701417425	56.3939435111181	0.560339316912957	0.00273127537361588	27	27	0.0737444350876287
454.5	443.925424760266	56.5268841975025	0.561021951241675	0.00272979925612696	27	27	0.0737045799154281
454.75	444.13705732916	56.6599693423659	0.5617042060696	0.00272823936727641	27	27	0.0736624629164631
455	444.348599077499	56.7931988012322	0.56238606046592	0.00272659580328551	27	27	0.0736180866887088
455.25	444.560049961674	56.9265724252415	0.563067493524523	0.00272486866553703	27	27	0.0735714539694998
455.5	444.771409941089	57.0600900611628	0.563748484365286	0.00272305806056896	27	27	0.073522567635362
455.75	444.982678978161	57.1937515514074	0.564429012135366	0.00272116410006795	27	27	0.0734714307018347
456	445.193857038338	57.3275567340431	0.565109056010482	0.0027191869008624	27	27	0.0734180463232848
456.25	445.404944090096	57.4615054428077	0.565788595196204	0.00271712658491527	27	27	0.0733624177927122
456.5	445.615940104958	57.5955975071234	0.566467608929233	0.00271498327931655	27	27	0.0733045485415469
456.75	445.826845057492	57.7298327521111	0.567146076478682	0.00271275711627543	27	27	0.0732444421394367
457	446.037658925321	57.8642109986055	0.567823977147356	0.00271044823311214	27	27	0.0731821022940277
457.25	446.248381689133	57.9987320631699	0.568501290273026	0.00270805677224945	27	27	0.0731175328507352
457.5	446.459013332683	58.1333957581114	0.569177995229708	0.00270558288120395	27	27	0.0730507377925065
457.75	446.669553842803	58.2682018914965	0.56985407142893	0.00270302671257688	27	27	0.0729817212395756
458	446.880003209407	58.403150267167	0.570529498321008	0.00270038842404476	27	27	0.0729104874492086
458.25	447.090361425495	58.5382406847558	0.571204255396307	0.00269766817834967	27	27	0.072837040815441
458.5	447.300628487161	58.6734729397032	0.571878322186512	0.00269486614328916	27	27	0.0727613858688073
458.75	447.510804393599	58.8088468232736	0.572551678265887	0.00269198249170596	27	27	0.072683527276061
459	447.720889147106	58.9443621225721	0.573224303252534	0.00268901740147729	27	27	0.0726034698398868
459.25	447.930882753088	59.0800186205616	0.573896176809657	0.00268597105550387	27	27	0.0725212184986044
459.5	448.140785220065	59.21581609608	0.574567278646807	0.00268284364169867	27	27	0.0724367783258641
459.75	448.350596559674	59.3517543238575	0.575237588521142	0.00267963535297531	27	27	0.0723501545303334
460	448.560316786677	59.4878330745347	0.575907086238668	0.00267634638723615	27	27	0.0722613524553761
460.25	448.76994591896	59.6240521146805	0.576575751655493	0.00267297694736009	27	27	0.0721703775787224
460.5	448.97948397754	59.7604112068098	0.577243564679061	0.00266952724119005	27	27	0.0720772355121313
460.75	449.188930986569	59.8969101094026	0.5779105052694	0.00266599748152016	27	27	0.0719819320010442
461	449.398286973333	60.0335485769222	0.578576553440351	0.00266238788608261	27	27	0.0718844729242306
461.25	449.607551968259	60.1703263598343	0.579241689260803	0.00265869867753427	27	27	0.0717848642934253
461.5	449.816726004919	60.307243204626	0.579905892855925	0.00265493008344289	27	27	0.071683112252958
461.75	450.025809120025	60.444298853825	0.580569144408389	0.00265108233627311	27	27	0.0715792230793739
462	450.234801353441	60.5814930460195	0.581231424159595	0.00264715567337209	27	27	0.0714732031810463
462.25	450.443702748177	60.7188255158777	0.581892712410886	0.0026431503369549	27	27	0.0713650590977822
462.5	450.652513350395	60.8562959941679	0.582552989524766	0.00263906657408956	27	27	0.071254797500418
462.75	450.861233209409	60.9939042077786	0.583212235926113	0.00263490463668179	27	27	0.0711424251904084
463	451.069862377687	61.1316498797389	0.583870432103381	0.00263066478145951	27	27	0.0710279490994067
463.25	451.278400910849	61.2695327292394	0.584527558609808	0.00262634726995695	27	27	0.0709113762888375
463.5	451.486848867674	61.4075524716524	0.585183596064614	0.00262195236849855	27	27	0.0707927139494609
463.75	451.695206310091	61.5457088185539	0.5858385251542	0.00261748034818255	27	27	0.0706719694009289
464	451.903473303189	61.6840014777438	0.58649232663333	0.00261293148486422	27	27	0.0705491500913341
464.25	452.111649915211	61.8224301532682	0.587144981326331	0.00260830605913888	27	27	0.0704242635967498
464.5	452.319736217552	61.9609945454403	0.587796470128264	0.00260360435632458	27	27	0.0702973176207635
464.75	452.527732284764	62.0996943508629	0.58844677400611	0.00259882666644448	27	27	0.0701683199940009
465	452.735638194551	62.2385292624501	0.589095873999941	0.00259397328420901	27	27	0.0700372786736432
465.25	452.94345402777	62.3774989694494	0.589743751224092	0.00258904450899765	27	27	0.0699042017429364
465.5	453.151179868427	62.5166031574645	0.590390386868322	0.00258404064484046	27	27	0.0697690974106923
465.75	453.358815803677	62.6558415084774	0.591035762198977	0.00257896200039936	27	27	0.0696319740107827
466	453.566361923822	62.7952137008719	0.591679858560146	0.00257380888894906	27	27	0.0694928400016246
466.25	453.773818322308	62.9347194094557	0.592322657374809	0.00256858162835775	27	27	0.0693517039656592
466.5	453.981185095721	63.0743583054844	0.592964140145987	0.00256328054106748	27	27	0.0692085746088219
466.75	454.188462343789	63.2141300566843	0.59360428845788	0.00255790595407429	27	27	0.0690634607600057
467	454.395650169373	63.3540343272759	0.594243083977003	0.00255245819890802	27	27	0.0689163713705164
467.25	454.602748678467	63.4940707779981	0.594880508453318	0.00254693761161186	27	27	0.0687673155135203
467.5	454.809757980195	63.6342390661314	0.595516543721359	0.00254134453272166	27	27	0.0686163023834849
467.75	455.016678186803	63.7745388455225	0.596151171701355	0.00253567930724486	27	27	0.0684633412956112
468	455.22350941366	63.9149697666083	0.596784374400341	0.00252994228463925	27	27	0.0683084416852598
468.25	455.430251779248	64.0555314764399	0.597416133913269	0.00252413381879142	27	27	0.0681516131073682
468.5	455.636905405164	64.1962236187079	0.598046432424118	0.00251825426799488	27	27	0.0679928652358619
468.75	455.843470416107	64.3370458337665	0.598675252206983	0.00251230399492805	27	27	0.0678322078630572
469	456.04994693988	64.4779977586584	0.599302575627178	0.00250628336663177	27	27	0.0676696508990578
469.25	456.256335107379	64.6190790271401	0.599928385142318	0.00250019275448678	27	27	0.0675052043711429
469.5	456.46263505259	64.7602892697071	0.600552663303403	0.0024940325341907	27	27	0.067338878423149
469.75	456.668846912583	64.9016281136186	0.601175392755893	0.00248780308573496	27	27	0.067170683314844
470	456.874970827504	65.0430951829238	0.601796556240783	0.00248150479338127	27	27	0.0670006294212943
470.25	457.081006940568	65.1846900984871	0.60241613659566	0.00247513804563798	27	27	0.0668287272322253
470.5	457.286955398055	65.3264124780137	0.603034116755769	0.00246870323523606	27	27	0.0666549873513737
470.75	457.4928163493	65.468261936076	0.603650479755062	0.00246220075910495	27	27	0.0664794204958337
471	457.698589946686	65.6102380841394	0.604265208727244	0.002455631018348	27	27	0.0663020374953959
471.25	457.904276345636	65.7523405305882	0.604878286906814	0.00244899441821776	27	27	0.0661228492918794
471.5	458.109875704608	65.8945688807526	0.605489697630103	0.00244229136809099	27	27	0.0659418669384566
471.75	458.315388185081	66.0369227369346	0.606099424336295	0.00243552228144339	27	27	0.0657591015989716
472	458.520813951551	66.1794016984349	0.606707450568453	0.00242868757582413	27	27	0.0655745645472514
472.25	458.72615317152	66.3220053615796	0.607313759974535	0.00242178767283002	27	27	0.0653882671664107
472.5	458.931406015489	66.4647333197468	0.607918336308399	0.0024148229980796	27	27	0.0652002209481493
472.75	459.136572656946	66.6075851633941	0.608521163430807	0.00240779398118681	27	27	0.0650104374920438
473	459.341653272356	66.7505604800852	0.609122225310422	0.00240070105573451	27	27	0.0648189285048318
473.25	459.546648041155	66.8936588545177	0.609721506024795	0.00239354465924777	27	27	0.0646257057996897
473.5	459.751557145734	67.0368798685498	0.610318989761347	0.00238632523316682	27	27	0.0644307812955041
473.75	459.956380771435	67.1802231012284	0.610914660818345	0.00237904322281987	27	27	0.0642341670161365
474	460.161119106535	67.3236881288162	0.611508503605872	0.00237169907739563	27	27	0.0640358750896819
474.25	460.365772342235	67.4672745248197	0.612100502646786	0.00236429324991557	27	27	0.0638359177477203
474.5	460.570340672654	67.6109818600171	0.612690642577676	0.00235682619720602	27	27	0.0636343073245625
474.75	460.774824294812	67.754809702486	0.61327890814981	0.00234929837986997	27	27	0.0634310562564891
475	460.979223408619	67.8987576176315	0.613865284230077	0.00234171026225864	27	27	0.0632261770809832
475.25	461.183538216867	68.0428251682144	0.614449755801914	0.00233406231244287	27	27	0.0630196824359576
475.5	461.38776892521	68.1870119143795	0.615032307966243	0.00232635500218424	27	27	0.0628115850589746
475.75	461.591915742159	68.3313174136838	0.615612925942379	0.00231858880690595	27	27	0.0626018977864606
476	461.795978879066	68.4757412211251	0.61619159506895	0.0023107642056635	27	27	0.0623906335529144
476.25	461.999958550108	68.6202828891705	0.616768300804797	0.00230288168111515	27	27	0.062177805390109
476.5	462.20385497228	68.7649419677849	0.617343028729873	0.00229494171949214	27	27	0.0619634264262879
476.75	462.407668365374	68.90971800446	0.617915764546131	0.00228694481056872	27	27	0.0617475098853555
477	462.611398951972	69.0546105442429	0.618486494078406	0.0022788914476319	27	27	0.0615300690860612
477.25	462.815046957424	69.1996191297653	0.619055203275292	0.00227078212745102	27	27	0.0613111174411775
477.5	463.018612609842	69.3447433012722	0.619621878210004	0.00226261735024717	27	27	0.0610906684566735
477.75	463.22209614008	69.4899825966509	0.620186505081243	0.00225439761966225	27	27	0.0608687357308807
478	463.425497781718	69.6353365514608	0.620749070214041	0.00224612344272797	27	27	0.0606453329536552
478.25	463.628817771052	69.7808046989619	0.621309560060612	0.00223779532983454	27	27	0.0604204739055325
478.5	463.832056347072	69.9263865701446	0.621867961201178	0.00222941379469918	27	27	0.060194172456878
478.75	464.035213751454	70.072081693759	0.622424260344807	0.00222097935433448	27	27	0.0599664425670309
479	464.238290228535	70.2178895963442	0.622978444330226	0.00221249252901643	27	27	0.0597372982834436
479.25	464.441286025304	70.3638098022581	0.623530500126635	0.0022039538422524	27	27	0.0595067537408148
479.5	464.644201391383	70.5098418337071	0.62408041483451	0.00219536382074881	27	27	0.0592748231602179
479.75	464.847036579008	70.6559852107755	0.624628175686401	0.00218672299437865	27	27	0.0590415208482236
480	465.049791843017	70.8022394514553	0.625173770047717	0.0021780318961488	27	27	0.0588068611960175
480.25	465.252467440827	70.9486040716762	0.625717185417506	0.00216929106216712	27	27	0.0585708586785122
480.5	465.45506363242	71.0950785853356	0.626258409429229	0.00216050103160944	27	27	0.0583335278534548
480.75	465.657580680327	71.2416625043282	0.626797429851515	0.00215166234668623	27	27	0.0580948833605283
481	465.860018849604	71.3883553385762	0.627334234588927	0.00214277555260923	27	27	0.0578549399204493
481.25	466.06237840782	71.5351565960595	0.627868811682698	0.00213384119755775	27	27	0.0576137123340593
481.5	466.264659625035	71.6820657828454	0.628401149311474	0.0021248598326449	27	27	0.0573712154814123
481.75	466.466862773782	71.8290824031195	0.62893123579204	0.00211583201188356	27	27	0.0571274643208562
482	466.668988129049	71.9762059592151	0.629459059580044	0.00210675829215226	27	27	0.056882473888111
482.25	466.871035968259	72.1234359516441	0.629984609270708	0.00209763923316076	27	27	0.0566362592953404
482.5	467.07300657125	72.2707718791272	0.63050787359953	0.00208847539741557	27	27	0.0563888357302203
482.75	467.274900220258	72.4182132386239	0.63102884144298	0.00207926735018525	27	27	0.0561402184550018
483	467.476717199894	72.5657595253635	0.631547501819187	0.00207001565946553	27	27	0.0558904228055693
483.25	467.678457797125	72.7134102328752	0.632063843888613	0.00206072089594427	27	27	0.0556394641904953
483.5	467.880122301256	72.8611648530187	0.632577856954727	0.00205138363296627	27	27	0.0553873580900892
483.75	468.081711003905	73.0090228760147	0.63308953046466	0.00204200444649788	27	27	0.0551341200554428
484	468.283224198986	73.1569837904755	0.633598854009858	0.00203258391509152	27	27	0.0548797657074709
484.25	468.484662182688	73.3050470834358	0.634105817326726	0.00202312261984992	27	27	0.0546243107359479
484.5	468.68602525345	73.4532122403831	0.634610410297256	0.00201362114439036	27	27	0.0543677708985398
484.75	468.887313711945	73.6014787452884	0.635112622949656	0.00200408007480859	27	27	0.0541101620198319
485	469.088527861053	73.7498460806373	0.635612445458963	0.00199449999964273	27	27	0.0538514999903536
485.25	469.289668005845	73.89831372746	0.636109868147648	0.00198488150983693	27	27	0.0535918007655971
485.5	469.490734453556	74.0468811653631	0.636604881486215	0.00197522519870496	27	27	0.0533310803650339
485.75	469.691727513564	74.1955478725593	0.63709747609379	0.00196553166189357	27	27	0.0530693548711264
486	469.89264749737	74.3443133258991	0.637587642738695	0.00195580149734578	27	27	0.052806640428336
486.25	470.093494718573	74.4931770009011	0.638075372339021	0.00194603530526396	27	27	0.052542953242127
486.5	470.294269492847	74.6421383717833	0.638560655963188	0.00193623368807285	27	27	0.052278309577967
486.75	470.49497213792	74.7911969114935	0.639043484830495	0.00192639725038237	27	27	0.0520127257603239
487	470.69560297355	74.9403520917408	0.639523850311662	0.00191652659895032	27	27	0.0517462181716585
487.25	470.896162321499	75.0896033830258	0.640001743929361	0.00190662234264498	27	27	0.0514788032514144
487.5	471.096650505514	75.2389502546722	0.640477157358743	0.00189668509240753	27	27	0.0512104974950033
487.75	471.297067851298	75.3883921748575	0.640950082427945	0.00188671546121438	27	27	0.0509413174527883
488	471.497414686492	75.5379286106438	0.641420511118602	0.00187671406403934	27	27	0.0506712797290622
488.25	471.697691340646	75.6875590280089	0.641888435566334	0.0018666815178157	27	27	0.0504004009810238
488.5	471.897898145197	75.8372828918775	0.642353848061236	0.00185661844139816	27	27	0.0501286979177503
488.75	472.098035433442	75.9870996661517	0.642816741048351	0.00184652545552468	27	27	0.0498561872991664
489	472.298103540517	76.1370088137426	0.643277107128139	0.00183640318277818	27	27	0.0495828859350108
489.25	472.49810280337	76.2870097966006	0.64373493905693	0.00182625224754811	27	27	0.0493088106837989
489.5	472.698033560735	76.4371020757471	0.644190229747372	0.00181607327599197	27	27	0.0490339784517833
489.75	472.897896153109	76.5872851113051	0.644642972268871	0.00180586689599669	27	27	0.0487584061919106
490	473.097690922726	76.7375583625301	0.645093159848013	0.00179563373713985	27	27	0.0484821109027758
490.25	473.29741821353	76.8879212878414	0.645540785868987	0.00178537443065089	27	27	0.0482051096275739
490.5	473.49707837115	77.0383733448531	0.645985843873989	0.00177508960937216	27	27	0.0479274194530483
490.75	473.696671742876	77.1889139904047	0.646428327563626	0.00176477990771989	27	27	0.047649057508437
491	473.89619867763	77.3395426805926	0.646868230797297	0.00175444596164503	27	27	0.0473700409644159
491.25	474.095659525941	77.4902588708007	0.647305547593577	0.00174408840859407	27	27	0.0470903870320398
491.5	474.295054639921	77.6410620157314	0.647740272130584	0.00173370788746965	27	27	0.0468101129616805
491.75	474.494384373234	77.7919515694368	0.648172398746342	0.00172330503859122	27	27	0.0465292360419628
492	474.693649081073	77.9429269853495	0.648601921939123	0.00171288050365549	27	27	0.0462477735986983
492.25	474.89284912013	78.0939877163136	0.649028836367792	0.0017024349256969	27	27	0.0459657429938162
492.5	475.091984848575	78.2451332146154	0.649453136852135	0.00169196894904788	27	27	0.0456831616242928
492.75	475.29105662602	78.3963629320145	0.649874818373179	0.00168148321929918	27	27	0.0454000469210779
493	475.490064813502	78.5476763197748	0.650293876073498	0.00167097838326	27	27	0.0451164163480201
493.25	475.689009773445	78.6990728286951	0.650710305257521	0.00166045508891811	27	27	0.0448322874007891
493.5	475.887891869641	78.8505519091401	0.65112410139181	0.00164991398539988	27	27	0.0445476776057968
493.75	476.08671146722	79.0021130110714	0.651535260105352	0.00163935572293022	27	27	0.0442626045191159
494	476.285468932619	79.1537555840779	0.651943777189817	0.00162878095279249	27	27	0.0439770857253972
494.25	476.484164633559	79.305479077407	0.652349648599827	0.00161819032728833	27	27	0.0436911388367849
494.5	476.682798939013	79.4572829399951	0.6527528704532	0.00160758449969741	27	27	0.04340478149183
494.75	476.881372219182	79.6091666204984	0.653153439031192	0.00159696412423712	27	27	0.0431180313544023
495	477.079884845461	79.7611295673237	0.653551350778725	0.00158632985602226	27	27	0.0428309061126011
495.25	477.278337190416	79.913171228659	0.653946602304606	0.00157568235102459	27	27	0.0425434234776638
495.5	477.476729627755	80.0652910525043	0.654339190381738	0.00156502226603235	27	27	0.0422556011828734
495.75	477.675062532296	80.2174884867019	0.654729111947318	0.00155435025860981	27	27	0.0419674569824649
496	477.873336279941	80.3697629789675	0.655116364103026	0.00154366698705666	27	27	0.0416790086505298
496.25	478.071551247648	80.5221139769202	0.655500944115204	0.0015329731103674	27	27	0.0413902739799199
496.5	478.269707813398	80.6745409281134	0.655882849415024	0.00152226928819073	27	27	0.0411012707811498
496.75	478.467806356172	80.8270432800654	0.656262077598647	0.00151155618078882	27	27	0.0408120168812981
497	478.665847255917	80.9796204802893	0.65663862642737	0.00150083444899659	27	27	0.0405225301229079
497.25	478.86383089352	81.132271976324	0.657012493827767	0.00149010475418096	27	27	0.0402328283628861
497.5	479.061757650775	81.2849972157645	0.657383677891815	0.00147936775820006	27	27	0.0399429294714017
497.75	479.259627910361	81.4377956462919	0.65775217687701	0.00146862412336237	27	27	0.039652851330784
498	479.457442055802	81.590666715704	0.658117989206478	0.00145787451238589	27	27	0.039362611834419
498.25	479.655200471449	81.7436098719456	0.658481113469071	0.00144711958835726	27	27	0.0390722288856461
498.5	479.852903542439	81.8966245631384	0.658841548419452	0.00143636001469087	27	27	0.0387817203966534
498.75	480.050551654677	82.0497102376117	0.659199292978175	0.00142559645508789	27	27	0.0384911042873729
499	480.248145194796	82.2028663439321	0.659554346231748	0.00141482957349537	27	27	0.0382003984843751
499.25	480.445684550134	82.3560923309335	0.659906707432693	0.00140406003406531	27	27	0.0379096209197633
499.5	480.643170108702	82.5093876477479	0.66025637599959	0.00139328850111361	27	27	0.0376187895300674
499.75	480.840602259152	82.6627517438343	0.660603351517114	0.00138251563907916	27	27	0.0373279222551375
500	481.037981390753	82.8161840690098	0.660947633736059	0.00137174211248285	27	27	0.037037037037037
500.25	481.235307893352	82.9696840734785	0.661289222573355	0.00136096858588654	27	27	0.0367461518189366
500.5	481.432582157353	83.1232512078619	0.661628118112073	0.0013501957238521	27	27	0.0364552845440066
500.75	481.629804573682	83.2768849232287	0.661964320601417	0.0013394241909004	27	27	0.0361644531543107
501	481.826975533757	83.4305846711244	0.662297830456713	0.00132865465147033	27	27	0.035873675589699
501.25	482.024095429459	83.5843499036008	0.662628648259382	0.00131788776987782	27	27	0.0355829697867012
501.5	482.221164653101	83.7381800732462	0.662956774756901	0.00130712421027484	27	27	0.0352923536774206
501.75	482.418183597398	83.8920746332143	0.663282210862761	0.00129636463660844	27	27	0.0350018451884279
502	482.615152655439	84.0460330372545	0.66360495765641	0.00128560971257982	27	27	0.0347114622396551
502.25	482.812072220651	84.2000547397406	0.663925016383183	0.00127486010160334	27	27	0.0344212227432901
502.5	483.008942686774	84.3541391957007	0.664242388454229	0.00126411646676564	27	27	0.0341311446026724
502.75	483.205764447828	84.5082858608463	0.664557075446423	0.00125337947078474	27	27	0.033841245711188
503	483.402537898084	84.662494191602	0.664869079102267	0.00124264977596912	27	27	0.0335515439511661
503.25	483.599263432031	84.8167636451342	0.665178401329785	0.00123192804417689	27	27	0.0332620571927759
503.5	483.79594144435	84.9710936793805	0.665485044202404	0.00122121493677497	27	27	0.0329728032929242
503.75	483.992572329877	85.1254837530791	0.665789009958826	0.0012105111145983	27	27	0.0326838000941542
504	484.189156483581	85.2799333257972	0.666090301002889	0.00119981723790905	27	27	0.0323950654235443
504.25	484.385694300524	85.4344418579606	0.666388919903422	0.0011891339663559	27	27	0.0321066170916092
504.5	484.582186175838	85.5890088108825	0.666684869394083	0.00117846195893336	27	27	0.0318184728912006
504.75	484.778632504691	85.7436336467919	0.666978152373193	0.00116780187394112	27	27	0.0315306505964103
505	484.975033682258	85.8983158288629	0.667268771903553	0.00115715436894344	27	27	0.0312431679614729
505.25	485.171390103689	86.0530548212433	0.667556731212262	0.00114652010072858	27	27	0.0309560427196717
505.5	485.367702164079	86.2078500890829	0.667842033690512	0.0011358997252683	27	27	0.0306692925822441
505.75	485.563970258437	86.3627010985626	0.66812468289338	0.00112529389767738	27	27	0.0303829352372892
506	485.760194781659	86.5176073169225	0.668404682539611	0.00111470327217322	27	27	0.0300969883486769
506.25	485.95637612849	86.6725682124907	0.668682036511388	0.00110412850203549	27	27	0.0298114695549582
506.5	486.152514693503	86.8275832547111	0.668956748854088	0.00109357023956583	27	27	0.0295263964682773
506.75	486.348610871061	86.9826519141724	0.669228823776039	0.00108302913604759	27	27	0.029241786673285
507	486.54466505529	87.1377736626357	0.669498265648259	0.0010725058417057	27	27	0.028957657726054
507.25	486.740677640048	87.292947973063	0.66976507900418	0.00106200100566652	27	27	0.0286740271529962
507.5	486.936649018894	87.4481743196451	0.670029268539378	0.00105151527591783	27	27	0.0283909124497813
507.75	487.132579585059	87.6034521778296	0.670290839111276	0.00104104929926881	27	27	0.0281083310802578
508	487.328469731414	87.7587810243489	0.670549795738849	0.00103060372131021	27	27	0.0278263004753758
508.25	487.524319850441	87.9141603372481	0.670806143602309	0.00102017918637449	27	27	0.0275448380321112
508.5	487.720130334203	88.0695895959123	0.671059888042793	0.00100977633749606	27	27	0.0272639611123936
508.75	487.915901574312	88.2250682810949	0.671311034562027	0.00099939581637164	27	27	0.0269836870420343
509	488.111633961901	88.3805958749447	0.671559588821988	0.000989038263320673	27	27	0.0267040331096582
509.25	488.307327887592	88.5361718610336	0.671805556644559	0.000978704317245818	27	27	0.0264250165656371
509.5	488.502983741468	88.6917957243841	0.672048944011164	0.000968394615593548	27	27	0.0261466546210258
509.75	488.698601913041	88.8474669514965	0.672289757062402	0.000958109794314821	27	27	0.0258689644465002
510	488.894182791222	89.0031850303762	0.67252800209767	0.000947850487825861	27	27	0.0255919631712982
510.25	489.089726764293	89.1589494505609	0.672763685574769	0.000937617328969018	27	27	0.0253156678821635
510.5	489.285234219877	89.3147597031475	0.672996814109512	0.000927410948973732	27	27	0.0250400956222908
510.75	489.480705544906	89.4706152808194	0.673227394475311	0.000917231977417598	27	27	0.0247652633902751
511	489.676141125593	89.6265156778732	0.673455433602762	0.000907081042187529	27	27	0.0244911881390633
511.25	489.871541347402	89.7824603902458	0.673680938579215	0.000896958769441024	27	27	0.0242178867749077
511.5	490.066906595019	89.9384489155404	0.673903916648341	0.000886865783567549	27	27	0.0239453761563238
511.75	490.262237252321	90.0944807530542	0.674124375209681	0.000876802707150011	27	27	0.0236736730930503
512	490.457533702348	90.2505554038039	0.674342321818191	0.000866770160926368	27	27	0.0234027943450119
512.25	490.652796327274	90.406672370553	0.674557764183775	0.000856768763751326	27	27	0.0231327566212858
512.5	490.848025508377	90.5628311578377	0.674770710170814	0.000846799132558176	27	27	0.0228635765790707
512.75	491.043221626007	90.7190312719931	0.674981167797674	0.00083686188232073	27	27	0.0225952708226597
513	491.238385059562	90.8752722211797	0.675189145236216	0.00082695762601539	27	27	0.0223278559024155
513.25	491.433516187458	91.0315535154094	0.675394650811291	0.00081708697458334	27	27	0.0220613483137502
513.5	491.628615387096	91.1878746665711	0.675597693000225	0.000807250536892855	27	27	0.0217957644961071
513.75	491.823683034838	91.3442351884572	0.6757982804323	0.000797448919701745	27	27	0.0215311208319471
514	492.018719505975	91.5006345967887	0.675996421888215	0.000787682727619928	27	27	0.021267433645738
514.25	492.2137251747	91.6570724092416	0.676192126299551	0.000777952563072135	27	27	0.0210047192029476
514.5	492.40870041408	91.8135481454719	0.676385402748218	0.000768259026260747	27	27	0.0207429937090402
514.75	492.603645596025	91.9700613271413	0.676576260465892	0.000758602715128778	27	27	0.020482273308477
515	492.798561091264	92.1266114779426	0.676764708833448	0.000748984225322981	27	27	0.0202225740837205
515.25	492.993447269311	92.283198123625	0.676950757380383	0.000739404150157116	27	27	0.0199639120542421
515.5	493.188304498444	92.4398207920191	0.677134415784225	0.000729863080575345	27	27	0.0197063031755343
515.75	493.383133145669	92.5964790130623	0.677315693869936	0.000720361605115783	27	27	0.0194497633381261
516	493.577933576699	92.7531723188233	0.67749460160931	0.00071090030987419	27	27	0.0191943083666031
516.25	493.772706155924	92.9099002435274	0.677671149120353	0.000701479778467826	27	27	0.0189399540186313
516.5	493.967451246382	93.066662323581	0.677845346666661	0.000692100591999441	27	27	0.0186867159839849
516.75	494.162169209731	93.2234580975961	0.678017204656789	0.000682763329021437	27	27	0.0184346098835788
517	494.356860406227	93.3802871064153	0.678186733643604	0.000673468565500177	27	27	0.0181836512685048
517.25	494.551525194688	93.5371488931357	0.678353944323639	0.000664216874780456	27	27	0.0179338556190723
517.5	494.746163932477	93.6940430031336	0.678518847536431	0.000655008827550139	27	27	0.0176852383438537
517.75	494.940776975466	93.8509689840884	0.67868145426385	0.000645844991804951	27	27	0.0174378147787337
518	495.135364678014	94.007926386007	0.678841775629427	0.000636725932813447	27	27	0.0171916001859631
518.25	495.32992739294	94.1649147612473	0.678999822897664	0.000627652213082142	27	27	0.0169466097532178
518.5	495.524465471495	94.3219336645425	0.67915560747334	0.000618624392320807	27	27	0.0167028585926618
518.75	495.718979263337	94.4789826530247	0.679309140900806	0.000609643027407953	27	27	0.0164603617400147
519	495.913469116503	94.6360612862484	0.679460434863276	0.000600708672356474	27	27	0.0162191341536248
519.25	496.107935377385	94.7931691262141	0.679609501182106	0.000591821878279473	27	27	0.0159791907135458
519.5	496.302378390702	94.9503057373917	0.67975635181606	0.000582983193356271	27	27	0.0157405462206193
519.75	496.496798499474	95.1074706867437	0.67990099886058	0.000574193162798586	27	27	0.0155032153955618
520	496.691196045001	95.2646635437483	0.680043454547032	0.000565452328816909	27	27	0.0152672128780566
520.25	496.88557136683	95.4218838804227	0.680183731241957	0.000556761230587053	27	27	0.0150325532258504
520.5	497.079924802734	95.5791312713454	0.680321841446308	0.000548120404216894	27	27	0.0147992509138562
520.75	497.274256688689	95.7364052936798	0.680457797794674	0.000539530382713307	27	27	0.0145673203332593
521	497.468567358843	95.893705527196	0.680591613054507	0.000530991695949278	27	27	0.0143367757906305
521.25	497.662857145496	96.051031554294	0.680723300125329	0.000522504870631229	27	27	0.0141076315070432
521.5	497.857126379072	96.2083829600257	0.680852872037941	0.000514070430266523	27	27	0.0138799016171961
521.75	498.051375388097	96.3657593321173	0.680980341953616	0.000505688895131169	27	27	0.0136536001685416
522	498.245604499174	96.5231602609914	0.681105723163287	0.000497360782237737	27	27	0.0134287411204189
522.25	498.439814036956	96.6805853397891	0.68122902908673	0.000489086605303458	27	27	0.0132053383431934
522.5	498.634004324126	96.8380341643915	0.681350273271733	0.000480866874718541	27	27	0.0129834056174006
522.75	498.828175681372	96.9955063334423	0.681469469393262	0.000472702097514686	27	27	0.0127629566328965
523	499.022328427359	97.1530014483682	0.681586631252618	0.000464592777333811	27	27	0.0125440049880129
523.25	499.216462878713	97.3105191134017	0.681701772776584	0.000456539414396982	27	27	0.0123265641887185
523.5	499.410579349991	97.4680589356011	0.681814908016568	0.000448542505473562	27	27	0.0121106476477862
523.75	499.604678153661	97.625620524873	0.681926051147733	0.00044060254385056	27	27	0.0118962686839651
524	499.798759600078	97.7832034939924	0.682035216468127	0.00043272001930221	27	27	0.0116834405211597
524.25	499.992823997463	97.940807458624	0.682142418397798	0.000424895418059757	27	27	0.0114721762876134
524.5	500.186871651877	98.0984320373431	0.682247671477903	0.000417129222781462	27	27	0.0112624890150995
524.75	500.380902867202	98.256076851656	0.682350990369816	0.000409421912522832	27	27	0.0110543916381165
525	500.574917945114	98.4137415260206	0.68245238985422	0.000401773962707068	27	27	0.0108478969930908
525.25	500.768917185069	98.5714256878671	0.682551884830195	0.00039418584509574	27	27	0.010643017817585
525.5	500.96290088427	98.7291289676175	0.682649490314302	0.000386658027759686	27	27	0.0104397667495115
525.75	501.156869337657	98.8868509987063	0.682745221439653	0.000379190975050138	27	27	0.0102381563263537
526	501.350822837876	99.0445914176004	0.682839093454981	0.00037178514757008	27	27	0.0100381989843922
526.25	501.544761675262	99.2023498638184	0.682931121723695	0.000364441002145836	27	27	0.00983990705793758
526.5	501.73868613782	99.3601259799508	0.683021321722938	0.000357158991798889	27	27	0.00964329277857001
526.75	501.932596511197	99.517919411679	0.683109709042628	0.00034993956571794	27	27	0.00944836827438438
527	502.12649307867	99.6757298077952	0.683196299384497	0.000342783169231194	27	27	0.00925514556924224
527.25	502.320376121117	99.833556820221	0.683281108561123	0.000335690243778898	27	27	0.00906363658203024
527.5	502.514245917005	99.9914001040269	0.683364152494956	0.000328661226886103	27	27	0.00887385312592478
527.75	502.708102742361	100.149259317451	0.683445447217334	0.000321696552135682	27	27	0.00868580690766341
528	502.90194687076	100.307134121917	0.683525008867493	0.000314796649141579	27	27	0.00849950952682262
528.25	503.095778573301	100.465024182054	0.683602853691576	0.000307961943522312	27	27	0.00831497247510243
528.5	503.289598118587	100.622929165716	0.683678998041626	0.000301192856874719	27	27	0.00813220713561741
528.75	503.483405772708	100.780848743995	0.683753458374579	0.00029448980674795	27	27	0.00795122478219464
529	503.677201799222	100.938782591246	0.68382625125125	0.000287853206617709	27	27	0.00777203657867813
529.25	503.870986459133	101.096730385099	0.683897393335309	0.000281283465860754	27	27	0.00759465357824037
529.5	504.064760010875	101.254691806482	0.683966901392258	0.000274780989729643	27	27	0.00741908672270035
529.75	504.258522710293	101.412666539634	0.68403479228839	0.00026834617932773	27	27	0.00724534684184872
530	504.452274810624	101.570654272124	0.684101082989754	0.000261979431584434	27	27	0.00707344465277973
530.25	504.646016562479	101.728654694871	0.684165790561106	0.000255681139230745	27	27	0.00690339075923011
530.5	504.839748213826	101.886667502156	0.684228932164857	0.000249451690775002	27	27	0.00673519565092505
530.75	505.033470009973	102.044692391644	0.684290525060014	0.00024329147047893	27	27	0.00656886970293112
531	505.227182193546	102.202729064398	0.684350586601115	0.000237200858333934	27	27	0.00640442317501622
531.25	505.42088500448	102.360777224896	0.684409134237162	0.000231180230037661	27	27	0.00624186621101684
531.5	505.614578679992	102.518836581046	0.684466185510538	0.000225229956970823	27	27	0.00608120883821222
531.75	505.808263454573	102.676906844206	0.684521758055931	0.000219350406174291	27	27	0.00592246096670586
532	506.001939559966	102.834987729198	0.684575869599243	0.000213541940326454	27	27	0.00576563238881426
532.25	506.195607225152	102.993078954321	0.684628537956499	0.000207804917720846	27	27	0.00561073277846283
532.5	506.389266676335	103.151180241374	0.684679781032745	0.000202139692244044	27	27	0.00545777169058918
532.75	506.58291813692	103.309291315664	0.684729616820945	0.000196546613353841	27	27	0.00530675856055372
533	506.776561827507	103.467411906025	0.684778063400871	0.000191026026057691	27	27	0.00515770270355765
533.25	506.970197965866	103.625541744833	0.68482513893799	0.00018557827089142	27	27	0.00501061331406833
533.5	507.163826766927	103.783680568021	0.684870861682338	0.000180203683898229	27	27	0.00486549946525218
533.75	507.357448442766	103.941828115094	0.684915249967402	0.00017490259660796	27	27	0.00472237010841492
534	507.551063202587	104.099984129143	0.68495832220898	0.000169675336016648	27	27	0.0045812340724495
534.25	507.744671252706	104.258148356859	0.685000096904053	0.000164522224566348	27	27	0.00444210006329141
534.5	507.938272796543	104.416320548549	0.685040592629639	0.000159443580125249	27	27	0.00430497666338172
534.75	508.131868034601	104.574500458149	0.685079828041651	0.000154439715968062	27	27	0.00416987233113766
535	508.325457164458	104.732687843238	0.685117821873741	0.000149510940756697	27	27	0.00403679540043082
535.25	508.519040380748	104.890882465052	0.685154592936151	0.000144657558521228	27	27	0.00390575408007315
535.5	508.712617875151	105.049084088498	0.685190160114546	0.000139879868641131	27	27	0.00377675645331053
535.75	508.906189836378	105.207292482164	0.685224542368855	0.000135178165826823	27	27	0.00364981047732423
536	509.099756450161	105.365507418338	0.685257758732096	0.000130552740101482	27	27	0.00352492398274002
536.25	509.293317899235	105.523728673018	0.685289828309206	0.000126003876783153	27	27	0.00340210467314513
536.5	509.48687436333	105.681956025922	0.685320770275863	0.000121531856467153	27	27	0.00328136012461314
536.75	509.680426019158	105.840189260504	0.685350603877297	0.00011713695500876	27	27	0.00316269778523653
537	509.873973040397	105.998428163968	0.685379348427112	0.000112819443506199	27	27	0.00304612497466736
537.25	510.067515597685	106.156672527275	0.685407023306085	0.000108579588283915	27	27	0.0029316488836657
537.5	510.261053858604	106.314922145159	0.68543364796098	0.00010441765087615	27	27	0.00281927657365605
537.75	510.45458798767	106.473176816138	0.685459241903341	0.000100333888010808	27	27	0.00270901497629182
538	510.648118146323	106.631436342523	0.685483824708292	9.63285515936195e-05	27	27	0.00260087089302773
538.25	510.841644492914	106.789700530434	0.685507416013328	9.24018886926008e-05	27	27	0.00249485099470022
538.5	511.035167182696	106.947969189807	0.685530035517105	8.85541415228158e-05	27	27	0.00239096182111603
538.75	511.22868636781	107.106242134408	0.685551702978224	8.47855474314348e-05	27	27	0.00228920978064874
539	511.422202197282	107.26451918184	0.685572438214013	8.10963388830926e-05	27	27	0.0021896011498435
539.25	511.615714817003	107.42280015356	0.685592261099304	7.74867434455508e-05	27	27	0.00209214207302987
539.5	511.80922436973	107.581084874881	0.685611191565207	7.3956983775658e-05	27	27	0.00199683856194277
539.75	512.002730995066	107.739373174988	0.68562924959788	7.05072776056178e-05	27	27	0.00190369649535168
540	512.196234829459	107.897664886949	0.685646455237296	6.71378377295562e-05	27	27	0.00181272161869802
540.25	512.389736006187	108.055959847717	0.685662828576011	6.38488719903962e-05	27	27	0.0017239195437407
540.5	512.583234655354	108.214257898149	0.685678389757919	6.06405832670369e-05	27	27	0.00163729574821
540.75	512.776730903877	108.372558883009	0.68569315897701	5.75131694618394e-05	27	27	0.00155285557546966
541	512.97022487548	108.530862650978	0.685707156476128	5.44668234884183e-05	27	27	0.00147060423418729
541.25	513.163716690686	108.689169054665	0.685720402545722	5.15017332597432e-05	27	27	0.00139054679801307
541.5	513.357206466806	108.847477950616	0.685732917522589	4.86180816765458e-05	27	27	0.00131268820526674
541.75	513.550694317935	109.005789199317	0.685744721788626	4.58160466160394e-05	27	27	0.00123703325863306
542	513.744180354944	109.164102665209	0.685755835769568	4.3095800920945e-05	27	27	0.00116358662486552
542.25	513.937664685469	109.322418216691	0.685766279933731	4.04575123888306e-05	27	27	0.00109235283449843
542.5	514.131147413908	109.480735726133	0.68577607479075	3.79013437617605e-05	27	27	0.00102333628156753
542.75	514.324628641413	109.639055069876	0.68578524089031	3.5427452716256e-05	27	27	0.000956541223338913
543	514.518108465882	109.797376128246	0.685793798820881	3.303599185357e-05	27	27	0.000891971780046391
543.25	514.711586981954	109.955698785559	0.685801769208449	3.07271086902735e-05	27	27	0.000829631934637385
543.5	514.905064281002	110.114022930127	0.685809172715241	2.85009456491552e-05	27	27	0.00076952553252719
543.75	515.098540451128	110.272348454263	0.685816030038454	2.63576400504384e-05	27	27	0.000711656281361836
544	515.292015577158	110.430675254294	0.685822361908973	2.42973241033078e-05	27	27	0.000656027750789311
544.25	515.485489740631	110.589003230559	0.685828189090098	2.23201248977559e-05	27	27	0.000602643372239409
544.5	515.678963019803	110.74733228742	0.68583353237626	2.04261643967437e-05	27	27	0.000551506438712079
544.75	515.872435489634	110.905662333266	0.685838412591738	1.86155594286757e-05	27	27	0.000502620104574243
545	516.065907221786	111.063993280519	0.685842850589377	1.68884216801953e-05	27	27	0.000455987385365272
545.25	516.25937828462	111.222325045639	0.685846867249298	1.52448576892942e-05	27	27	0.000411611157610944
545.5	516.452848743187	111.38065754913	0.685850483477614	1.36849688387414e-05	27	27	0.000369494158646017
545.75	516.646318659231	111.538990715542	0.685853720205138	1.22088513498289e-05	27	27	0.000329638986445381
546	516.839788091178	111.697324473478	0.685856598386091	1.08165962764365e-05	27	27	0.000292048099463786
546.25	517.033257094134	111.8556587556	0.685859138996813	9.50828949941524e-06	27	27	0.000256723816484211
546.5	517.226725719887	112.013993498626	0.685861363034466	8.28401172128999e-06	27	27	0.00022366831647483
546.75	517.420194016895	112.172328643344	0.685863291515738	7.14383846128055e-06	27	27	0.000192883638454575
547	517.61366203029	112.330664134605	0.685864945475552	6.08784005064472e-06	27	27	0.000164371681367408
547.25	517.807129801871	112.488999921336	0.685866345965762	5.11608162833847e-06	27	27	0.000138134203965139
547.5	518.000597370103	112.647335956535	0.685867514053858	4.22862313699868e-06	27	27	0.000114172824698964
547.75	518.194064770114	112.805672197279	0.685868470821665	3.42551931924548e-06	27	27	9.2489021619628e-05
548	518.387532033693	112.964008604726	0.685869237364044	2.70681971430513e-06	27	27	7.30841322862386e-05
548.25	518.58099918929	113.122345144113	0.68586983478759	2.07256865495482e-06	27	27	5.59593536837803e-05
548.5	518.77446626201	113.280681784766	0.68587028420933	1.52280526478751e-06	27	27	4.11157421492628e-05
548.75	518.967933273614	113.439018500094	0.68587060675542	1.05756345579849e-06	27	27	2.85542133065592e-05
549	519.161400242519	113.597355267595	0.685870823559843	6.76871926294101e-07	27	27	1.82755420099407e-05
549.25	519.354867183794	113.755692068857	0.685870955763104	3.80754159121321e-07	27	27	1.02803622962757e-05
549.5	519.548334109159	113.914028889558	0.685871024510926	1.69228420218673e-07	27	27	4.56916734590416e-06
549.75	519.741801026989	114.072365719467	0.685871050952949	4.23077574901735e-08	27	27	1.14230945223469e-06
550	519.935267942306	114.230702552445	0.685871056241418	0	27	27	0
550.25	520.128734857205	114.389039385935	0.685871056241418	0	27	27	0
550.5	520.322201772104	114.547376219424	0.685871056241418	0	27	27	0
550.75	520.515668687003	114.705713052914	0.685871056241418	0	27	27	0
551	520.709135601902	114.864049886404	0.685871056241418	0	27	27	0
551.25	520.9026025168	115.022386719893	0.685871056241418	0	27	27	0
551.5	521.096069431699	115.180723553383	0.685871056241418	0	27	27	0
551.75	521.289536346598	115.339060386873	0.685871056241418	0	27	27	0
552	521.483003261497	115.497397220362	0.685871056241418	0	27	27	0
552.25	521.676470176396	115.655734053852	0.685871056241418	0	27	27	0
552.5	521.869937091295	115.814070887342	0.685871056241418	0	27	27	0
552.75	522.063404006194	115.972407720831	0.685871056241418	0	27	27	0
553	522.256870921093	116.130744554321	0.685871056241418	0	27	27	0
553.25	522.450337835991	116.289081387811	0.685871056241418	0	27	27	0
553.5	522.64380475089	116.4474182213	0.685871056241418	0	27	27	0
553.75	522.837271665789	116.60575505479	0.685871056241418	0	27	27	0
554	523.030738580688	116.76409188828	0.685871056241418	0	27	27	0
554.25	523.224205495587	116.922428721769	0.685871056241418	0	27	27	0
554.5	523.417672410486	117.080765555259	0.685871056241418	0	27	27	0
554.75	523.611139325385	117.239102388749	0.685871056241418	0	27	27	0
555	523.804606240283	117.397439222238	0.685871056241418	0	27	27	0
555.25	523.998073155182	117.555776055728	0.685871056241418	0	27	27	0
555.5	524.191540070081	117.714112889218	0.685871056241418	0	27	27	0
555.75	524.38500698498	117.872449722707	0.685871056241418	0	27	27	0
556	524.578473899879	118.030786556197	0.685871056241418	0	27	27	0
556.25	524.771940814778	118.189123389687	0.685871056241418	0	27	27	0
556.5	524.965407729677	118.347460223176	0.685871056241418	0	27	27	0
556.75	525.158874644575	118.505797056666	0.685871056241418	0	27	27	0
557	525.352341559474	118.664133890156	0.685871056241418	0	27	27	0
557.25	525.545808474373	118.822470723645	0.685871056241418	0	27	27	0
557.5	525.739275389272	118.980807557135	0.685871056241418	0	27	27	0
557.75	525.932742304171	119.139144390625	0.685871056241418	0	27	27	0
558	526.12620921907	119.297481224114	0.685871056241418	0	27	27	0
558.25	526.319676133969	119.455818057604	0.685871056241418	0	27	27	0
558.5	526.513143048868	119.614154891094	0.685871056241418	0	27	27	0
558.75	526.706609963766	119.772491724583	0.685871056241418	0	27	27	0
559	526.900076878665	119.930828558073	0.685871056241418	0	27	27	0
559.25	527.093543793564	120.089165391563	0.685871056241418	0	27	27	0
559.5	527.287010708463	120.247502225052	0.685871056241418	0	27	27	0
559.75	527.480477623362	120.405839058542	0.685871056241418	0	27	27	0
560	527.673944538261	120.564175892032	0.685871056241418	0	27	27	0
560.25	527.86741145316	120.722512725521	0.685871056241418	0	27	27	0
560.5	528.060878368058	120.880849559011	0.685871056241418	0	27	27	0
560.75	528.254345282957	121.039186392501	0.685871056241418	0	27	27	0
561	528.447812197856	121.19752322599	0.685871056241418	0	27	27	0
561.25	528.641279112755	121.35586005948	0.685871056241418	0	27	27	0
561.5	528.834746027654	121.51419689297	0.685871056241418	0	27	27	0
561.75	529.028212942553	121.672533726459	0.685871056241418	0	27	27	0
562	529.221679857452	121.830870559949	0.685871056241418	0	27	27	0
562.25	529.41514677235	121.989207393439	0.685871056241418	0	27	27	0
562.5	529.608613687249	122.147544226928	0.685871056241418	0	27	27	0
562.75	529.802080602148	122.305881060418	0.685871056241418	0	27	27	0
563	529.995547517047	122.464217893908	0.685871056241418	0	27	27	0
563.25	530.189014431946	122.622554727397	0.685871056241418	0	27	27	0
563.5	530.382481346845	122.780891560887	0.685871056241418	0	27	27	0
563.75	530.575948261744	122.939228394377	0.685871056241418	0	27	27	0
564	530.769415176642	123.097565227866	0.685871056241418	0	27	27	0
564.25	530.962882091541	123.255902061356	0.685871056241418	0	27	27	0
564.5	531.15634900644	123.414238894846	0.685871056241418	0	27	27	0
564.75	531.349815921339	123.572575728335	0.685871056241418	0	27	27	0
565	531.543282836238	123.730912561825	0.685871056241418	0	27	27	0
565.25	531.736749751137	123.889249395315	0.685871056241418	0	27	27	0
565.5	531.930216666036	124.047586228804	0.685871056241418	0	27	27	0
565.75	532.123683580935	124.205923062294	0.685871056241418	0	27	27	0
566	532.317150495833	124.364259895784	0.685871056241418	0	27	27	0
566.25	532.510617410732	124.522596729273	0.685871056241418	0	27	27	0
566.5	532.704084325631	124.680933562763	0.685871056241418	0	27	27	0
566.75	532.89755124053	124.839270396253	0.685871056241418	0	27	27	0
567	533.091018155429	124.997607229742	0.685871056241418	0	27	27	0
567.25	533.284485070328	125.155944063232	0.685871056241418	0	27	27	0
567.5	533.477951985227	125.314280896722	0.685871056241418	0	27	27	0
567.75	533.671418900125	125.472617730211	0.685871056241418	0	27	27	0
568	533.864885815024	125.630954563701	0.685871056241418	0	27	27	0
568.25	534.058352729923	125.789291397191	0.685871056241418	0	27	27	0
568.5	534.251819644822	125.94762823068	0.685871056241418	0	27	27	0
568.75	534.445286559721	126.10596506417	0.685871056241418	0	27	27	0
569	534.63875347462	126.26430189766	0.685871056241418	0	27	27	0
569.25	534.832220389519	126.422638731149	0.685871056241418	0	27	27	0
569.5	535.025687304417	126.580975564639	0.685871056241418	0	27	27	0
569.75	535.219154219316	126.739312398129	0.685871056241418	0	27	27	0
570	535.412621134215	126.897649231619	0.685871056241418	0	27	27	0
570.25	535.606088049114	127.055986065108	0.685871056241418	0	27	27	0
570.5	535.799554964013	127.214322898598	0.685871056241418	0	27	27	0
570.75	535.993021878912	127.372659732088	0.685871056241418	0	27	27	0
571	536.186488793811	127.530996565577	0.685871056241418	0	27	27	0
571.25	536.37995570871	127.689333399067	0.685871056241418	0	27	27	0
571.5	536.573422623608	127.847670232557	0.685871056241418	0	27	27	0
571.75	536.766889538507	128.006007066046	0.685871056241418	0	27	27	0
572	536.960356453406	128.164343899536	0.685871056241418	0	27	27	0
572.25	537.153823368305	128.322680733026	0.685871056241418	0	27	27	0
572.5	537.347290283204	128.481017566515	0.685871056241418	0	27	27	0
572.75	537.540757198103	128.639354400005	0.685871056241418	0	27	27	0
573	537.734224113002	128.797691233495	0.685871056241418	0	27	27	0
573.25	537.9276910279	128.956028066984	0.685871056241418	0	27	27	0
573.5	538.121157942799	129.114364900474	0.685871056241418	0	27	27	0
573.75	538.314624857698	129.272701733964	0.685871056241418	0	27	27	0
574	538.508091772597	129.431038567453	0.685871056241418	0	27	27	0
574.25	538.701558687496	129.589375400943	0.685871056241418	0	27	27	0
574.5	538.895025602395	129.747712234433	0.685871056241418	0	27	27	0
574.75	539.088492517294	129.906049067922	0.685871056241418	0	27	27	0
575	539.281959432192	130.064385901412	0.685871056241418	0	27	27	0
575.25	539.475426347091	130.222722734902	0.685871056241418	0	27	27	0
575.5	539.66889326199	130.381059568391	0.685871056241418	0	27	27	0
575.75	539.862360176889	130.539396401881	0.685871056241418	0	27	27	0
576	540.055827091788	130.697733235371	0.685871056241418	0	27	27	0
576.25	540.249294006687	130.85607006886	0.685871056241418	0	27	27	0
576.5	540.442760921586	131.01440690235	0.685871056241418	0	27	27	0
576.75	540.636227836485	131.17274373584	0.685871056241418	0	27	27	0
577	540.829694751383	131.331080569329	0.685871056241418	0	27	27	0
577.25	541.023161666282	131.489417402819	0.685871056241418	0	27	27	0
577.5	541.216628581181	131.647754236309	0.685871056241418	0	27	27	0
577.75	541.41009549608	131.806091069798	0.685871056241418	0	27	27	0
578	541.603562410979	131.964427903288	0.685871056241418	0	27	27	0
578.25	541.797029325878	132.122764736778	0.685871056241418	0	27	27	0
578.5	541.990496240777	132.281101570267	0.685871056241418	0	27	27	0
578.75	542.183963155675	132.439438403757	0.685871056241418	0	27	27	0
579	542.377430070574	132.597775237247	0.685871056241418	0	27	27	0
579.25	542.570896985473	132.756112070736	0.685871056241418	0	27	27	0
579.5	542.764363900372	132.914448904226	0.685871056241418	0	27	27	0
579.75	542.957830815271	133.072785737716	0.685871056241418	0	27	27	0
580	543.15129773017	133.231122571205	0.685871056241418	0	27	27	0
580.25	543.344764645069	133.389459404695	0.685871056241418	0	27	27	0
580.5	543.538231559967	133.547796238185	0.685871056241418	0	27	27	0
580.75	543.731698474866	133.706133071674	0.685871056241418	0	27	27	0
581	543.925165389765	133.864469905164	0.685871056241418	0	27	27	0
581.25	544.118632304664	134.022806738654	0.685871056241418	0	27	27	0
581.5	544.312099219563	134.181143572143	0.685871056241418	0	27	27	0
581.75	544.505566134462	134.339480405633	0.685871056241418	0	27	27	0
582	544.699033049361	134.497817239123	0.685871056241418	0	27	27	0
582.25	544.89249996426	134.656154072612	0.685871056241418	0	27	27	0
582.5	545.085966879158	134.814490906102	0.685871056241418	0	27	27	0
582.75	545.279433794057	134.972827739592	0.685871056241418	0	27	27	0
583	545.472900708956	135.131164573081	0.685871056241418	0	27	27	0
583.25	545.666367623855	135.289501406571	0.685871056241418	0	27	27	0
583.5	545.859834538754	135.447838240061	0.685871056241418	0	27	27	0
583.75	546.053301453653	135.60617507355	0.685871056241418	0	27	27	0
584	546.246768368552	135.76451190704	0.685871056241418	0	27	27	0
584.25	546.44023528345	135.92284874053	0.685871056241418	0	27	27	0
584.5	546.633702198349	136.081185574019	0.685871056241418	0	27	27	0
584.75	546.827169113248	136.239522407509	0.685871056241418	0	27	27	0
585	547.020636028147	136.397859240999	0.685871056241418	0	27	27	0
585.25	547.214102943046	136.556196074488	0.685871056241418	0	27	27	0
585.5	547.407569857945	136.714532907978	0.685871056241418	0	27	27	0
585.75	547.601036772844	136.872869741468	0.685871056241418	0	27	27	0
586	547.794503687742	137.031206574957	0.685871056241418	0	27	27	0
586.25	547.987970602641	137.189543408447	0.685871056241418	0	27	27	0
586.5	548.18143751754	137.347880241937	0.685871056241418	0	27	27	0
586.75	548.374904432439	137.506217075426	0.685871056241418	0	27	27	0
587	548.568371347338	137.664553908916	0.685871056241418	0	27	27	0
587.25	548.761838262237	137.822890742406	0.685871056241418	0	27	27	0
587.5	548.955305177136	137.981227575895	0.685871056241418	0	27	27	0
587.75	549.148772092035	138.139564409385	0.685871056241418	0	27	27	0
588	549.342239006933	138.297901242875	0.685871056241418	0	27	27	0
588.25	549.535705921832	138.456238076364	0.685871056241418	0	27	27	0
588.5	549.729172836731	138.614574909854	0.685871056241418	0	27	27	0
588.75	549.92263975163	138.772911743344	0.685871056241418	0	27	27	0
589	550.116106666529	138.931248576833	0.685871056241418	0	27	27	0
589.25	550.309573581428	139.089585410323	0.685871056241418	0	27	27	0
589.5	550.503040496327	139.247922243813	0.685871056241418	0	27	27	0
589.75	550.696507411225	139.406259077302	0.685871056241418	0	27	27	0
590	550.889974326124	139.564595910792	0.685871056241418	0	27	27	0
590.25	551.083441241023	139.722932744282	0.685871056241418	0	27	27	0
590.5	551.276908155922	139.881269577771	0.685871056241418	0	27	27	0
590.75	551.470375070821	140.039606411261	0.685871056241418	0	27	27	0
591	551.66384198572	140.197943244751	0.685871056241418	0	27	27	0
591.25	551.857308900619	140.356280078241	0.685871056241418	0	27	27	0
591.5	552.050775815517	140.51461691173	0.685871056241418	0	27	27	0
591.75	552.244242730416	140.67295374522	0.685871056241418	0	27	27	0
592	552.437709645315	140.83129057871	0.685871056241418	0	27	27	0
592.25	552.631176560214	140.989627412199	0.685871056241418	0	27	27	0
592.5	552.824643475113	141.147964245689	0.685871056241418	0	27	27	0
592.75	553.018110390012	141.306301079179	0.685871056241418	0	27	27	0
593	553.211577304911	141.464637912668	0.685871056241418	0	27	27	0
593.25	553.405044219809	141.622974746158	0.685871056241418	0	27	27	0
593.5	553.598511134708	141.781311579648	0.685871056241418	0	27	27	0
593.75	553.791978049607	141.939648413137	0.685871056241418	0	27	27	0
594	553.985444964506	142.097985246627	0.685871056241418	0	27	27	0
594.25	554.178911879405	142.256322080117	0.685871056241418	0	27	27	0
594.5	554.372378794304	142.414658913606	0.685871056241418	0	27	27	0
594.75	554.565845709203	142.572995747096	0.685871056241418	0	27	27	0
595	554.759312624102	142.731332580586	0.685871056241418	0	27	27	0
595.25	554.952779539	142.889669414075	0.685871056241418	0	27	27	0
595.5	555.146246453899	143.048006247565	0.685871056241418	0	27	27	0
595.75	555.339713368798	143.206343081055	0.685871056241418	0	27	27	0
596	555.533180283697	143.364679914544	0.685871056241418	0	27	27	0
596.25	555.726647198596	143.523016748034	0.685871056241418	0	27	27	0
596.5	555.920114113495	143.681353581524	0.685871056241418	0	27	27	0
596.75	556.113581028394	143.839690415013	0.685871056241418	0	27	27	0
597	556.307047943292	143.998027248503	0.685871056241418	0	27	27	0
597.25	556.500514858191	144.156364081993	0.685871056241418	0	27	27	0
597.5	556.69398177309	144.314700915482	0.685871056241418	0	27	27	0
597.75	556.887448687989	144.473037748972	0.685871056241418	0	27	27	0
598	557.080915602888	144.631374582462	0.685871056241418	0	27	27	0
598.25	557.274382517787	144.789711415951	0.685871056241418	0	27	27	0
598.5	557.467849432686	144.948048249441	0.685871056241418	0	27	27	0
598.75	557.661316347584	145.106385082931	0.685871056241418	0	27	27	0
599	557.854783262483	145.26472191642	0.685871056241418	0	27	27	0
599.25	558.048250177382	145.42305874991	0.685871056241418	0	27	27	0
599.5	558.241717092281	145.5813955834	0.685871056241418	0	27	27	0
599.75	558.43518400718	145.739732416889	0.685871056241418	0	27	27	0
600	558.628650922079	145.898069250379	0.685871056241418	0	27	27	0
600.25	558.822117836978	146.056406083869	0.685871056241418	0	27	27	0
600.5	559.015584751877	146.214742917358	0.685871056241418	0	27	27	0
600.75	559.209051666775	146.373079750848	0.685871056241418	0	27	27	0
601	559.402518581674	146.531416584338	0.685871056241418	0	27	27	0
601.25	559.595985496573	146.689753417827	0.685871056241418	0	27	27	0
601.5	559.789452411472	146.848090251317	0.685871056241418	0	27	27	0
601.75	559.982919326371	147.006427084807	0.685871056241418	0	27	27	0
602	560.17638624127	147.164763918296	0.685871056241418	0	27	27	0
602.25	560.369853156169	147.323100751786	0.685871056241418	0	27	27	0
602.5	560.563320071067	147.481437585276	0.685871056241418	0	27	27	0
602.75	560.756786985966	147.639774418765	0.685871056241418	0	27	27	0
603	560.950253900865	147.798111252255	0.685871056241418	0	27	27	0
603.25	561.143720815764	147.956448085745	0.685871056241418	0	27	27	0
603.5	561.337187730663	148.114784919234	0.685871056241418	0	27	27	0
603.75	561.530654645562	148.273121752724	0.685871056241418	0	27	27	0
604	561.724121560461	148.431458586214	0.685871056241418	0	27	27	0
604.25	561.917588475359	148.589795419703	0.685871056241418	0	27	27	0
604.5	562.111055390258	148.748132253193	0.685871056241418	0	27	27	0
604.75	562.304522305157	148.906469086683	0.685871056241418	0	27	27	0
605	562.497989220056	149.064805920172	0.685871056241418	0	27	27	0
605.25	562.691456134955	149.223142753662	0.685871056241418	0	27	27	0
605.5	562.884923049854	149.381479587152	0.685871056241418	0	27	27	0
605.75	563.078389964753	149.539816420641	0.685871056241418	0	27	27	0
606	563.271856879652	149.698153254131	0.685871056241418	0	27	27	0
606.25	563.46532379455	149.856490087621	0.685871056241418	0	27	27	0
606.5	563.658790709449	150.01482692111	0.685871056241418	0	27	27	0
606.75	563.852257624348	150.1731637546	0.685871056241418	0	27	27	0
607	564.045724539247	150.33150058809	0.685871056241418	0	27	27	0
607.25	564.239191454146	150.489837421579	0.685871056241418	0	27	27	0
607.5	564.432658369045	150.648174255069	0.685871056241418	0	27	27	0
607.75	564.626125283944	150.806511088559	0.685871056241418	0	27	27	0
608	564.819592198842	150.964847922048	0.685871056241418	0	27	27	0
608.25	565.013059113741	151.123184755538	0.685871056241418	0	27	27	0
608.5	565.20652602864	151.281521589028	0.685871056241418	0	27	27	0
608.75	565.399992943539	151.439858422517	0.685871056241418	0	27	27	0
609	565.593459858438	151.598195256007	0.685871056241418	0	27	27	0
609.25	565.786926773337	151.756532089497	0.685871056241418	0	27	27	0
609.5	565.980393688236	151.914868922986	0.685871056241418	0	27	27	0
609.75	566.173860603134	152.073205756476	0.685871056241418	0	27	27	0
610	566.367327518033	152.231542589966	0.685871056241418	0	27	27	0
610.25	566.560794432932	152.389879423455	0.685871056241418	0	27	27	0
610.5	566.754261347831	152.548216256945	0.685871056241418	0	27	27	0
610.75	566.94772826273	152.706553090435	0.685871056241418	0	27	27	0
611	567.141195177629	152.864889923924	0.685871056241418	0	27	27	0
611.25	567.334662092528	153.023226757414	0.685871056241418	0	27	27	0
611.5	567.528129007427	153.181563590904	0.685871056241418	0	27	27	0
611.75	567.721595922325	153.339900424393	0.685871056241418	0	27	27	0
612	567.915062837224	153.498237257883	0.685871056241418	0	27	27	0
612.25	568.108529752123	153.656574091373	0.685871056241418	0	27	27	0
612.5	568.301996667022	153.814910924862	0.685871056241418	0	27	27	0
612.75	568.495463581921	153.973247758352	0.685871056241418	0	27	27	0
613	568.68893049682	154.131584591842	0.685871056241418	0	27	27	0
613.25	568.882397411719	154.289921425331	0.685871056241418	0	27	27	0
613.5	569.075864326617	154.448258258821	0.685871056241418	0	27	27	0
613.75	569.269331241516	154.606595092311	0.685871056241418	0	27	27	0
614	569.462798156415	154.764931925801	0.685871056241418	0	27	27	0
614.25	569.656265071314	154.92326875929	0.685871056241418	0	27	27	0
614.5	569.849731986213	155.08160559278	0.685871056241418	0	27	27	0
614.75	570.043198901112	155.23994242627	0.685871056241418	0	27	27	0
615	570.236665816011	155.398279259759	0.685871056241418	0	27	27	0
615.25	570.430132730909	155.556616093249	0.685871056241418	0	27	27	0
615.5	570.623599645808	155.714952926739	0.685871056241418	0	27	27	0
615.75	570.817066560707	155.873289760228	0.685871056241418	0	27	27	0
616	571.010533475606	156.031626593718	0.685871056241418	0	27	27	0
616.25	571.204000390505	156.189963427208	0.685871056241418	0	27	27	0
616.5	571.397467305404	156.348300260697	0.685871056241418	0	27	27	0
616.75	571.590934220303	156.506637094187	0.685871056241418	0	27	27	0
617	571.784401135202	156.664973927677	0.685871056241418	0	27	27	0
617.25	571.9778680501	156.823310761166	0.685871056241418	0	27	27	0
617.5	572.171334964999	156.981647594656	0.685871056241418	0	27	27	0
617.75	572.364801879898	157.139984428146	0.685871056241418	0	27	27	0
618	572.558268794797	157.298321261635	0.685871056241418	0	27	27	0
618.25	572.751735709696	157.456658095125	0.685871056241418	0	27	27	0
618.5	572.945202624595	157.614994928615	0.685871056241418	0	27	27	0
618.75	573.138669539494	157.773331762104	0.685871056241418	0	27	27	0
619	573.332136454392	157.931668595594	0.685871056241418	0	27	27	0
619.25	573.525603369291	158.090005429084	0.685871056241418	0	27	27	0
619.5	573.71907028419	158.248342262573	0.685871056241418	0	27	27	0
619.75	573.912537199089	158.406679096063	0.685871056241418	0	27	27	0
620	574.106004113988	158.565015929553	0.685871056241418	0	27	27	0
620.25	574.299471028887	158.723352763042	0.685871056241418	0	27	27	0
620.5	574.492937943786	158.881689596532	0.685871056241418	0	27	27	0
620.75	574.686404858684	159.040026430022	0.685871056241418	0	27	27	0
621	574.879871773583	159.198363263511	0.685871056241418	0	27	27	0
621.25	575.073338688482	159.356700097001	0.685871056241418	0	27	27	0
621.5	575.266805603381	159.515036930491	0.685871056241418	0	27	27	0
621.75	575.46027251828	159.67337376398	0.685871056241418	0	27	27	0
622	575.653739433179	159.83171059747	0.685871056241418	0	27	27	0
622.25	575.847206348078	159.99004743096	0.685871056241418	0	27	27	0
622.5	576.040673262976	160.148384264449	0.685871056241418	0	27	27	0
622.75	576.234140177875	160.306721097939	0.685871056241418	0	27	27	0
623	576.427607092774	160.465057931429	0.685871056241418	0	27	27	0
623.25	576.621074007673	160.623394764918	0.685871056241418	0	27	27	0
623.5	576.814540922572	160.781731598408	0.685871056241418	0	27	27	0
623.75	577.008007837471	160.940068431898	0.685871056241418	0	27	27	0
624	577.20147475237	161.098405265387	0.685871056241418	0	27	27	0
624.25	577.394941667269	161.256742098877	0.685871056241418	0	27	27	0
624.5	577.588408582167	161.415078932367	0.685871056241418	0	27	27	0
624.75	577.781875497066	161.573415765856	0.685871056241418	0	27	27	0
625	577.975342411965	161.731752599346	0.685871056241418	0	27	27	0
625.25	578.168809326864	161.890089432836	0.685871056241418	0	27	27	0
625.5	578.362276241763	162.048426266325	0.685871056241418	0	27	27	0
625.75	578.555743156662	162.206763099815	0.685871056241418	0	27	27	0
626	578.749210071561	162.365099933305	0.685871056241418	0	27	27	0
626.25	578.942676986459	162.523436766794	0.685871056241418	0	27	27	0
626.5	579.136143901358	162.681773600284	0.685871056241418	0	27	27	0
626.75	579.329610816257	162.840110433774	0.685871056241418	0	27	27	0
627	579.523077731156	162.998447267263	0.685871056241418	0	27	27	0
627.25	579.716544646055	163.156784100753	0.685871056241418	0	27	27	0
627.5	579.910011560954	163.315120934243	0.685871056241418	0	27	27	0
627.75	580.103478475853	163.473457767732	0.685871056241418	0	27	27	0
628	580.296945390751	163.631794601222	0.685871056241418	0	27	27	0
628.25	580.49041230565	163.790131434712	0.685871056241418	0	27	27	0
628.5	580.683879220549	163.948468268201	0.685871056241418	0	27	27	0
628.75	580.877346135448	164.106805101691	0.685871056241418	0	27	27	0
629	581.070813050347	164.265141935181	0.685871056241418	0	27	27	0
629.25	581.264279965246	164.42347876867	0.685871056241418	0	27	27	0
629.5	581.457746880145	164.58181560216	0.685871056241418	0	27	27	0
629.75	581.651213795044	164.74015243565	0.685871056241418	0	27	27	0
630	581.844680709942	164.898489269139	0.685871056241418	0	27	27	0
630.25	582.038147624841	165.056826102629	0.685871056241418	0	27	27	0
630.5	582.23161453974	165.215162936119	0.685871056241418	0	27	27	0
630.75	582.425081454639	165.373499769608	0.685871056241418	0	27	27	0
631	582.618548369538	165.531836603098	0.685871056241418	0	27	27	0
631.25	582.812015284437	165.690173436588	0.685871056241418	0	27	27	0
631.5	583.005482199336	165.848510270077	0.685871056241418	0	27	27	0
631.75	583.198949114234	166.006847103567	0.685871056241418	0	27	27	0
632	583.392416029133	166.165183937057	0.685871056241418	0	27	27	0
632.25	583.585882944032	166.323520770546	0.685871056241418	0	27	27	0
632.5	583.779349858931	166.481857604036	0.685871056241418	0	27	27	0
632.75	583.97281677383	166.640194437526	0.685871056241418	0	27	27	0
633	584.166283688729	166.798531271015	0.685871056241418	0	27	27	0
633.25	584.359750603628	166.956868104505	0.685871056241418	0	27	27	0
633.5	584.553217518526	167.115204937995	0.685871056241418	0	27	27	0
633.75	584.746684433425	167.273541771484	0.685871056241418	0	27	27	0
634	584.940151348324	167.431878604974	0.685871056241418	0	27	27	0
634.25	585.133618263223	167.590215438464	0.685871056241418	0	27	27	0
634.5	585.327085178122	167.748552271953	0.685871056241418	0	27	27	0
634.75	585.520552093021	167.906889105443	0.685871056241418	0	27	27	0
635	585.71401900792	168.065225938933	0.685871056241418	0	27	27	0
635.25	585.907485922819	168.223562772422	0.685871056241418	0	27	27	0
635.5	586.100952837717	168.381899605912	0.685871056241418	0	27	27	0
635.75	586.294419752616	168.540236439402	0.685871056241418	0	27	27	0
636	586.487886667515	168.698573272892	0.685871056241418	0	27	27	0
636.25	586.681353582414	168.856910106381	0.685871056241418	0	27	27	0
636.5	586.874820497313	169.015246939871	0.685871056241418	0	27	27	0
636.75	587.068287412212	169.173583773361	0.685871056241418	0	27	27	0
637	587.261754327111	169.33192060685	0.685871056241418	0	27	27	0
637.25	587.455221242009	169.49025744034	0.685871056241418	0	27	27	0
637.5	587.648688156908	169.64859427383	0.685871056241418	0	27	27	0
637.75	587.842155071807	169.806931107319	0.685871056241418	0	27	27	0
638	588.035621986706	169.965267940809	0.685871056241418	0	27	27	0
638.25	588.229088901605	170.123604774299	0.685871056241418	0	27	27	0
638.5	588.422555816504	170.281941607788	0.685871056241418	0	27	27	0
638.75	588.616022731403	170.440278441278	0.685871056241418	0	27	27	0
639	588.809489646301	170.598615274768	0.685871056241418	0	27	27	0
639.25	589.0029565612	170.756952108257	0.685871056241418	0	27	27	0
639.5	589.196423476099	170.915288941747	0.685871056241418	0	27	27	0
639.75	589.389890390998	171.073625775237	0.685871056241418	0	27	27	0
640	589.583357305897	171.231962608726	0.685871056241418	0	27	27	0
640.25	589.776824220796	171.390299442216	0.685871056241418	0	27	27	0
640.5	589.970291135695	171.548636275706	0.685871056241418	0	27	27	0
640.75	590.163758050594	171.706973109195	0.685871056241418	0	27	27	0
641	590.357224965492	171.865309942685	0.685871056241418	0	27	27	0
641.25	590.550691880391	172.023646776175	0.685871056241418	0	27	27	0
641.5	590.74415879529	172.181983609664	0.685871056241418	0	27	27	0
641.75	590.937625710189	172.340320443154	0.685871056241418	0	27	27	0
642	591.131092625088	172.498657276644	0.685871056241418	0	27	27	0
642.25	591.324559539987	172.656994110133	0.685871056241418	0	27	27	0
642.5	591.518026454886	172.815330943623	0.685871056241418	0	27	27	0
642.75	591.711493369784	172.973667777113	0.685871056241418	0	27	27	0
643	591.904960284683	173.132004610602	0.685871056241418	0	27	27	0
643.25	592.098427199582	173.290341444092	0.685871056241418	0	27	27	0
643.5	592.291894114481	173.448678277582	0.685871056241418	0	27	27	0
643.75	592.48536102938	173.607015111071	0.685871056241418	0	27	27	0
644	592.678827944279	173.765351944561	0.685871056241418	0	27	27	0
644.25	592.872294859178	173.923688778051	0.685871056241418	0	27	27	0
644.5	593.065761774076	174.08202561154	0.685871056241418	0	27	27	0
644.75	593.259228688975	174.24036244503	0.685871056241418	0	27	27	0
645	593.452695603874	174.39869927852	0.685871056241418	0	27	27	0
645.25	593.646162518773	174.557036112009	0.685871056241418	0	27	27	0
645.5	593.839629433672	174.715372945499	0.685871056241418	0	27	27	0
645.75	594.033096348571	174.873709778989	0.685871056241418	0	27	27	0
646	594.22656326347	175.032046612478	0.685871056241418	0	27	27	0
646.25	594.420030178369	175.190383445968	0.685871056241418	0	27	27	0
646.5	594.613497093267	175.348720279458	0.685871056241418	0	27	27	0
646.75	594.806964008166	175.507057112947	0.685871056241418	0	27	27	0
647	595.000430923065	175.665393946437	0.685871056241418	0	27	27	0
647.25	595.193897837964	175.823730779927	0.685871056241418	0	27	27	0
647.5	595.387364752863	175.982067613416	0.685871056241418	0	27	27	0
647.75	595.580831667762	176.140404446906	0.685871056241418	0	27	27	0
648	595.774298582661	176.298741280396	0.685871056241418	0	27	27	0
648.25	595.967765497559	176.457078113885	0.685871056241418	0	27	27	0
648.5	596.161232412458	176.615414947375	0.685871056241418	0	27	27	0
648.75	596.354699327357	176.773751780865	0.685871056241418	0	27	27	0
649	596.548166242256	176.932088614354	0.685871056241418	0	27	27	0
649.25	596.741633157155	177.090425447844	0.685871056241418	0	27	27	0
649.5	596.935100072054	177.248762281334	0.685871056241418	0	27	27	0
649.75	597.128566986953	177.407099114823	0.685871056241418	0	27	27	0
650	597.322033901851	177.565435948313	0.685871056241418	0	27	27	0
650.25	597.51550081675	177.723772781803	0.685871056241418	0	27	27	0
650.5	597.708967731649	177.882109615292	0.685871056241418	0	27	27	0
650.75	597.902434646548	178.040446448782	0.685871056241418	0	27	27	0
651	598.095901561447	178.198783282272	0.685871056241418	0	27	27	0
651.25	598.289368476346	178.357120115761	0.685871056241418	0	27	27	0
651.5	598.482835391245	178.515456949251	0.685871056241418	0	27	27	0
651.75	598.676302306143	178.673793782741	0.685871056241418	0	27	27	0
652	598.869769221042	178.83213061623	0.685871056241418	0	27	27	0
652.25	599.063236135941	178.99046744972	0.685871056241418	0	27	27	0
652.5	599.25670305084	179.14880428321	0.685871056241418	0	27	27	0
652.75	599.450169965739	179.307141116699	0.685871056241418	0	27	27	0
653	599.643636880638	179.465477950189	0.685871056241418	0	27	27	0
653.25	599.837103795537	179.623814783679	0.685871056241418	0	27	27	0
653.5	600.030570710436	179.782151617168	0.685871056241418	0	27	27	0
653.75	600.224037625334	179.940488450658	0.685871056241418	0	27	27	0
654	600.417504540233	180.098825284148	0.685871056241418	0	27	27	0
654.25	600.610971455132	180.257162117637	0.685871056241418	0	27	27	0
654.5	600.804438370031	180.415498951127	0.685871056241418	0	27	27	0
654.75	600.99790528493	180.573835784617	0.685871056241418	0	27	27	0
655	601.191372199829	180.732172618106	0.685871056241418	0	27	27	0
655.25	601.384839114728	180.890509451596	0.685871056241418	0	27	27	0
655.5	601.578306029626	181.048846285086	0.685871056241418	0	27	27	0
655.75	601.771772944525	181.207183118575	0.685871056241418	0	27	27	0
656	601.965239859424	181.365519952065	0.685871056241418	0	27	27	0
656.25	602.158706774323	181.523856785555	0.685871056241418	0	27	27	0
656.5	602.352173689222	181.682193619044	0.685871056241418	0	27	27	0
656.75	602.545640604121	181.840530452534	0.685871056241418	0	27	27	0
657	602.73910751902	181.998867286024	0.685871056241418	0	27	27	0
657.25	602.932574433918	182.157204119513	0.685871056241418	0	27	27	0
657.5	603.126041348817	182.315540953003	0.685871056241418	0	27	27	0
657.75	603.319508263716	182.473877786493	0.685871056241418	0	27	27	0
658	603.512975178615	182.632214619983	0.685871056241418	0	27	27	0
658.25	603.706442093514	182.790551453472	0.685871056241418	0	27	27	0
658.5	603.899909008413	182.948888286962	0.685871056241418	0	27	27	0
658.75	604.093375923312	183.107225120452	0.685871056241418	0	27	27	0
659	604.286842838211	183.265561953941	0.685871056241418	0	27	27	0
659.25	604.480309753109	183.423898787431	0.685871056241418	0	27	27	0
659.5	604.673776668008	183.582235620921	0.685871056241418	0	27	27	0
659.75	604.867243582907	183.74057245441	0.685871056241418	0	27	27	0
660	605.060710497806	183.8989092879	0.685871056241418	0	27	27	0
660.25	605.254177412705	184.05724612139	0.685871056241418	0	27	27	0
660.5	605.447644327604	184.215582954879	0.685871056241418	0	27	27	0
660.75	605.641111242503	184.373919788369	0.685871056241418	0	27	27	0
661	605.834578157401	184.532256621859	0.685871056241418	0	27	27	0
661.25	606.0280450723	184.690593455348	0.685871056241418	0	27	27	0
661.5	606.221511987199	184.848930288838	0.685871056241418	0	27	27	0
661.75	606.414978902098	185.007267122328	0.685871056241418	0	27	27	0
662	606.608445816997	185.165603955817	0.685871056241418	0	27	27	0
662.25	606.801912731896	185.323940789307	0.685871056241418	0	27	27	0
662.5	606.995379646795	185.482277622797	0.685871056241418	0	27	27	0
662.75	607.188846561693	185.640614456286	0.685871056241418	0	27	27	0
663	607.382313476592	185.798951289776	0.685871056241418	0	27	27	0
663.25	607.575780391491	185.957288123266	0.685871056241418	0	27	27	0
663.5	607.76924730639	186.115624956755	0.685871056241418	0	27	27	0
663.75	607.962714221289	186.273961790245	0.685871056241418	0	27	27	0
664	608.156181136188	186.432298623735	0.685871056241418	0	27	27	0
664.25	608.349648051087	186.590635457224	0.685871056241418	0	27	27	0
664.5	608.543114965986	186.748972290714	0.685871056241418	0	27	27	0
664.75	608.736581880884	186.907309124204	0.685871056241418	0	27	27	0
665	608.930048795783	187.065645957693	0.685871056241418	0	27	27	0
665.25	609.123515710682	187.223982791183	0.685871056241418	0	27	27	0
665.5	609.316982625581	187.382319624673	0.685871056241418	0	27	27	0
665.75	609.51044954048	187.540656458162	0.685871056241418	0	27	27	0
666	609.703916455379	187.698993291652	0.685871056241418	0	27	27	0
666.25	609.897383370278	187.857330125142	0.685871056241418	0	27	27	0
666.5	610.090850285176	188.015666958631	0.685871056241418	0	27	27	0
666.75	610.284317200075	188.174003792121	0.685871056241418	0	27	27	0
667	610.477784114974	188.332340625611	0.685871056241418	0	27	27	0
667.25	610.671251029873	188.4906774591	0.685871056241418	0	27	27	0
667.5	610.864717944772	188.64901429259	0.685871056241418	0	27	27	0
667.75	611.058184859671	188.80735112608	0.685871056241418	0	27	27	0
668	611.25165177457	188.965687959569	0.685871056241418	0	27	27	0
668.25	611.445118689468	189.124024793059	0.685871056241418	0	27	27	0
668.5	611.638585604367	189.282361626549	0.685871056241418	0	27	27	0
668.75	611.832052519266	189.440698460038	0.685871056241418	0	27	27	0
669	612.025519434165	189.599035293528	0.685871056241418	0	27	27	0
669.25	612.218986349064	189.757372127018	0.685871056241418	0	27	27	0
669.5	612.412453263963	189.915708960507	0.685871056241418	0	27	27	0
669.75	612.605920178862	190.074045793997	0.685871056241418	0	27	27	0
670	612.799387093761	190.232382627487	0.685871056241418	0	27	27	0
670.25	612.992854008659	190.390719460976	0.685871056241418	0	27	27	0
670.5	613.186320923558	190.549056294466	0.685871056241418	0	27	27	0
670.75	613.379787838457	190.707393127956	0.685871056241418	0	27	27	0
671	613.573254753356	190.865729961445	0.685871056241418	0	27	27	0
671.25	613.766721668255	191.024066794935	0.685871056241418	0	27	27	0
671.5	613.960188583154	191.182403628425	0.685871056241418	0	27	27	0
671.75	614.153655498053	191.340740461914	0.685871056241418	0	27	27	0
672	614.347122412951	191.499077295404	0.685871056241418	0	27	27	0
672.25	614.54058932785	191.657414128894	0.685871056241418	0	27	27	0
672.5	614.734056242749	191.815750962383	0.685871056241418	0	27	27	0
672.75	614.927523157648	191.974087795873	0.685871056241418	0	27	27	0
673	615.120990072547	192.132424629363	0.685871056241418	0	27	27	0
673.25	615.314456987446	192.290761462852	0.685871056241418	0	27	27	0
673.5	615.507923902345	192.449098296342	0.685871056241418	0	27	27	0
673.75	615.701390817243	192.607435129832	0.685871056241418	0	27	27	0
674	615.894857732142	192.765771963321	0.685871056241418	0	27	27	0
674.25	616.088324647041	192.924108796811	0.685871056241418	0	27	27	0
674.5	616.28179156194	193.082445630301	0.685871056241418	0	27	27	0
674.75	616.475258476839	193.24078246379	0.685871056241418	0	27	27	0
675	616.668725391738	193.39911929728	0.685871056241418	0	27	27	0
675.25	616.862192306637	193.55745613077	0.685871056241418	0	27	27	0
675.5	617.055659221536	193.715792964259	0.685871056241418	0	27	27	0
675.75	617.249126136434	193.874129797749	0.685871056241418	0	27	27	0
676	617.442593051333	194.032466631239	0.685871056241418	0	27	27	0
676.25	617.636059966232	194.190803464728	0.685871056241418	0	27	27	0
676.5	617.829526881131	194.349140298218	0.685871056241418	0	27	27	0
676.75	618.02299379603	194.507477131708	0.685871056241418	0	27	27	0
677	618.216460710929	194.665813965197	0.685871056241418	0	27	27	0
677.25	618.409927625828	194.824150798687	0.685871056241418	0	27	27	0
677.5	618.603394540726	194.982487632177	0.685871056241418	0	27	27	0
677.75	618.796861455625	195.140824465666	0.685871056241418	0	27	27	0
678	618.990328370524	195.299161299156	0.685871056241418	0	27	27	0
678.25	619.183795285423	195.457498132646	0.685871056241418	0	27	27	0
678.5	619.377262200322	195.615834966135	0.685871056241418	0	27	27	0
678.75	619.570729115221	195.774171799625	0.685871056241418	0	27	27	0
679	619.76419603012	195.932508633115	0.685871056241418	0	27	27	0
679.25	619.957662945018	196.090845466604	0.685871056241418	0	27	27	0
679.5	620.151129859917	196.249182300094	0.685871056241418	0	27	27	0
679.75	620.344596774816	196.407519133584	0.685871056241418	0	27	27	0
680	620.538063689715	196.565855967074	0.685871056241418	0	27	27	0
680.25	620.731530604614	196.724192800563	0.685871056241418	0	27	27	0
680.5	620.924997519513	196.882529634053	0.685871056241418	0	27	27	0
680.75	621.118464434412	197.040866467543	0.685871056241418	0	27	27	0
681	621.31193134931	197.199203301032	0.685871056241418	0	27	27	0
681.25	621.505398264209	197.357540134522	0.685871056241418	0	27	27	0
681.5	621.698865179108	197.515876968012	0.685871056241418	0	27	27	0
681.75	621.892332094007	197.674213801501	0.685871056241418	0	27	27	0
682	622.085799008906	197.832550634991	0.685871056241418	0	27	27	0
682.25	622.279265923805	197.990887468481	0.685871056241418	0	27	27	0
682.5	622.472732838704	198.14922430197	0.685871056241418	0	27	27	0
682.75	622.666199753603	198.30756113546	0.685871056241418	0	27	27	0
683	622.859666668501	198.46589796895	0.685871056241418	0	27	27	0
683.25	623.0531335834	198.624234802439	0.685871056241418	0	27	27	0
683.5	623.246600498299	198.782571635929	0.685871056241418	0	27	27	0
683.75	623.440067413198	198.940908469419	0.685871056241418	0	27	27	0
684	623.633534328097	199.099245302908	0.685871056241418	0	27	27	0
684.25	623.827001242996	199.257582136398	0.685871056241418	0	27	27	0
684.5	624.020468157895	199.415918969888	0.685871056241418	0	27	27	0
684.75	624.213935072793	199.574255803377	0.685871056241418	0	27	27	0
685	624.407401987692	199.732592636867	0.685871056241418	0	27	27	0
685.25	624.600868902591	199.890929470357	0.685871056241418	0	27	27	0
685.5	624.79433581749	200.049266303846	0.685871056241418	0	27	27	0
685.75	624.987802732389	200.207603137336	0.685871056241418	0	27	27	0
686	625.181269647288	200.365939970826	0.685871056241418	0	27	27	0
686.25	625.374736562187	200.524276804315	0.685871056241418	0	27	27	0
686.5	625.568203477085	200.682613637805	0.685871056241418	0	27	27	0
686.75	625.761670391984	200.840950471295	0.685871056241418	0	27	27	0
687	625.955137306883	200.999287304784	0.685871056241418	0	27	27	0
687.25	626.148604221782	201.157624138274	0.685871056241418	0	27	27	0
687.5	626.342071136681	201.315960971764	0.685871056241418	0	27	27	0
687.75	626.53553805158	201.474297805253	0.685871056241418	0	27	27	0
688	626.729004966479	201.632634638743	0.685871056241418	0	27	27	0
688.25	626.922471881378	201.790971472233	0.685871056241418	0	27	27	0
688.5	627.115938796276	201.949308305722	0.685871056241418	0	27	27	0
688.75	627.309405711175	202.107645139212	0.685871056241418	0	27	27	0
689	627.502872626074	202.265981972702	0.685871056241418	0	27	27	0
689.25	627.696339540973	202.424318806191	0.685871056241418	0	27	27	0
689.5	627.889806455872	202.582655639681	0.685871056241418	0	27	27	0
689.75	628.083273370771	202.740992473171	0.685871056241418	0	27	27	0
690	628.27674028567	202.89932930666	0.685871056241418	0	27	27	0
690.25	628.470207200568	203.05766614015	0.685871056241418	0	27	27	0
690.5	628.663674115467	203.21600297364	0.685871056241418	0	27	27	0
690.75	628.857141030366	203.374339807129	0.685871056241418	0	27	27	0
691	629.050607945265	203.532676640619	0.685871056241418	0	27	27	0
691.25	629.244074860164	203.691013474109	0.685871056241418	0	27	27	0
691.5	629.437541775063	203.849350307598	0.685871056241418	0	27	27	0
691.75	629.631008689962	204.007687141088	0.685871056241418	0	27	27	0
692	629.82447560486	204.166023974578	0.685871056241418	0	27	27	0
692.25	630.017942519759	204.324360808067	0.685871056241418	0	27	27	0
692.5	630.211409434658	204.482697641557	0.685871056241418	0	27	27	0
692.75	630.404876349557	204.641034475047	0.685871056241418	0	27	27	0
693	630.598343264456	204.799371308536	0.685871056241418	0	27	27	0
693.25	630.791810179355	204.957708142026	0.685871056241418	0	27	27	0
693.5	630.985277094254	205.116044975516	0.685871056241418	0	27	27	0
693.75	631.178744009153	205.274381809005	0.685871056241418	0	27	27	0
694	631.372210924051	205.432718642495	0.685871056241418	0	27	27	0
694.25	631.56567783895	205.591055475985	0.685871056241418	0	27	27	0
694.5	631.759144753849	205.749392309474	0.685871056241418	0	27	27	0
694.75	631.952611668748	205.907729142964	0.685871056241418	0	27	27	0
695	632.146078583647	206.066065976454	0.685871056241418	0	27	27	0
695.25	632.339545498546	206.224402809943	0.685871056241418	0	27	27	0
695.5	632.533012413445	206.382739643433	0.685871056241418	0	27	27	0
695.75	632.726479328343	206.541076476923	0.685871056241418	0	27	27	0
696	632.919946243242	206.699413310412	0.685871056241418	0	27	27	0
696.25	633.113413158141	206.857750143902	0.685871056241418	0	27	27	0
696.5	633.30688007304	207.016086977392	0.685871056241418	0	27	27	0
696.75	633.500346987939	207.174423810881	0.685871056241418	0	27	27	0
697	633.693813902838	207.332760644371	0.685871056241418	0	27	27	0
697.25	633.887280817737	207.491097477861	0.685871056241418	0	27	27	0
697.5	634.080747732635	207.64943431135	0.685871056241418	0	27	27	0
697.75	634.274214647534	207.80777114484	0.685871056241418	0	27	27	0
698	634.467681562433	207.96610797833	0.685871056241418	0	27	27	0
698.25	634.661148477332	208.124444811819	0.685871056241418	0	27	27	0
698.5	634.854615392231	208.282781645309	0.685871056241418	0	27	27	0
698.75	635.04808230713	208.441118478799	0.685871056241418	0	27	27	0
699	635.241549222029	208.599455312288	0.685871056241418	0	27	27	0
699.25	635.435016136928	208.757792145778	0.685871056241418	0	27	27	0
699.5	635.628483051826	208.916128979268	0.685871056241418	0	27	27	0
699.75	635.821949966725	209.074465812757	0.685871056241418	0	27	27	0
700	636.015416881624	209.232802646247	0.685871056241418	-0	27	27	-0
700.25	636.208883796942	209.391139479225	0.685871050952949	-4.23077574901735e-08	27	27	-1.14230945223469e-06
700.5	636.402350714771	209.549476309134	0.685871024510926	-1.69228420218673e-07	27	27	-4.56916734590416e-06
700.75	636.595817640137	209.707813129835	0.685870955763104	-3.80754159121321e-07	27	27	-1.02803622962757e-05
701	636.789284581411	209.866149931097	0.685870823559843	-6.76871926294101e-07	27	27	-1.82755420099407e-05
701.25	636.982751550316	210.024486698598	0.68587060675542	-1.05756345579849e-06	27	27	-2.85542133065592e-05
701.5	637.176218561921	210.182823413926	0.68587028420933	-1.52280526478736e-06	27	27	-4.11157421492587e-05
701.75	637.36968563464	210.341160054579	0.68586983478759	-2.07256865495482e-06	27	27	-5.59593536837803e-05
702	637.563152790237	210.499496593966	0.685869237364044	-2.70681971430513e-06	27	27	-7.30841322862386e-05
702.25	637.756620053817	210.657833001413	0.685868470821665	-3.42551931924548e-06	27	27	-9.2489021619628e-05
702.5	637.950087453828	210.816169242157	0.685867514053858	-4.22862313699868e-06	27	27	-0.000114172824698964
702.75	638.143555022059	210.974505277356	0.685866345965762	-5.11608162833847e-06	27	27	-0.000138134203965139
703	638.33702279364	211.132841064087	0.685864945475552	-6.08784005064472e-06	27	27	-0.000164371681367408
703.25	638.530490807035	211.291176555348	0.685863291515738	-7.14383846128055e-06	27	27	-0.000192883638454575
703.5	638.723959104043	211.449511700066	0.685861363034466	-8.28401172128984e-06	27	27	-0.000223668316474826
703.75	638.917427729796	211.607846443092	0.685859138996813	-9.50828949941524e-06	27	27	-0.000256723816484211
704	639.110896732753	211.766180725214	0.685856598386091	-1.08165962764364e-05	27	27	-0.000292048099463782
704.25	639.304366164699	211.92451448315	0.685853720205138	-1.22088513498288e-05	27	27	-0.000329638986445376
704.5	639.497836080743	212.082847649562	0.685850483477614	-1.36849688387414e-05	27	27	-0.000369494158646017
704.75	639.691306539311	212.241180153053	0.685846867249298	-1.52448576892941e-05	27	27	-0.00041161115761094
705	639.884777602144	212.399511918173	0.685842850589377	-1.68884216801951e-05	27	27	-0.000455987385365268
705.25	640.078249334296	212.557842865426	0.685838412591738	-1.86155594286757e-05	27	27	-0.000502620104574243
705.5	640.271721804127	212.716172911272	0.68583353237626	-2.04261643967437e-05	27	27	-0.000551506438712079
705.75	640.465195083299	212.874501968133	0.685828189090098	-2.23201248977559e-05	27	27	-0.000602643372239409
706	640.658669246773	213.032829944398	0.685822361908973	-2.42973241033076e-05	27	27	-0.000656027750789306
706.25	640.852144372802	213.191156744429	0.685816030038454	-2.63576400504384e-05	27	27	-0.000711656281361836
706.5	641.045620542928	213.349482268565	0.685809172715241	-2.85009456491553e-05	27	27	-0.000769525532527194
706.75	641.239097841977	213.507806413133	0.685801769208449	-3.07271086902734e-05	27	27	-0.000829631934637381
707	641.432576358048	213.666129070446	0.685793798820881	-3.303599185357e-05	27	27	-0.000891971780046391
707.25	641.626056182517	213.824450128816	0.68578524089031	-3.5427452716256e-05	27	27	-0.000956541223338913
707.5	641.819537410022	213.982769472559	0.68577607479075	-3.79013437617605e-05	27	27	-0.00102333628156753
707.75	642.013020138461	214.141086982001	0.685766279933731	-4.04575123888306e-05	27	27	-0.00109235283449843
708	642.206504468986	214.299402533483	0.685755835769568	-4.3095800920945e-05	27	27	-0.00116358662486552
708.25	642.399990505995	214.457715999375	0.685744721788626	-4.58160466160394e-05	27	27	-0.00123703325863306
708.5	642.593478357124	214.616027248076	0.685732917522589	-4.86180816765458e-05	27	27	-0.00131268820526674
708.75	642.786968133244	214.774336144027	0.685720402545722	-5.15017332597431e-05	27	27	-0.00139054679801306
709	642.98045994845	214.932642547714	0.685707156476128	-5.44668234884183e-05	27	27	-0.00147060423418729
709.25	643.173953920053	215.090946315683	0.68569315897701	-5.75131694618394e-05	27	27	-0.00155285557546966
709.5	643.367450168576	215.249247300543	0.685678389757919	-6.06405832670369e-05	27	27	-0.00163729574821
709.75	643.560948817743	215.407545350975	0.685662828576011	-6.38488719903962e-05	27	27	-0.0017239195437407
710	643.754449994472	215.565840311743	0.685646455237296	-6.71378377295562e-05	27	27	-0.00181272161869802
710.25	643.947953828864	215.724132023704	0.68562924959788	-7.05072776056178e-05	27	27	-0.00190369649535168
710.5	644.1414604542	215.882420323811	0.685611191565207	-7.3956983775658e-05	27	27	-0.00199683856194277
710.75	644.334970006927	216.040705045132	0.685592261099304	-7.74867434455506e-05	27	27	-0.00209214207302987
711	644.528482626649	216.198986016852	0.685572438214013	-8.10963388830926e-05	27	27	-0.0021896011498435
711.25	644.72199845612	216.357263064284	0.685551702978224	-8.47855474314346e-05	27	27	-0.00228920978064873
711.5	644.915517641235	216.515536008885	0.685530035517105	-8.85541415228158e-05	27	27	-0.00239096182111603
711.75	645.109040331016	216.673804668258	0.685507416013328	-9.24018886926007e-05	27	27	-0.00249485099470022
712	645.302566677607	216.832068856169	0.685483824708292	-9.63285515936194e-05	27	27	-0.00260087089302772
712.25	645.49609683626	216.990328382554	0.685459241903341	-0.000100333888010808	27	27	-0.00270901497629182
712.5	645.689630965327	217.148583053533	0.68543364796098	-0.00010441765087615	27	27	-0.00281927657365605
712.75	645.883169226246	217.306832671417	0.685407023306085	-0.000108579588283915	27	27	-0.00293164888366569
713	646.076711783534	217.465077034724	0.685379348427112	-0.000112819443506199	27	27	-0.00304612497466736
713.25	646.270258804773	217.623315938188	0.685350603877297	-0.000117136955008761	27	27	-0.00316269778523654
713.5	646.4638104606	217.78154917277	0.685320770275863	-0.000121531856467153	27	27	-0.00328136012461314
713.75	646.657366924695	217.939776525674	0.685289828309206	-0.000126003876783153	27	27	-0.00340210467314514
714	646.850928373769	218.097997780354	0.685257758732096	-0.000130552740101482	27	27	-0.00352492398274002
714.25	647.044494987552	218.256212716528	0.685224542368855	-0.000135178165826823	27	27	-0.00364981047732423
714.5	647.23806694878	218.414421110194	0.685190160114546	-0.000139879868641131	27	27	-0.00377675645331053
714.75	647.431644443183	218.57262273364	0.685154592936151	-0.000144657558521228	27	27	-0.00390575408007314
715	647.625227659472	218.730817355454	0.685117821873741	-0.000149510940756697	27	27	-0.00403679540043082
715.25	647.818816789329	218.889004740543	0.685079828041651	-0.000154439715968061	27	27	-0.00416987233113766
715.5	648.012412027388	219.047184650143	0.685040592629639	-0.000159443580125249	27	27	-0.00430497666338172
715.75	648.206013571224	219.205356841833	0.685000096904053	-0.000164522224566348	27	27	-0.00444210006329141
716	648.399621621344	219.363521069549	0.68495832220898	-0.000169675336016648	27	27	-0.0045812340724495
716.25	648.593236381164	219.521677083598	0.684915249967402	-0.00017490259660796	27	27	-0.00472237010841492
716.5	648.786858057003	219.679824630671	0.684870861682338	-0.000180203683898229	27	27	-0.00486549946525218
716.75	648.980486858065	219.837963453859	0.68482513893799	-0.00018557827089142	27	27	-0.00501061331406833
717	649.174122996423	219.996093292667	0.684778063400871	-0.00019102602605769	27	27	-0.00515770270355764
717.25	649.36776668701	220.154213883028	0.684729616820945	-0.000196546613353841	27	27	-0.00530675856055372
717.5	649.561418147596	220.312324957318	0.684679781032745	-0.000202139692244043	27	27	-0.00545777169058917
717.75	649.755077598778	220.470426244371	0.684628537956499	-0.000207804917720845	27	27	-0.00561073277846283
718	649.948745263964	220.628517469494	0.684575869599243	-0.000213541940326454	27	27	-0.00576563238881426
718.25	650.142421369358	220.786598354486	0.684521758055931	-0.000219350406174291	27	27	-0.00592246096670586
718.5	650.336106143939	220.944668617646	0.684466185510538	-0.000225229956970823	27	27	-0.00608120883821221
718.75	650.529799819451	221.102727973796	0.684409134237162	-0.000231180230037661	27	27	-0.00624186621101684
719	650.723502630384	221.260776134294	0.684350586601115	-0.000237200858333934	27	27	-0.00640442317501623
719.25	650.917214813957	221.418812807048	0.684290525060014	-0.00024329147047893	27	27	-0.00656886970293112
719.5	651.110936610104	221.576837696536	0.684228932164857	-0.000249451690775002	27	27	-0.00673519565092506
719.75	651.304668261451	221.734850503821	0.684165790561106	-0.000255681139230745	27	27	-0.00690339075923011
720	651.498410013306	221.892850926568	0.684101082989754	-0.000261979431584434	27	27	-0.00707344465277972
720.25	651.692162113637	222.050838659058	0.68403479228839	-0.00026834617932773	27	27	-0.00724534684184872
720.5	651.885924813055	222.20881339221	0.683966901392258	-0.000274780989729643	27	27	-0.00741908672270035
720.75	652.079698364797	222.366774813593	0.683897393335309	-0.000281283465860754	27	27	-0.00759465357824037
721	652.273483024708	222.524722607446	0.68382625125125	-0.000287853206617709	27	27	-0.00777203657867813
721.25	652.467279051222	222.682656454697	0.683753458374579	-0.000294489806747949	27	27	-0.00795122478219463
721.5	652.661086705343	222.840576032976	0.683678998041626	-0.000301192856874719	27	27	-0.00813220713561741
721.75	652.854906250629	222.998481016638	0.683602853691576	-0.000307961943522312	27	27	-0.00831497247510243
722	653.04873795317	223.156371076775	0.683525008867493	-0.000314796649141578	27	27	-0.00849950952682262
722.25	653.242582081569	223.314245881241	0.683445447217334	-0.000321696552135682	27	27	-0.0086858069076634
722.5	653.436438906925	223.472105094665	0.683364152494956	-0.000328661226886103	27	27	-0.00887385312592478
722.75	653.630308702813	223.629948378471	0.683281108561123	-0.000335690243778898	27	27	-0.00906363658203024
723	653.82419174526	223.787775390897	0.683196299384497	-0.000342783169231194	27	27	-0.00925514556924224
723.25	654.018088312733	223.945585787013	0.683109709042628	-0.00034993956571794	27	27	-0.00944836827438437
723.5	654.21199868611	224.103379218741	0.683021321722938	-0.000357158991798889	27	27	-0.00964329277857001
723.75	654.405923148668	224.261155334874	0.682931121723695	-0.000364441002145836	27	27	-0.00983990705793757
724	654.599861986055	224.418913781092	0.682839093454981	-0.00037178514757008	27	27	-0.0100381989843922
724.25	654.793815486273	224.576654199986	0.682745221439653	-0.000379190975050138	27	27	-0.0102381563263537
724.5	654.98778393966	224.734376231074	0.682649490314302	-0.000386658027759686	27	27	-0.0104397667495115
724.75	655.181767638862	224.892079510825	0.682551884830195	-0.00039418584509574	27	27	-0.010643017817585
725	655.375766878816	225.049763672671	0.68245238985422	-0.000401773962707068	27	27	-0.0108478969930908
725.25	655.569781956728	225.207428347036	0.682350990369816	-0.000409421912522832	27	27	-0.0110543916381165
725.5	655.763813172053	225.365073161349	0.682247671477903	-0.000417129222781462	27	27	-0.0112624890150995
725.75	655.957860826467	225.522697740068	0.682142418397798	-0.000424895418059757	27	27	-0.0114721762876134
726	656.151925223852	225.6803017047	0.682035216468127	-0.00043272001930221	27	27	-0.0116834405211597
726.25	656.346006670269	225.837884673819	0.681926051147733	-0.00044060254385056	27	27	-0.0118962686839651
726.5	656.540105473939	225.995446263091	0.681814908016568	-0.000448542505473562	27	27	-0.0121106476477862
726.75	656.734221945217	226.15298608529	0.681701772776584	-0.000456539414396983	27	27	-0.0123265641887185
727	656.928356396571	226.310503750324	0.681586631252618	-0.000464592777333811	27	27	-0.0125440049880129
727.25	657.122509142558	226.46799886525	0.681469469393262	-0.000472702097514686	27	27	-0.0127629566328965
727.5	657.316680499804	226.6254710343	0.681350273271733	-0.000480866874718541	27	27	-0.0129834056174006
727.75	657.510870786974	226.782919858903	0.68122902908673	-0.000489086605303458	27	27	-0.0132053383431934
728	657.705080324756	226.940344937701	0.681105723163287	-0.000497360782237737	27	27	-0.0134287411204189
728.25	657.899309435833	227.097745866575	0.680980341953616	-0.000505688895131169	27	27	-0.0136536001685416
728.5	658.093558444858	227.255122238666	0.680852872037941	-0.000514070430266522	27	27	-0.0138799016171961
728.75	658.287827678434	227.412473644398	0.680723300125329	-0.000522504870631229	27	27	-0.0141076315070432
729	658.482117465087	227.569799671496	0.680591613054507	-0.000530991695949278	27	27	-0.0143367757906305
729.25	658.676428135241	227.727099905012	0.680457797794674	-0.000539530382713306	27	27	-0.0145673203332593
729.5	658.870760021196	227.884373927347	0.680321841446308	-0.000548120404216894	27	27	-0.0147992509138561
729.75	659.0651134571	228.041621318269	0.680183731241957	-0.000556761230587053	27	27	-0.0150325532258504
730	659.259488778929	228.198841654944	0.680043454547032	-0.000565452328816909	27	27	-0.0152672128780565
730.25	659.453886324456	228.356034511948	0.67990099886058	-0.000574193162798586	27	27	-0.0155032153955618
730.5	659.648306433228	228.5131994613	0.67975635181606	-0.000582983193356271	27	27	-0.0157405462206193
730.75	659.842749446545	228.670336072478	0.679609501182106	-0.000591821878279473	27	27	-0.0159791907135458
731	660.037215707427	228.827443912444	0.679460434863276	-0.000600708672356474	27	27	-0.0162191341536248
731.25	660.231705560593	228.984522545667	0.679309140900806	-0.000609643027407953	27	27	-0.0164603617400147
731.5	660.426219352435	229.14157153415	0.67915560747334	-0.000618624392320807	27	27	-0.0167028585926618
731.75	660.62075743099	229.298590437445	0.678999822897664	-0.000627652213082142	27	27	-0.0169466097532178
732	660.815320145916	229.455578812685	0.678841775629427	-0.000636725932813448	27	27	-0.0171916001859631
732.25	661.009907848464	229.612536214604	0.67868145426385	-0.000645844991804951	27	27	-0.0174378147787337
732.5	661.204520891453	229.769462195558	0.678518847536431	-0.000655008827550139	27	27	-0.0176852383438537
732.75	661.399159629242	229.926356305556	0.678353944323639	-0.000664216874780456	27	27	-0.0179338556190723
733	661.593824417703	230.083218092277	0.678186733643604	-0.000673468565500177	27	27	-0.0181836512685048
733.25	661.788515614199	230.240047101096	0.678017204656789	-0.000682763329021437	27	27	-0.0184346098835788
733.5	661.983233577548	230.396842875111	0.677845346666661	-0.000692100591999441	27	27	-0.0186867159839849
733.75	662.177978668006	230.553604955165	0.677671149120353	-0.000701479778467826	27	27	-0.0189399540186313
734	662.372751247231	230.710332879869	0.67749460160931	-0.00071090030987419	27	27	-0.0191943083666031
734.25	662.567551678261	230.86702618563	0.677315693869936	-0.000720361605115782	27	27	-0.0194497633381261
734.5	662.762380325486	231.023684406673	0.677134415784225	-0.000729863080575345	27	27	-0.0197063031755343
734.75	662.957237554619	231.180307075067	0.676950757380383	-0.000739404150157116	27	27	-0.0199639120542421
735	663.152123732666	231.336893720749	0.676764708833448	-0.000748984225322981	27	27	-0.0202225740837205
735.25	663.347039227905	231.493443871551	0.676576260465892	-0.000758602715128777	27	27	-0.020482273308477
735.5	663.54198440985	231.64995705322	0.676385402748218	-0.000768259026260747	27	27	-0.0207429937090402
735.75	663.73695964923	231.80643278945	0.676192126299551	-0.000777952563072134	27	27	-0.0210047192029476
736	663.931965317955	231.962870601903	0.675996421888215	-0.000787682727619928	27	27	-0.021267433645738
736.25	664.127001789092	232.119270010235	0.6757982804323	-0.000797448919701745	27	27	-0.0215311208319471
736.5	664.322069436834	232.275630532121	0.675597693000225	-0.000807250536892855	27	27	-0.0217957644961071
736.75	664.517168636472	232.431951683283	0.675394650811291	-0.00081708697458334	27	27	-0.0220613483137502
737	664.712299764368	232.588232977512	0.675189145236216	-0.00082695762601539	27	27	-0.0223278559024155
737.25	664.907463197924	232.744473926699	0.674981167797674	-0.000836861882320729	27	27	-0.0225952708226597
737.5	665.102659315554	232.900674040854	0.674770710170814	-0.000846799132558176	27	27	-0.0228635765790707
737.75	665.297888496656	233.056832828139	0.674557764183775	-0.000856768763751326	27	27	-0.0231327566212858
738	665.493151121582	233.212949794888	0.674342321818191	-0.000866770160926367	27	27	-0.0234027943450119
738.25	665.688447571609	233.369024445638	0.674124375209681	-0.000876802707150011	27	27	-0.0236736730930503
738.5	665.883778228912	233.525056283152	0.673903916648341	-0.000886865783567548	27	27	-0.0239453761563238
738.75	666.079143476528	233.681044808446	0.673680938579215	-0.000896958769441025	27	27	-0.0242178867749077
739	666.274543698338	233.836989520819	0.673455433602762	-0.000907081042187529	27	27	-0.0244911881390633
739.25	666.469979279025	233.992889917873	0.673227394475311	-0.000917231977417598	27	27	-0.0247652633902752
739.5	666.665450604053	234.148745495545	0.672996814109512	-0.000927410948973732	27	27	-0.0250400956222908
739.75	666.860958059637	234.304555748131	0.672763685574769	-0.000937617328969018	27	27	-0.0253156678821635
740	667.056502032709	234.460320168316	0.67252800209767	-0.000947850487825861	27	27	-0.0255919631712982
740.25	667.252082910889	234.616038247195	0.672289757062402	-0.000958109794314821	27	27	-0.0258689644465002
740.5	667.447701082462	234.771709474308	0.672048944011164	-0.000968394615593548	27	27	-0.0261466546210258
740.75	667.643356936338	234.927333337658	0.671805556644559	-0.000978704317245818	27	27	-0.0264250165656371
741	667.839050862029	235.082909323747	0.671559588821988	-0.000989038263320673	27	27	-0.0267040331096582
741.25	668.034783249618	235.238436917597	0.671311034562027	-0.00099939581637164	27	27	-0.0269836870420343
741.5	668.230554489727	235.39391560278	0.671059888042793	-0.00100977633749606	27	27	-0.0272639611123936
741.75	668.426364973489	235.549344861444	0.670806143602309	-0.00102017918637449	27	27	-0.0275448380321112
742	668.622215092516	235.704724174343	0.670549795738849	-0.00103060372131021	27	27	-0.0278263004753757
742.25	668.818105238871	235.860053020862	0.670290839111276	-0.00104104929926881	27	27	-0.0281083310802578
742.5	669.014035805036	236.015330879047	0.670029268539378	-0.00105151527591783	27	27	-0.0283909124497813
742.75	669.210007183882	236.170557225629	0.66976507900418	-0.00106200100566652	27	27	-0.0286740271529962
743	669.40601976864	236.325731536056	0.669498265648259	-0.0010725058417057	27	27	-0.028957657726054
743.25	669.602073952869	236.48085328452	0.669228823776039	-0.00108302913604759	27	27	-0.029241786673285
743.5	669.798170130427	236.635921943981	0.668956748854088	-0.00109357023956583	27	27	-0.0295263964682773
743.75	669.99430869544	236.790936986201	0.668682036511388	-0.00110412850203549	27	27	-0.0298114695549582
744	670.190490042272	236.94589788177	0.668404682539611	-0.00111470327217322	27	27	-0.0300969883486769
744.25	670.386714565493	237.100804100129	0.66812468289338	-0.00112529389767738	27	27	-0.0303829352372892
744.5	670.582982659851	237.255655109609	0.667842033690512	-0.0011358997252683	27	27	-0.0306692925822441
744.75	670.779294720241	237.410450377449	0.667556731212262	-0.00114652010072858	27	27	-0.0309560427196717
745	670.975651141672	237.565189369829	0.667268771903553	-0.00115715436894344	27	27	-0.0312431679614729
745.25	671.172052319239	237.7198715519	0.666978152373193	-0.00116780187394112	27	27	-0.0315306505964102
745.5	671.368498648092	237.87449638781	0.666684869394083	-0.00117846195893336	27	27	-0.0318184728912006
745.75	671.564990523407	238.029063340731	0.666388919903422	-0.0011891339663559	27	27	-0.0321066170916092
746	671.76152834035	238.183571872895	0.666090301002889	-0.00119981723790905	27	27	-0.0323950654235443
746.25	671.958112494053	238.338021445613	0.665789009958826	-0.0012105111145983	27	27	-0.0326838000941542
746.5	672.15474337958	238.492411519312	0.665485044202404	-0.00122121493677497	27	27	-0.0329728032929242
746.75	672.351421391899	238.646741553558	0.665178401329785	-0.00123192804417689	27	27	-0.0332620571927759
747	672.548146925846	238.80101100709	0.664869079102267	-0.00124264977596912	27	27	-0.0335515439511661
747.25	672.744920376102	238.955219337846	0.664557075446423	-0.00125337947078474	27	27	-0.033841245711188
747.5	672.941742137156	239.109366002991	0.664242388454229	-0.00126411646676564	27	27	-0.0341311446026724
747.75	673.138612603279	239.263450458952	0.663925016383183	-0.00127486010160334	27	27	-0.0344212227432901
748	673.335532168491	239.417472161438	0.66360495765641	-0.00128560971257982	27	27	-0.0347114622396551
748.25	673.532501226532	239.571430565478	0.663282210862761	-0.00129636463660844	27	27	-0.0350018451884279
748.5	673.729520170829	239.725325125446	0.662956774756901	-0.00130712421027484	27	27	-0.0352923536774206
748.75	673.926589394471	239.879155295091	0.662628648259382	-0.00131788776987782	27	27	-0.0355829697867012
749	674.123709290173	240.032920527568	0.662297830456713	-0.00132865465147033	27	27	-0.0358736755896989
749.25	674.320880250248	240.186620275463	0.661964320601417	-0.0013394241909004	27	27	-0.0361644531543107
749.5	674.518102666577	240.34025399083	0.661628118112073	-0.0013501957238521	27	27	-0.0364552845440066
749.75	674.715376930578	240.493821125214	0.661289222573355	-0.00136096858588654	27	27	-0.0367461518189366
750	674.912703433178	240.647321129682	0.660947633736059	-0.00137174211248285	27	27	-0.037037037037037
750.25	675.110082564778	240.800753454858	0.660603351517114	-0.00138251563907916	27	27	-0.0373279222551374
750.5	675.307514715228	240.954117550944	0.66025637599959	-0.00139328850111361	27	27	-0.0376187895300674
750.75	675.505000273796	241.107412867759	0.659906707432693	-0.00140406003406531	27	27	-0.0379096209197633
751	675.702539629134	241.26063885476	0.659554346231748	-0.00141482957349537	27	27	-0.0382003984843751
751.25	675.900133169253	241.41379496108	0.659199292978175	-0.00142559645508789	27	27	-0.0384911042873729
751.5	676.097781281491	241.566880635554	0.658841548419452	-0.00143636001469087	27	27	-0.0387817203966534
751.75	676.295484352482	241.719895326746	0.658481113469071	-0.00144711958835726	27	27	-0.0390722288856461
752	676.493242768128	241.872838482988	0.658117989206478	-0.00145787451238589	27	27	-0.039362611834419
752.25	676.691056913569	242.0257095524	0.65775217687701	-0.00146862412336237	27	27	-0.0396528513307839
752.5	676.888927173155	242.178507982928	0.657383677891815	-0.00147936775820006	27	27	-0.0399429294714017
752.75	677.086853930411	242.331233222368	0.657012493827767	-0.00149010475418096	27	27	-0.040232828362886
753	677.284837568013	242.483884718403	0.65663862642737	-0.00150083444899659	27	27	-0.0405225301229079
753.25	677.482878467758	242.636461918627	0.656262077598647	-0.00151155618078882	27	27	-0.0408120168812981
753.5	677.680977010532	242.788964270579	0.655882849415024	-0.00152226928819073	27	27	-0.0411012707811498
753.75	677.879133576282	242.941391221772	0.655500944115204	-0.0015329731103674	27	27	-0.0413902739799199
754	678.077348543989	243.093742219725	0.655116364103026	-0.00154366698705666	27	27	-0.0416790086505298
754.25	678.275622291634	243.24601671199	0.654729111947318	-0.00155435025860981	27	27	-0.0419674569824649
754.5	678.473955196175	243.398214146188	0.654339190381738	-0.00156502226603235	27	27	-0.0422556011828734
754.75	678.672347633514	243.550333970033	0.653946602304606	-0.00157568235102459	27	27	-0.0425434234776638
755	678.870799978469	243.702375631368	0.653551350778725	-0.00158632985602226	27	27	-0.0428309061126011
755.25	679.069312604748	243.854338578194	0.653153439031192	-0.00159696412423712	27	27	-0.0431180313544023
755.5	679.267885884917	244.006222258697	0.6527528704532	-0.00160758449969741	27	27	-0.04340478149183
755.75	679.466520190371	244.158026121285	0.652349648599827	-0.00161819032728833	27	27	-0.0436911388367849
756	679.665215891311	244.309749614614	0.651943777189817	-0.00162878095279249	27	27	-0.0439770857253972
756.25	679.86397335671	244.461392187621	0.651535260105352	-0.00163935572293022	27	27	-0.0442626045191159
756.5	680.062792954289	244.612953289552	0.65112410139181	-0.00164991398539988	27	27	-0.0445476776057967
756.75	680.261675050486	244.764432369997	0.650710305257521	-0.00166045508891811	27	27	-0.0448322874007891
757	680.460620010429	244.915828878917	0.650293876073498	-0.00167097838326	27	27	-0.0451164163480201
757.25	680.65962819791	245.067142266678	0.649874818373179	-0.00168148321929918	27	27	-0.0454000469210779
757.5	680.858699975356	245.218371984077	0.649453136852135	-0.00169196894904788	27	27	-0.0456831616242928
757.75	681.0578357038	245.369517482378	0.649028836367792	-0.0017024349256969	27	27	-0.0459657429938162
758	681.257035742858	245.520578213343	0.648601921939123	-0.00171288050365549	27	27	-0.0462477735986983
758.25	681.456300450696	245.671553629255	0.648172398746342	-0.00172330503859122	27	27	-0.0465292360419628
758.5	681.655630184009	245.822443182961	0.647740272130584	-0.00173370788746965	27	27	-0.0468101129616805
758.75	681.855025297989	245.973246327891	0.647305547593577	-0.00174408840859407	27	27	-0.0470903870320398
759	682.054486146301	246.123962518099	0.646868230797297	-0.00175444596164503	27	27	-0.0473700409644159
759.25	682.254013081054	246.274591208287	0.646428327563626	-0.00176477990771989	27	27	-0.047649057508437
759.5	682.45360645278	246.425131853839	0.645985843873989	-0.00177508960937216	27	27	-0.0479274194530483
759.75	682.653266610401	246.575583910851	0.645540785868987	-0.00178537443065089	27	27	-0.0482051096275739
760	682.852993901204	246.725946836162	0.645093159848013	-0.00179563373713985	27	27	-0.0484821109027758
760.25	683.052788670821	246.876220087387	0.644642972268871	-0.00180586689599669	27	27	-0.0487584061919106
760.5	683.252651263196	247.026403122945	0.644190229747372	-0.00181607327599197	27	27	-0.0490339784517833
760.75	683.452582020561	247.176495402091	0.64373493905693	-0.00182625224754811	27	27	-0.0493088106837989
761	683.652581283413	247.32649638495	0.643277107128139	-0.00183640318277818	27	27	-0.0495828859350108
761.25	683.852649390489	247.47640553254	0.642816741048351	-0.00184652545552468	27	27	-0.0498561872991664
761.5	684.052786678734	247.626222306815	0.642353848061236	-0.00185661844139816	27	27	-0.0501286979177503
761.75	684.252993483284	247.775946170683	0.641888435566334	-0.0018666815178157	27	27	-0.0504004009810238
762	684.453270137438	247.925576588048	0.641420511118602	-0.00187671406403934	27	27	-0.0506712797290621
762.25	684.653616972632	248.075113023835	0.640950082427945	-0.00188671546121438	27	27	-0.0509413174527883
762.5	684.854034318417	248.22455494402	0.640477157358743	-0.00189668509240753	27	27	-0.0512104974950033
762.75	685.054522502431	248.373901815666	0.640001743929361	-0.00190662234264498	27	27	-0.0514788032514144
763	685.25508185038	248.523153106951	0.639523850311662	-0.00191652659895032	27	27	-0.0517462181716585
763.25	685.45571268601	248.672308287199	0.639043484830495	-0.00192639725038237	27	27	-0.0520127257603239
763.5	685.656415331083	248.821366826909	0.638560655963188	-0.00193623368807285	27	27	-0.052278309577967
763.75	685.857190105358	248.970328197791	0.638075372339021	-0.00194603530526396	27	27	-0.052542953242127
764	686.05803732656	249.119191872793	0.637587642738695	-0.00195580149734578	27	27	-0.052806640428336
764.25	686.258957310366	249.267957326133	0.63709747609379	-0.00196553166189357	27	27	-0.0530693548711264
764.5	686.459950370375	249.416624033329	0.636604881486215	-0.00197522519870496	27	27	-0.0533310803650339
764.75	686.661016818085	249.565191471232	0.636109868147648	-0.00198488150983693	27	27	-0.0535918007655971
765	686.862156962877	249.713659118055	0.635612445458963	-0.00199449999964273	27	27	-0.0538514999903536
765.25	687.063371111986	249.862026453404	0.635112622949656	-0.00200408007480859	27	27	-0.0541101620198319
765.5	687.26465957048	250.010292958309	0.634610410297256	-0.00201362114439036	27	27	-0.0543677708985397
765.75	687.466022641242	250.158458115256	0.634105817326726	-0.00202312261984992	27	27	-0.0546243107359479
766	687.667460624944	250.306521408217	0.633598854009858	-0.00203258391509152	27	27	-0.0548797657074709
766.25	687.868973820025	250.454482322677	0.63308953046466	-0.00204200444649788	27	27	-0.0551341200554428
766.5	688.070562522674	250.602340345673	0.632577856954727	-0.00205138363296627	27	27	-0.0553873580900892
766.75	688.272227026805	250.750094965817	0.632063843888613	-0.00206072089594427	27	27	-0.0556394641904953
767	688.473967624037	250.897745673329	0.631547501819187	-0.00207001565946553	27	27	-0.0558904228055693
767.25	688.675784603672	251.045291960068	0.63102884144298	-0.00207926735018525	27	27	-0.0561402184550018
767.5	688.87767825268	251.192733319565	0.63050787359953	-0.00208847539741557	27	27	-0.0563888357302203
767.75	689.079648855672	251.340069247048	0.629984609270708	-0.00209763923316076	27	27	-0.0566362592953404
768	689.281696694881	251.487299239477	0.629459059580044	-0.00210675829215226	27	27	-0.056882473888111
768.25	689.483822050148	251.634422795573	0.62893123579204	-0.00211583201188356	27	27	-0.0571274643208562
768.5	689.686025198895	251.781439415847	0.628401149311474	-0.0021248598326449	27	27	-0.0573712154814123
768.75	689.88830641611	251.928348602633	0.627868811682698	-0.00213384119755775	27	27	-0.0576137123340593
769	690.090665974326	252.075149860116	0.627334234588927	-0.00214277555260923	27	27	-0.0578549399204493
769.25	690.293104143603	252.221842694364	0.626797429851515	-0.00215166234668623	27	27	-0.0580948833605283
769.5	690.49562119151	252.368426613357	0.626258409429229	-0.00216050103160944	27	27	-0.0583335278534547
769.75	690.698217383103	252.514901127016	0.625717185417506	-0.00216929106216712	27	27	-0.0585708586785122
770	690.900892980913	252.661265747237	0.625173770047717	-0.0021780318961488	27	27	-0.0588068611960175
770.25	691.103648244922	252.807519987917	0.624628175686401	-0.00218672299437865	27	27	-0.0590415208482236
770.5	691.306483432547	252.953663364985	0.62408041483451	-0.00219536382074881	27	27	-0.0592748231602179
770.75	691.509398798626	253.099695396434	0.623530500126635	-0.0022039538422524	27	27	-0.0595067537408148
771	691.712394595395	253.245615602348	0.622978444330226	-0.00221249252901643	27	27	-0.0597372982834436
771.25	691.915471072477	253.391423504933	0.622424260344807	-0.00222097935433448	27	27	-0.0599664425670309
771.5	692.118628476858	253.537118628548	0.621867961201178	-0.00222941379469918	27	27	-0.060194172456878
771.75	692.321867052879	253.68270049973	0.621309560060612	-0.00223779532983454	27	27	-0.0604204739055325
772	692.525187042212	253.828168647231	0.620749070214041	-0.00224612344272797	27	27	-0.0606453329536552
772.25	692.728588683851	253.973522602041	0.620186505081243	-0.00225439761966225	27	27	-0.0608687357308807
772.5	692.932072214088	254.11876189742	0.619621878210004	-0.00226261735024717	27	27	-0.0610906684566735
772.75	693.135637866506	254.263886068927	0.619055203275292	-0.00227078212745102	27	27	-0.0613111174411775
773	693.339285871959	254.408894654449	0.618486494078406	-0.0022788914476319	27	27	-0.0615300690860612
773.25	693.543016458556	254.553787194232	0.617915764546131	-0.00228694481056872	27	27	-0.0617475098853555
773.5	693.74682985165	254.698563230907	0.617343028729873	-0.00229494171949214	27	27	-0.0619634264262879
773.75	693.950726273822	254.843222309522	0.616768300804797	-0.00230288168111515	27	27	-0.062177805390109
774	694.154705944865	254.987763977567	0.61619159506895	-0.0023107642056635	27	27	-0.0623906335529144
774.25	694.358769081771	255.132187785008	0.615612925942379	-0.00231858880690595	27	27	-0.0626018977864606
774.5	694.562915898721	255.276493284313	0.615032307966243	-0.00232635500218424	27	27	-0.0628115850589746
774.75	694.767146607064	255.420680030478	0.614449755801914	-0.00233406231244287	27	27	-0.0630196824359576
775	694.971461415311	255.564747581061	0.613865284230077	-0.00234171026225864	27	27	-0.0632261770809832
775.25	695.175860529118	255.708695496206	0.61327890814981	-0.00234929837986997	27	27	-0.0634310562564891
775.5	695.380344151276	255.852523338675	0.612690642577676	-0.00235682619720602	27	27	-0.0636343073245625
775.75	695.584912481695	255.996230673872	0.612100502646786	-0.00236429324991557	27	27	-0.0638359177477203
776	695.789565717395	256.139817069876	0.611508503605872	-0.00237169907739563	27	27	-0.0640358750896819
776.25	695.994304052495	256.283282097464	0.610914660818345	-0.00237904322281987	27	27	-0.0642341670161365
776.5	696.199127678196	256.426625330142	0.610318989761347	-0.00238632523316682	27	27	-0.0644307812955041
776.75	696.404036782775	256.569846344174	0.609721506024795	-0.00239354465924777	27	27	-0.0646257057996897
777	696.609031551574	256.712944718607	0.609122225310422	-0.00240070105573451	27	27	-0.0648189285048318
777.25	696.814112166984	256.855920035298	0.608521163430807	-0.00240779398118681	27	27	-0.0650104374920438
777.5	697.019278808441	256.998771878945	0.607918336308399	-0.0024148229980796	27	27	-0.0652002209481493
777.75	697.22453165241	257.141499837113	0.607313759974535	-0.00242178767283002	27	27	-0.0653882671664107
778	697.429870872379	257.284103500257	0.606707450568453	-0.00242868757582413	27	27	-0.0655745645472514
778.25	697.635296638849	257.426582461757	0.606099424336295	-0.00243552228144339	27	27	-0.0657591015989716
778.5	697.840809119322	257.568936317939	0.605489697630103	-0.00244229136809099	27	27	-0.0659418669384567
778.75	698.046408478294	257.711164668104	0.604878286906814	-0.00244899441821776	27	27	-0.0661228492918794
779	698.252094877244	257.853267114553	0.604265208727244	-0.002455631018348	27	27	-0.0663020374953959
779.25	698.45786847463	257.995243262616	0.603650479755062	-0.00246220075910495	27	27	-0.0664794204958337
779.5	698.663729425875	258.137092720678	0.603034116755769	-0.00246870323523606	27	27	-0.0666549873513737
779.75	698.869677883362	258.278815100205	0.60241613659566	-0.00247513804563798	27	27	-0.0668287272322253
780	699.075713996426	258.420410015768	0.601796556240783	-0.00248150479338127	27	27	-0.0670006294212943
780.25	699.281837911347	258.561877085073	0.601175392755893	-0.00248780308573496	27	27	-0.067170683314844
780.5	699.48804977134	258.703215928985	0.600552663303403	-0.0024940325341907	27	27	-0.067338878423149
780.75	699.694349716551	258.844426171552	0.599928385142318	-0.00250019275448678	27	27	-0.0675052043711429
781	699.90073788405	258.985507440034	0.599302575627178	-0.00250628336663177	27	27	-0.0676696508990578
781.25	700.107214407823	259.126459364926	0.598675252206983	-0.00251230399492805	27	27	-0.0678322078630572
781.5	700.313779418766	259.267281579984	0.598046432424118	-0.00251825426799488	27	27	-0.0679928652358618
781.75	700.520433044682	259.407973722252	0.597416133913269	-0.00252413381879142	27	27	-0.0681516131073682
782	700.727175410271	259.548535432084	0.596784374400341	-0.00252994228463925	27	27	-0.0683084416852598
782.25	700.934006637127	259.68896635317	0.596151171701355	-0.00253567930724486	27	27	-0.0684633412956112
782.5	701.140926843735	259.829266132561	0.595516543721359	-0.00254134453272166	27	27	-0.0686163023834849
782.75	701.347936145463	259.969434420694	0.594880508453318	-0.00254693761161186	27	27	-0.0687673155135203
783	701.555034654558	260.109470871416	0.594243083977003	-0.00255245819890802	27	27	-0.0689163713705164
783.25	701.762222480142	260.249375142008	0.59360428845788	-0.00255790595407429	27	27	-0.0690634607600057
783.5	701.969499728209	260.389146893208	0.592964140145987	-0.00256328054106748	27	27	-0.0692085746088219
783.75	702.176866501623	260.528785789236	0.592322657374809	-0.00256858162835775	27	27	-0.0693517039656592
784	702.384322900108	260.66829149782	0.591679858560146	-0.00257380888894906	27	27	-0.0694928400016246
784.25	702.591869020253	260.807663690215	0.591035762198977	-0.00257896200039936	27	27	-0.0696319740107827
784.5	702.799504955503	260.946902041228	0.590390386868322	-0.00258404064484046	27	27	-0.0697690974106923
784.75	703.00723079616	261.086006229243	0.589743751224092	-0.00258904450899764	27	27	-0.0699042017429364
785	703.215046629379	261.224975936242	0.589095873999941	-0.00259397328420901	27	27	-0.0700372786736432
785.25	703.422952539166	261.363810847829	0.58844677400611	-0.00259882666644448	27	27	-0.0701683199940009
785.5	703.630948606379	261.502510653252	0.587796470128264	-0.00260360435632458	27	27	-0.0702973176207635
785.75	703.83903490872	261.641075045424	0.587144981326331	-0.00260830605913888	27	27	-0.0704242635967498
786	704.047211520741	261.779503720948	0.58649232663333	-0.00261293148486422	27	27	-0.0705491500913341
786.25	704.255478513839	261.917796380138	0.5858385251542	-0.00261748034818255	27	27	-0.0706719694009289
786.5	704.463835956257	262.055952727039	0.585183596064614	-0.00262195236849855	27	27	-0.0707927139494609
786.75	704.672283913081	262.193972469452	0.584527558609808	-0.00262634726995695	27	27	-0.0709113762888375
787	704.880822446244	262.331855318953	0.583870432103381	-0.00263066478145951	27	27	-0.0710279490994067
787.25	705.089451614521	262.469600990913	0.583212235926113	-0.00263490463668179	27	27	-0.0711424251904084
787.5	705.298171473535	262.607209204524	0.582552989524766	-0.00263906657408956	27	27	-0.071254797500418
787.75	705.506982075754	262.744679682814	0.581892712410886	-0.0026431503369549	27	27	-0.0713650590977822
788	705.71588347049	262.882012152672	0.581231424159595	-0.00264715567337209	27	27	-0.0714732031810463
788.25	705.924875703905	263.019206344867	0.580569144408389	-0.00265108233627311	27	27	-0.0715792230793739
788.5	706.133958819012	263.156261994066	0.579905892855925	-0.00265493008344289	27	27	-0.071683112252958
788.75	706.343132855671	263.293178838858	0.579241689260803	-0.00265869867753427	27	27	-0.0717848642934253
789	706.552397850598	263.42995662177	0.578576553440351	-0.00266238788608261	27	27	-0.0718844729242306
789.25	706.761753837362	263.566595089289	0.5779105052694	-0.00266599748152016	27	27	-0.0719819320010442
789.5	706.97120084639	263.703093991882	0.577243564679061	-0.00266952724119005	27	27	-0.0720772355121313
789.75	707.18073890497	263.839453084011	0.576575751655493	-0.00267297694736009	27	27	-0.0721703775787224
790	707.390368037254	263.975672124157	0.575907086238668	-0.00267634638723615	27	27	-0.0722613524553761
790.25	707.600088264256	264.111750874834	0.575237588521142	-0.00267963535297531	27	27	-0.0723501545303334
790.5	707.809899603866	264.247689102612	0.574567278646807	-0.00268284364169867	27	27	-0.0724367783258641
790.75	708.019802070842	264.38348657813	0.573896176809657	-0.00268597105550387	27	27	-0.0725212184986044
791	708.229795676824	264.51914307612	0.573224303252534	-0.00268901740147729	27	27	-0.0726034698398868
791.25	708.439880430331	264.654658375418	0.572551678265887	-0.00269198249170596	27	27	-0.072683527276061
791.5	708.650056336769	264.790032258989	0.571878322186512	-0.00269486614328916	27	27	-0.0727613858688073
791.75	708.860323398436	264.925264513936	0.571204255396307	-0.00269766817834967	27	27	-0.072837040815441
792	709.070681614523	265.060354931525	0.570529498321008	-0.00270038842404476	27	27	-0.0729104874492086
792.25	709.281130981127	265.195303307195	0.56985407142893	-0.00270302671257688	27	27	-0.0729817212395756
792.5	709.491671491248	265.33010944058	0.569177995229708	-0.00270558288120395	27	27	-0.0730507377925065
792.75	709.702303134798	265.464773135522	0.568501290273026	-0.00270805677224945	27	27	-0.0731175328507352
793	709.91302589861	265.599294200086	0.567823977147356	-0.00271044823311214	27	27	-0.0731821022940277
793.25	710.123839766439	265.733672446581	0.567146076478682	-0.00271275711627543	27	27	-0.0732444421394367
793.5	710.334744718972	265.867907691568	0.566467608929233	-0.00271498327931655	27	27	-0.0733045485415469
793.75	710.545740733834	266.001999755884	0.565788595196204	-0.00271712658491527	27	27	-0.0733624177927122
794	710.756827785593	266.135948464649	0.565109056010482	-0.0027191869008624	27	27	-0.0734180463232848
794.25	710.968005845769	266.269753647284	0.564429012135366	-0.00272116410006795	27	27	-0.0734714307018347
794.5	711.179274882842	266.403415137529	0.563748484365286	-0.00272305806056896	27	27	-0.073522567635362
794.75	711.390634862256	266.53693277345	0.563067493524523	-0.00272486866553703	27	27	-0.0735714539694998
795	711.602085746432	266.67030639746	0.56238606046592	-0.00272659580328551	27	27	-0.0736180866887088
795.25	711.81362749477	266.803535856326	0.5617042060696	-0.00272823936727641	27	27	-0.0736624629164631
795.5	712.025260063664	266.936621001189	0.561021951241675	-0.00272979925612696	27	27	-0.0737045799154281
795.75	712.236983406505	267.069561687574	0.560339316912957	-0.00273127537361588	27	27	-0.0737444350876287
796	712.448797473691	267.2023577754	0.559656324037669	-0.00273266762868927	27	27	-0.0737820259746103
796.25	712.660702212639	267.335009129	0.558972993592149	-0.00273397593546629	27	27	-0.0738173502575899
796.5	712.872697567788	267.467515617124	0.55828934657356	-0.00273520021324442	27	27	-0.0738504057575992
796.75	713.084783480615	267.599877112961	0.557605403998592	-0.00273634038650443	27	27	-0.0738811904356195
797	713.296959889641	267.732093494143	0.556921186902164	-0.00273739638491506	27	27	-0.0739097023927067
797.25	713.509226730441	267.864164642759	0.556236716336133	-0.00273836814333737	27	27	-0.0739359398701089
797.5	713.721583935655	267.996090445368	0.555552013367987	-0.00273925560182871	27	27	-0.0739599012493751
797.75	713.934031434995	268.127870793007	0.554867099079552	-0.00274005870564646	27	27	-0.0739815850524544
798	714.146569155261	268.259505581206	0.55418199456569	-0.0027407774052514	27	27	-0.0740009899417878
798.25	714.359197020347	268.390994709992	0.553496720932995	-0.00274141165631075	27	27	-0.0740181147203903
798.5	714.571914951254	268.522338083905	0.552811299298493	-0.00274196141970092	27	27	-0.0740329583319248
798.75	714.784722866098	268.653535612005	0.552125750788342	-0.00274242666150991	27	27	-0.0740455198607675
799	714.997620680127	268.784587207882	0.551440096536523	-0.00274280735303941	27	27	-0.0740557985320641
799.25	715.210608305726	268.915492789663	0.550754357683543	-0.00274310347080658	27	27	-0.0740637937117778
799.5	715.423685652433	269.046252280028	0.550068555375124	-0.00274331499654549	27	27	-0.0740695049067282
799.75	715.636852626948	269.176865606208	0.549382710760905	-0.00274344191720822	27	27	-0.0740729317646218
800	715.850109133148	269.307332700004	0.548696844993133	-0.00274348422496571	27	27	-0.0740740740740741
800.25	716.063455072439	269.437653497224	0.548010973936891	-0.00274348422496571	27	27	-0.0740740740740741
800.5	716.276890344805	269.567827935997	0.54732510288065	-0.00274348422496571	27	27	-0.0740740740740741
800.75	716.490414849842	269.697855955088	0.546639231824409	-0.00274348422496571	27	27	-0.0740740740740741
801	716.704028487104	269.827737493329	0.545953360768167	-0.00274348422496571	27	27	-0.0740740740740741
801.25	716.917731156103	269.957472489621	0.545267489711926	-0.00274348422496571	27	27	-0.0740740740740741
801.5	717.131522756309	270.087060882934	0.544581618655684	-0.00274348422496571	27	27	-0.0740740740740741
801.75	717.34540318715	270.216502612308	0.543895747599443	-0.00274348422496571	27	27	-0.0740740740740741
802	717.559372348013	270.34579761685	0.543209876543202	-0.00274348422496571	27	27	-0.0740740740740741
802.25	717.773430138242	270.474945835738	0.54252400548696	-0.00274348422496571	27	27	-0.0740740740740741
802.5	717.987576457142	270.603947208218	0.541838134430719	-0.00274348422496571	27	27	-0.0740740740740741
802.75	718.201811203973	270.732801673605	0.541152263374477	-0.00274348422496571	27	27	-0.0740740740740741
803	718.416134277956	270.861509171283	0.540466392318236	-0.00274348422496571	27	27	-0.0740740740740741
803.25	718.630545578268	270.990069640707	0.539780521261995	-0.00274348422496571	27	27	-0.0740740740740741
803.5	718.845045004046	271.118483021399	0.539094650205753	-0.00274348422496571	27	27	-0.0740740740740741
803.75	719.059632454387	271.24674925295	0.538408779149512	-0.00274348422496571	27	27	-0.0740740740740741
804	719.274307828343	271.374868275023	0.53772290809327	-0.00274348422496571	27	27	-0.0740740740740741
804.25	719.489071024928	271.502840027346	0.537037037037029	-0.00274348422496571	27	27	-0.0740740740740741
804.5	719.703921943112	271.630664449721	0.536351165980788	-0.00274348422496571	27	27	-0.0740740740740741
804.75	719.918860481826	271.758341482015	0.535665294924546	-0.00274348422496571	27	27	-0.0740740740740741
805	720.133886539959	271.885871064168	0.534979423868305	-0.00274348422496571	27	27	-0.0740740740740741
805.25	720.349000016357	272.013253136186	0.534293552812063	-0.00274348422496571	27	27	-0.0740740740740741
805.5	720.564200809829	272.140487638147	0.533607681755822	-0.00274348422496571	27	27	-0.0740740740740741
805.75	720.779488819138	272.267574510197	0.532921810699581	-0.00274348422496571	27	27	-0.0740740740740741
806	720.99486394301	272.394513692553	0.532235939643339	-0.00274348422496571	27	27	-0.0740740740740741
806.25	721.210326080128	272.521305125499	0.531550068587098	-0.00274348422496571	27	27	-0.0740740740740741
806.5	721.425875129135	272.64794874939	0.530864197530856	-0.00274348422496571	27	27	-0.0740740740740741
806.75	721.641510988632	272.774444504652	0.530178326474615	-0.00274348422496571	27	27	-0.0740740740740741
807	721.857233557179	272.900792331777	0.529492455418374	-0.00274348422496571	27	27	-0.0740740740740741
807.25	722.073042733297	273.02699217133	0.528806584362132	-0.00274348422496571	27	27	-0.0740740740740741
807.5	722.288938415466	273.153043963943	0.528120713305891	-0.00274348422496571	27	27	-0.0740740740740741
807.75	722.504920502123	273.27894765032	0.527434842249649	-0.00274348422496571	27	27	-0.0740740740740741
808	722.720988891666	273.404703171233	0.526748971193408	-0.00274348422496571	27	27	-0.0740740740740741
808.25	722.937143482454	273.530310467524	0.526063100137167	-0.00274348422496571	27	27	-0.0740740740740741
808.5	723.153384172802	273.655769480105	0.525377229080925	-0.00274348422496571	27	27	-0.0740740740740741
808.75	723.369710860987	273.781080149958	0.524691358024684	-0.00274348422496571	27	27	-0.0740740740740741
809	723.586123445244	273.906242418134	0.524005486968442	-0.00274348422496571	27	27	-0.0740740740740741
809.25	723.80262182377	274.031256225754	0.523319615912201	-0.00274348422496571	27	27	-0.0740740740740741
809.5	724.019205894718	274.156121514011	0.522633744855959	-0.00274348422496571	27	27	-0.0740740740740741
809.75	724.235875556205	274.280838224164	0.521947873799718	-0.00274348422496571	27	27	-0.0740740740740741
810	724.452630706303	274.405406297544	0.521262002743477	-0.00274348422496571	27	27	-0.0740740740740741
810.25	724.669471243049	274.529825675553	0.520576131687235	-0.00274348422496571	27	27	-0.0740740740740741
810.5	724.886397064434	274.65409629966	0.519890260630994	-0.00274348422496571	27	27	-0.0740740740740741
810.75	725.103408068415	274.778218111408	0.519204389574752	-0.00274348422496571	27	27	-0.0740740740740741
811	725.320504152903	274.902191052406	0.518518518518511	-0.00274348422496571	27	27	-0.0740740740740741
811.25	725.537685215774	275.026015064335	0.51783264746227	-0.00274348422496571	27	27	-0.0740740740740741
811.5	725.754951154861	275.149690088947	0.517146776406028	-0.00274348422496571	27	27	-0.0740740740740741
811.75	725.972301867958	275.273216068061	0.516460905349787	-0.00274348422496571	27	27	-0.0740740740740741
812	726.189737252819	275.39659294357	0.515775034293545	-0.00274348422496571	27	27	-0.0740740740740741
812.25	726.407257207159	275.519820657434	0.515089163237304	-0.00274348422496571	27	27	-0.0740740740740741
812.5	726.624861628652	275.642899151684	0.514403292181063	-0.00274348422496571	27	27	-0.0740740740740741
812.75	726.842550414932	275.765828368422	0.513717421124821	-0.00274348422496571	27	27	-0.0740740740740741
813	727.060323463594	275.88860824982	0.51303155006858	-0.00274348422496571	27	27	-0.0740740740740741
813.25	727.278180672195	276.01123873812	0.512345679012338	-0.00274348422496571	27	27	-0.0740740740740741
813.5	727.49612193825	276.133719775634	0.511659807956097	-0.00274348422496571	27	27	-0.0740740740740741
813.75	727.714147159234	276.256051304745	0.510973936899856	-0.00274348422496571	27	27	-0.0740740740740741
814	727.932256232586	276.378233267905	0.510288065843614	-0.00274348422496571	27	27	-0.0740740740740741
814.25	728.150449055702	276.500265607638	0.509602194787373	-0.00274348422496571	27	27	-0.0740740740740741
814.5	728.36872552594	276.622148266538	0.508916323731131	-0.00274348422496571	27	27	-0.0740740740740741
814.75	728.587085540619	276.743881187268	0.50823045267489	-0.00274348422496571	27	27	-0.0740740740740741
815	728.805528997018	276.865464312563	0.507544581618649	-0.00274348422496571	27	27	-0.0740740740740741
815.25	729.024055792376	276.986897585228	0.506858710562407	-0.00274348422496571	27	27	-0.0740740740740741
815.5	729.242665823896	277.108180948139	0.506172839506166	-0.00274348422496571	27	27	-0.0740740740740741
815.75	729.461358988738	277.229314344242	0.505486968449924	-0.00274348422496571	27	27	-0.0740740740740741
816	729.680135184026	277.350297716552	0.504801097393683	-0.00274348422496571	27	27	-0.0740740740740741
816.25	729.898994306841	277.471131008158	0.504115226337442	-0.00274348422496571	27	27	-0.0740740740740741
816.5	730.11793625423	277.591814162216	0.5034293552812	-0.00274348422496571	27	27	-0.0740740740740741
816.75	730.336960923198	277.712347121956	0.502743484224959	-0.00274348422496571	27	27	-0.0740740740740741
817	730.556068210711	277.832729830676	0.502057613168717	-0.00274348422496571	27	27	-0.0740740740740741
817.25	730.775258013697	277.952962231746	0.501371742112476	-0.00274348422496571	27	27	-0.0740740740740741
817.5	730.994530229045	278.073044268606	0.500685871056235	-0.00274348422496571	27	27	-0.0740740740740741
817.75	731.213884753605	278.192975884767	0.499999999999993	-0.00274348422496571	27	27	-0.0740740740740741
818	731.433321484188	278.312757023812	0.499314128943752	-0.00274348422496571	27	27	-0.0740740740740741
818.25	731.652840317568	278.432387629393	0.49862825788751	-0.00274348422496571	27	27	-0.0740740740740741
818.5	731.872441150478	278.551867645233	0.497942386831269	-0.00274348422496571	27	27	-0.0740740740740741
818.75	732.092123879614	278.671197015127	0.497256515775027	-0.00274348422496571	27	27	-0.0740740740740741
819	732.311888401633	278.79037568294	0.496570644718786	-0.00274348422496571	27	27	-0.0740740740740741
819.25	732.531734613154	278.909403592608	0.495884773662545	-0.00274348422496571	27	27	-0.0740740740740741
819.5	732.751662410757	279.028280688138	0.495198902606303	-0.00274348422496571	27	27	-0.0740740740740741
819.75	732.971671690983	279.147006913608	0.494513031550062	-0.00274348422496571	27	27	-0.0740740740740741
820	733.191762350336	279.265582213167	0.49382716049382	-0.00274348422496571	27	27	-0.0740740740740741
820.25	733.411934285282	279.384006531034	0.493141289437579	-0.00274348422496571	27	27	-0.0740740740740741
820.5	733.632187392246	279.502279811502	0.492455418381338	-0.00274348422496571	27	27	-0.0740740740740741
820.75	733.852521567618	279.620401998931	0.491769547325096	-0.00274348422496571	27	27	-0.0740740740740741
821	734.072936707749	279.738373037754	0.491083676268855	-0.00274348422496571	27	27	-0.0740740740740741
821.25	734.29343270895	279.856192872477	0.490397805212613	-0.00274348422496571	27	27	-0.0740740740740741
821.5	734.514009467497	279.973861447674	0.489711934156372	-0.00274348422496571	27	27	-0.0740740740740741
821.75	734.734666879626	280.091378707992	0.489026063100131	-0.00274348422496571	27	27	-0.0740740740740741
822	734.955404841535	280.208744598148	0.488340192043889	-0.00274348422496571	27	27	-0.0740740740740741
822.25	735.176223249386	280.325959062932	0.487654320987648	-0.00274348422496571	27	27	-0.0740740740740741
822.5	735.3971219993	280.443022047202	0.486968449931406	-0.00274348422496571	27	27	-0.0740740740740741
822.75	735.618100987363	280.559933495891	0.486282578875165	-0.00274348422496571	27	27	-0.0740740740740741
823	735.839160109622	280.676693354002	0.485596707818924	-0.00274348422496571	27	27	-0.0740740740740741
823.25	736.060299262087	280.793301566608	0.484910836762682	-0.00274348422496571	27	27	-0.0740740740740741
823.5	736.28151834073	280.909758078854	0.484224965706441	-0.00274348422496571	27	27	-0.0740740740740741
823.75	736.502817241484	281.026062835957	0.483539094650199	-0.00274348422496571	27	27	-0.0740740740740741
824	736.724195860248	281.142215783205	0.482853223593958	-0.00274348422496571	27	27	-0.0740740740740741
824.25	736.945654092879	281.258216865958	0.482167352537717	-0.00274348422496571	27	27	-0.0740740740740741
824.5	737.1671918352	281.374066029646	0.481481481481475	-0.00274348422496571	27	27	-0.0740740740740741
824.75	737.388808982995	281.489763219772	0.480795610425234	-0.00274348422496571	27	27	-0.0740740740740741
825	737.610505432012	281.60530838191	0.480109739368992	-0.00274348422496571	27	27	-0.0740740740740741
825.25	737.83228107796	281.720701461705	0.479423868312751	-0.00274348422496571	27	27	-0.0740740740740741
825.5	738.054135816511	281.835942404873	0.47873799725651	-0.00274348422496571	27	27	-0.0740740740740741
825.75	738.276069543301	281.951031157204	0.478052126200268	-0.00274348422496571	27	27	-0.0740740740740741
826	738.498082153928	282.065967664557	0.477366255144027	-0.00274348422496571	27	27	-0.0740740740740741
826.25	738.720173543953	282.180751872864	0.476680384087785	-0.00274348422496571	27	27	-0.0740740740740741
826.5	738.942343608901	282.295383728128	0.475994513031544	-0.00274348422496571	27	27	-0.0740740740740741
826.75	739.164592244257	282.409863176425	0.475308641975303	-0.00274348422496571	27	27	-0.0740740740740741
827	739.386919345472	282.524190163901	0.474622770919061	-0.00274348422496571	27	27	-0.0740740740740741
827.25	739.609324807959	282.638364636774	0.47393689986282	-0.00274348422496571	27	27	-0.0740740740740741
827.5	739.831808527094	282.752386541335	0.473251028806578	-0.00274348422496571	27	27	-0.0740740740740741
827.75	740.054370398217	282.866255823945	0.472565157750337	-0.00274348422496571	27	27	-0.0740740740740741
828	740.277010316631	282.979972431039	0.471879286694096	-0.00274348422496571	27	27	-0.0740740740740741
828.25	740.499728177601	283.093536309121	0.471193415637854	-0.00274348422496571	27	27	-0.0740740740740741
828.5	740.722523876356	283.206947404769	0.470507544581613	-0.00274348422496571	27	27	-0.0740740740740741
828.75	740.945397308089	283.320205664633	0.469821673525371	-0.00274348422496571	27	27	-0.0740740740740741
829	741.168348367957	283.433311035433	0.46913580246913	-0.00274348422496571	27	27	-0.0740740740740741
829.25	741.391376951079	283.546263463963	0.468449931412888	-0.00274348422496571	27	27	-0.0740740740740741
829.5	741.614482952537	283.659062897087	0.467764060356647	-0.00274348422496571	27	27	-0.0740740740740741
829.75	741.837666267379	283.771709281743	0.467078189300406	-0.00274348422496571	27	27	-0.0740740740740741
830	742.060926790615	283.88420256494	0.466392318244164	-0.00274348422496571	27	27	-0.0740740740740741
830.25	742.284264417219	283.996542693758	0.465706447187923	-0.00274348422496571	27	27	-0.0740740740740741
830.5	742.507679042129	284.108729615351	0.465020576131681	-0.00274348422496571	27	27	-0.0740740740740741
830.75	742.731170560246	284.220763276944	0.46433470507544	-0.00274348422496571	27	27	-0.0740740740740741
831	742.954738866435	284.332643625834	0.463648834019199	-0.00274348422496571	27	27	-0.0740740740740741
831.25	743.178383855525	284.44437060939	0.462962962962957	-0.00274348422496571	27	27	-0.0740740740740741
831.5	743.402105422311	284.555944175054	0.462277091906716	-0.00274348422496571	27	27	-0.0740740740740741
831.75	743.625903461549	284.66736427034	0.461591220850474	-0.00274348422496571	27	27	-0.0740740740740741
832	743.849777867959	284.778630842833	0.460905349794233	-0.00274348422496571	27	27	-0.0740740740740741
832.25	744.073728536228	284.889743840191	0.460219478737992	-0.00274348422496571	27	27	-0.0740740740740741
832.5	744.297755361004	285.000703210146	0.45953360768175	-0.00274348422496571	27	27	-0.0740740740740741
832.75	744.521858236901	285.111508900499	0.458847736625509	-0.00274348422496571	27	27	-0.0740740740740741
833	744.746037058497	285.222160859125	0.458161865569267	-0.00274348422496571	27	27	-0.0740740740740741
833.25	744.970291720334	285.332659033971	0.457475994513026	-0.00274348422496571	27	27	-0.0740740740740741
833.5	745.194622116918	285.443003373058	0.456790123456785	-0.00274348422496571	27	27	-0.0740740740740741
833.75	745.41902814272	285.553193824476	0.456104252400543	-0.00274348422496571	27	27	-0.0740740740740741
834	745.643509692175	285.663230336391	0.455418381344302	-0.00274348422496571	27	27	-0.0740740740740741
834.25	745.868066659682	285.773112857039	0.45473251028806	-0.00274348422496571	27	27	-0.0740740740740741
834.5	746.092698939606	285.882841334729	0.454046639231819	-0.00274348422496571	27	27	-0.0740740740740741
834.75	746.317406426275	285.992415717843	0.453360768175578	-0.00274348422496571	27	27	-0.0740740740740741
835	746.542189013983	286.101835954835	0.452674897119336	-0.00274348422496571	27	27	-0.0740740740740741
835.25	746.767046596988	286.211101994231	0.451989026063095	-0.00274348422496571	27	27	-0.0740740740740741
835.5	746.991979069512	286.320213784631	0.451303155006853	-0.00274348422496571	27	27	-0.0740740740740741
835.75	747.216986325742	286.429171274707	0.450617283950612	-0.00274348422496571	27	27	-0.0740740740740741
836	747.442068259832	286.537974413202	0.449931412894371	-0.00274348422496571	27	27	-0.0740740740740741
836.25	747.667224765898	286.646623148934	0.449245541838129	-0.00274348422496571	27	27	-0.0740740740740741
836.5	747.892455738023	286.755117430792	0.448559670781888	-0.00274348422496571	27	27	-0.0740740740740741
836.75	748.117761070252	286.863457207739	0.447873799725646	-0.00274348422496571	27	27	-0.0740740740740741
837	748.3431406566	286.971642428809	0.447187928669405	-0.00274348422496571	27	27	-0.0740740740740741
837.25	748.568594391041	287.07967304311	0.446502057613164	-0.00274348422496571	27	27	-0.0740740740740741
837.5	748.79412216752	287.187548999822	0.445816186556922	-0.00274348422496571	27	27	-0.0740740740740741
837.75	749.019723879943	287.295270248199	0.445130315500681	-0.00274348422496571	27	27	-0.0740740740740741
838	749.245399422183	287.402836737566	0.444444444444439	-0.00274348422496571	27	27	-0.0740740740740741
838.25	749.471148688078	287.510248417322	0.443758573388198	-0.00274348422496571	27	27	-0.0740740740740741
838.5	749.69697157143	287.617505236938	0.443072702331957	-0.00274348422496571	27	27	-0.0740740740740741
838.75	749.92286796601	287.724607145959	0.442386831275715	-0.00274348422496571	27	27	-0.0740740740740741
839	750.14883776555	287.831554094002	0.441700960219474	-0.00274348422496571	27	27	-0.0740740740740741
839.25	750.374880863751	287.938346030758	0.441015089163232	-0.00274348422496571	27	27	-0.0740740740740741
839.5	750.600997154276	288.044982905988	0.440329218106991	-0.00274348422496571	27	27	-0.0740740740740741
839.75	750.827186530758	288.15146466953	0.439643347050749	-0.00274348422496571	27	27	-0.0740740740740741
840	751.053448886791	288.257791271291	0.438957475994508	-0.00274348422496571	27	27	-0.0740740740740741
840.25	751.279784115938	288.363962661255	0.438271604938267	-0.00274348422496571	27	27	-0.0740740740740741
840.5	751.506192111727	288.469978789476	0.437585733882025	-0.00274348422496571	27	27	-0.0740740740740741
840.75	751.732672767651	288.575839606081	0.436899862825784	-0.00274348422496571	27	27	-0.0740740740740741
841	751.959225977169	288.681545061273	0.436213991769542	-0.00274348422496571	27	27	-0.0740740740740741
841.25	752.185851633705	288.787095105325	0.435528120713301	-0.00274348422496571	27	27	-0.0740740740740741
841.5	752.412549630652	288.892489688584	0.43484224965706	-0.00274348422496571	27	27	-0.0740740740740741
841.75	752.639319861365	288.997728761471	0.434156378600818	-0.00274348422496571	27	27	-0.0740740740740741
842	752.866162219169	289.102812274479	0.433470507544577	-0.00274348422496571	27	27	-0.0740740740740741
842.25	753.093076597351	289.207740178175	0.432784636488335	-0.00274348422496571	27	27	-0.0740740740740741
842.5	753.320062889168	289.312512423199	0.432098765432094	-0.00274348422496571	27	27	-0.0740740740740741
842.75	753.54712098784	289.417128960264	0.431412894375853	-0.00274348422496571	27	27	-0.0740740740740741
843	753.774250786555	289.521589740157	0.430727023319611	-0.00274348422496571	27	27	-0.0740740740740741
843.25	754.001452178466	289.625894713737	0.43004115226337	-0.00274348422496571	27	27	-0.0740740740740741
843.5	754.228725056695	289.730043831937	0.429355281207128	-0.00274348422496571	27	27	-0.0740740740740741
843.75	754.456069314326	289.834037045763	0.428669410150887	-0.00274348422496571	27	27	-0.0740740740740741
844	754.683484844414	289.937874306295	0.427983539094646	-0.00274348422496571	27	27	-0.0740740740740741
844.25	754.910971539978	290.041555564685	0.427297668038404	-0.00274348422496571	27	27	-0.0740740740740741
844.5	755.138529294003	290.145080772162	0.426611796982163	-0.00274348422496571	27	27	-0.0740740740740741
844.75	755.366157999443	290.248449880023	0.425925925925921	-0.00274348422496571	27	27	-0.0740740740740741
845	755.593857549215	290.351662839642	0.42524005486968	-0.00274348422496571	27	27	-0.0740740740740741
845.25	755.821627836207	290.454719602466	0.424554183813439	-0.00274348422496571	27	27	-0.0740740740740741
845.5	756.04946875327	290.557620120015	0.423868312757197	-0.00274348422496571	27	27	-0.0740740740740741
845.75	756.277380193223	290.660364343883	0.423182441700956	-0.00274348422496571	27	27	-0.0740740740740741
846	756.505362048854	290.762952225737	0.422496570644714	-0.00274348422496571	27	27	-0.0740740740740741
846.25	756.733414212915	290.865383717317	0.421810699588473	-0.00274348422496571	27	27	-0.0740740740740741
846.5	756.961536578125	290.967658770438	0.421124828532232	-0.00274348422496571	27	27	-0.0740740740740741
846.75	757.189729037172	291.069777336987	0.42043895747599	-0.00274348422496571	27	27	-0.0740740740740741
847	757.417991482709	291.171739368927	0.419753086419749	-0.00274348422496571	27	27	-0.0740740740740741
847.25	757.646323807358	291.273544818291	0.419067215363507	-0.00274348422496571	27	27	-0.0740740740740741
847.5	757.874725903707	291.37519363719	0.418381344307266	-0.00274348422496571	27	27	-0.0740740740740741
847.75	758.103197664311	291.476685777805	0.417695473251025	-0.00274348422496571	27	27	-0.0740740740740741
848	758.331738981692	291.578021192393	0.417009602194783	-0.00274348422496571	27	27	-0.0740740740740741
848.25	758.56034974834	291.679199833284	0.416323731138542	-0.00274348422496571	27	27	-0.0740740740740741
848.5	758.789029856713	291.78022165288	0.4156378600823	-0.00274348422496571	27	27	-0.0740740740740741
848.75	759.017779199235	291.88108660366	0.414951989026059	-0.00274348422496571	27	27	-0.0740740740740741
849	759.246597668298	291.981794638175	0.414266117969817	-0.00274348422496571	27	27	-0.0740740740740741
849.25	759.475485156261	292.082345709049	0.413580246913576	-0.00274348422496571	27	27	-0.0740740740740741
849.5	759.704441555451	292.182739768982	0.412894375857335	-0.00274348422496571	27	27	-0.0740740740740741
849.75	759.933466758163	292.282976770746	0.412208504801093	-0.00274348422496571	27	27	-0.0740740740740741
850	760.162560656659	292.383056667189	0.411522633744852	-0.00274348422496571	27	27	-0.0740740740740741
850.25	760.391723143169	292.482979411229	0.41083676268861	-0.00274348422496571	27	27	-0.0740740740740741
850.5	760.62095410989	292.582744955863	0.410150891632369	-0.00274348422496571	27	27	-0.0740740740740741
850.75	760.850253448988	292.682353254158	0.409465020576128	-0.00274348422496571	27	27	-0.0740740740740741
851	761.079621052596	292.781804259256	0.408779149519886	-0.00274348422496571	27	27	-0.0740740740740741
851.25	761.309056812815	292.881097924375	0.408093278463645	-0.00274348422496571	27	27	-0.0740740740740741
851.5	761.538560621715	292.980234202803	0.407407407407403	-0.00274348422496571	27	27	-0.0740740740740741
851.75	761.768132371331	293.079213047907	0.406721536351162	-0.00274348422496571	27	27	-0.0740740740740741
852	761.99777195367	293.178034413123	0.406035665294921	-0.00274348422496571	27	27	-0.0740740740740741
852.25	762.227479260704	293.276698251966	0.405349794238679	-0.00274348422496571	27	27	-0.0740740740740741
852.5	762.457254184375	293.37520451802	0.404663923182438	-0.00274348422496571	27	27	-0.0740740740740741
852.75	762.687096616592	293.473553164948	0.403978052126196	-0.00274348422496571	27	27	-0.0740740740740741
853	762.917006449233	293.571744146484	0.403292181069955	-0.00274348422496571	27	27	-0.0740740740740741
853.25	763.146983574144	293.669777416437	0.402606310013714	-0.00274348422496571	27	27	-0.0740740740740741
853.5	763.37702788314	293.767652928691	0.401920438957472	-0.00274348422496571	27	27	-0.0740740740740741
853.75	763.607139268002	293.865370637202	0.401234567901231	-0.00274348422496571	27	27	-0.0740740740740741
854	763.837317620483	293.962930496003	0.400548696844989	-0.00274348422496571	27	27	-0.0740740740740741
854.25	764.067562832301	294.0603324592	0.399862825788748	-0.00274348422496571	27	27	-0.0740740740740741
854.5	764.297874795146	294.157576480972	0.399176954732507	-0.00274348422496571	27	27	-0.0740740740740741
854.75	764.528253400674	294.254662515575	0.398491083676265	-0.00274348422496571	27	27	-0.0740740740740741
855	764.758698540511	294.351590517338	0.397805212620024	-0.00274348422496571	27	27	-0.0740740740740741
855.25	764.989210106251	294.448360440663	0.397119341563782	-0.00274348422496571	27	27	-0.0740740740740741
855.5	765.219787989456	294.544972240028	0.396433470507541	-0.00274348422496571	27	27	-0.0740740740740741
855.75	765.450432081659	294.641425869985	0.3957475994513	-0.00274348422496571	27	27	-0.0740740740740741
856	765.68114227436	294.73772128516	0.395061728395058	-0.00274348422496571	27	27	-0.0740740740740741
856.25	765.911918459029	294.833858440255	0.394375857338817	-0.00274348422496571	27	27	-0.0740740740740741
856.5	766.142760527104	294.929837290044	0.393689986282575	-0.00274348422496571	27	27	-0.0740740740740741
856.75	766.373668369992	295.025657789378	0.393004115226334	-0.00274348422496571	27	27	-0.0740740740740741
857	766.604641879071	295.12131989318	0.392318244170093	-0.00274348422496571	27	27	-0.0740740740740741
857.25	766.835680945686	295.216823556449	0.391632373113851	-0.00274348422496571	27	27	-0.0740740740740741
857.5	767.066785461151	295.312168734258	0.39094650205761	-0.00274348422496571	27	27	-0.0740740740740741
857.75	767.297955316751	295.407355381756	0.390260631001368	-0.00274348422496571	27	27	-0.0740740740740741
858	767.529190403739	295.502383454164	0.389574759945127	-0.00274348422496571	27	27	-0.0740740740740741
858.25	767.760490613338	295.59725290678	0.388888888888886	-0.00274348422496571	27	27	-0.0740740740740741
858.5	767.991855836739	295.691963694975	0.388203017832644	-0.00274348422496571	27	27	-0.0740740740740741
858.75	768.223285965104	295.786515774196	0.387517146776403	-0.00274348422496571	27	27	-0.0740740740740741
859	768.454780889564	295.880909099962	0.386831275720161	-0.00274348422496571	27	27	-0.0740740740740741
859.25	768.686340501219	295.975143627871	0.38614540466392	-0.00274348422496571	27	27	-0.0740740740740741
859.5	768.917964691139	296.069219313592	0.385459533607678	-0.00274348422496571	27	27	-0.0740740740740741
859.75	769.149653350364	296.16313611287	0.384773662551437	-0.00274348422496571	27	27	-0.0740740740740741
860	769.381406369903	296.256893981525	0.384087791495196	-0.00274348422496571	27	27	-0.0740740740740741
860.25	769.613223640734	296.350492875451	0.383401920438954	-0.00274348422496571	27	27	-0.0740740740740741
860.5	769.845105053807	296.443932750618	0.382716049382713	-0.00274348422496571	27	27	-0.0740740740740741
860.75	770.077050500041	296.53721356307	0.382030178326471	-0.00274348422496571	27	27	-0.0740740740740741
861	770.309059870322	296.630335268925	0.38134430727023	-0.00274348422496571	27	27	-0.0740740740740741
861.25	770.541133055511	296.723297824378	0.380658436213989	-0.00274348422496571	27	27	-0.0740740740740741
861.5	770.773269946435	296.816101185697	0.379972565157747	-0.00274348422496571	27	27	-0.0740740740740741
861.75	771.005470433893	296.908745309226	0.379286694101506	-0.00274348422496571	27	27	-0.0740740740740741
862	771.237734408653	297.001230151383	0.378600823045264	-0.00274348422496571	27	27	-0.0740740740740741
862.25	771.470061761453	297.093555668662	0.377914951989023	-0.00274348422496571	27	27	-0.0740740740740741
862.5	771.702452383003	297.18572181763	0.377229080932782	-0.00274348422496571	27	27	-0.0740740740740741
862.75	771.934906163982	297.277728554931	0.37654320987654	-0.00274348422496571	27	27	-0.0740740740740741
863	772.167422995038	297.369575837284	0.375857338820299	-0.00274348422496571	27	27	-0.0740740740740741
863.25	772.400002766791	297.461263621481	0.375171467764057	-0.00274348422496571	27	27	-0.0740740740740741
863.5	772.632645369833	297.552791864391	0.374485596707816	-0.00274348422496571	27	27	-0.0740740740740741
863.75	772.865350694722	297.644160522958	0.373799725651575	-0.00274348422496571	27	27	-0.0740740740740741
864	773.09811863199	297.735369554199	0.373113854595333	-0.00274348422496571	27	27	-0.0740740740740741
864.25	773.330949072138	297.826418915209	0.372427983539092	-0.00274348422496571	27	27	-0.0740740740740741
864.5	773.563841905639	297.917308563156	0.37174211248285	-0.00274348422496571	27	27	-0.0740740740740741
864.75	773.796797022936	298.008038455283	0.371056241426609	-0.00274348422496571	27	27	-0.0740740740740741
865	774.029814314441	298.09860854891	0.370370370370368	-0.00274348422496571	27	27	-0.0740740740740741
865.25	774.262893670539	298.18901880143	0.369684499314126	-0.00274348422496571	27	27	-0.0740740740740741
865.5	774.496034981585	298.279269170314	0.368998628257885	-0.00274348422496571	27	27	-0.0740740740740741
865.75	774.729238137906	298.369359613105	0.368312757201643	-0.00274348422496571	27	27	-0.0740740740740741
866	774.962503029796	298.459290087424	0.367626886145402	-0.00274348422496571	27	27	-0.0740740740740741
866.25	775.195829547526	298.549060550964	0.366941015089161	-0.00274348422496571	27	27	-0.0740740740740741
866.5	775.429217581332	298.638670961498	0.366255144032919	-0.00274348422496571	27	27	-0.0740740740740741
866.75	775.662667021426	298.728121276869	0.365569272976678	-0.00274348422496571	27	27	-0.0740740740740741
867	775.896177757987	298.817411454999	0.364883401920436	-0.00274348422496571	27	27	-0.0740740740740741
867.25	776.129749681169	298.906541453884	0.364197530864195	-0.00274348422496571	27	27	-0.0740740740740741
867.5	776.363382681093	298.995511231596	0.363511659807954	-0.00274348422496571	27	27	-0.0740740740740741
867.75	776.597076647856	299.084320746282	0.362825788751712	-0.00274348422496571	27	27	-0.0740740740740741
868	776.830831471523	299.172969956163	0.362139917695471	-0.00274348422496571	27	27	-0.0740740740740741
868.25	777.06464704213	299.261458819539	0.361454046639229	-0.00274348422496571	27	27	-0.0740740740740741
868.5	777.298523249688	299.34978729478	0.360768175582988	-0.00274348422496571	27	27	-0.0740740740740741
868.75	777.532459984175	299.437955340338	0.360082304526746	-0.00274348422496571	27	27	-0.0740740740740741
869	777.766457135544	299.525962914734	0.359396433470505	-0.00274348422496571	27	27	-0.0740740740740741
869.25	778.000514593718	299.61380997657	0.358710562414264	-0.00274348422496571	27	27	-0.0740740740740741
869.5	778.234632248592	299.70149648452	0.358024691358022	-0.00274348422496571	27	27	-0.0740740740740741
869.75	778.468809990032	299.789022397334	0.357338820301781	-0.00274348422496571	27	27	-0.0740740740740741
870	778.703047707877	299.876387673839	0.356652949245539	-0.00274348422496571	27	27	-0.0740740740740741
870.25	778.937345291936	299.963592272937	0.355967078189298	-0.00274348422496571	27	27	-0.0740740740740741
870.5	779.171702631993	300.050636153605	0.355281207133057	-0.00274348422496571	27	27	-0.0740740740740741
870.75	779.4061196178	300.137519274895	0.354595336076815	-0.00274348422496571	27	27	-0.0740740740740741
871	779.640596139084	300.224241595936	0.353909465020574	-0.00274348422496571	27	27	-0.0740740740740741
871.25	779.875132085541	300.310803075933	0.353223593964332	-0.00274348422496571	27	27	-0.0740740740740741
871.5	780.109727346843	300.397203674165	0.352537722908091	-0.00274348422496571	27	27	-0.0740740740740741
871.75	780.34438181263	300.483443349988	0.35185185185185	-0.00274348422496571	27	27	-0.0740740740740741
872	780.579095372518	300.569522062832	0.351165980795608	-0.00274348422496571	27	27	-0.0740740740740741
872.25	780.813867916091	300.655439772206	0.350480109739367	-0.00274348422496571	27	27	-0.0740740740740741
872.5	781.04869933291	300.741196437691	0.349794238683125	-0.00274348422496571	27	27	-0.0740740740740741
872.75	781.283589512503	300.826792018945	0.349108367626884	-0.00274348422496571	27	27	-0.0740740740740741
873	781.518538344376	300.912226475705	0.348422496570643	-0.00274348422496571	27	27	-0.0740740740740741
873.25	781.753545718003	300.997499767778	0.347736625514401	-0.00274348422496571	27	27	-0.0740740740740741
873.5	781.988611522832	301.082611855051	0.34705075445816	-0.00274348422496571	27	27	-0.0740740740740741
873.75	782.223735648284	301.167562697486	0.346364883401918	-0.00274348422496571	27	27	-0.0740740740740741
874	782.458917983752	301.25235225512	0.345679012345677	-0.00274348422496571	27	27	-0.0740740740740741
874.25	782.694158418602	301.336980488066	0.344993141289436	-0.00274348422496571	27	27	-0.0740740740740741
874.5	782.929456842172	301.421447356514	0.344307270233194	-0.00274348422496571	27	27	-0.0740740740740741
874.75	783.164813143774	301.50575282073	0.343621399176953	-0.00274348422496571	27	27	-0.0740740740740741
875	783.40022721269	301.589896841053	0.342935528120711	-0.00274348422496571	27	27	-0.0740740740740741
875.25	783.635698938179	301.673879377901	0.34224965706447	-0.00274348422496571	27	27	-0.0740740740740741
875.5	783.871228209469	301.757700391767	0.341563786008229	-0.00274348422496571	27	27	-0.0740740740740741
875.75	784.106814915763	301.841359843221	0.340877914951987	-0.00274348422496571	27	27	-0.0740740740740741
876	784.342458946237	301.924857692906	0.340192043895746	-0.00274348422496571	27	27	-0.0740740740740741
876.25	784.578160190038	302.008193901545	0.339506172839504	-0.00274348422496571	27	27	-0.0740740740740741
876.5	784.81391853629	302.091368429934	0.338820301783263	-0.00274348422496571	27	27	-0.0740740740740741
876.75	785.049733874086	302.174381238946	0.338134430727022	-0.00274348422496571	27	27	-0.0740740740740741
877	785.285606092495	302.25723228953	0.33744855967078	-0.00274348422496571	27	27	-0.0740740740740741
877.25	785.521535080557	302.339921542712	0.336762688614539	-0.00274348422496571	27	27	-0.0740740740740741
877.5	785.757520727288	302.422448959594	0.336076817558297	-0.00274348422496571	27	27	-0.0740740740740741
877.75	785.993562921675	302.504814501352	0.335390946502056	-0.00274348422496571	27	27	-0.0740740740740741
878	786.229661552679	302.58701812924	0.334705075445815	-0.00274348422496571	27	27	-0.0740740740740741
878.25	786.465816509235	302.669059804589	0.334019204389573	-0.00274348422496571	27	27	-0.0740740740740741
878.5	786.702027680251	302.750939488804	0.333333333333332	-0.00274348422496571	27	27	-0.0740740740740741
878.75	786.938294954609	302.832657143367	0.33264746227709	-0.00274348422496571	27	27	-0.0740740740740741
879	787.174618221165	302.914212729837	0.331961591220849	-0.00274348422496571	27	27	-0.0740740740740741
879.25	787.410997368747	302.995606209849	0.331275720164607	-0.00274348422496571	27	27	-0.0740740740740741
879.5	787.647432286158	303.076837545114	0.330589849108366	-0.00274348422496571	27	27	-0.0740740740740741
879.75	787.883922862175	303.157906697418	0.329903978052125	-0.00274348422496571	27	27	-0.0740740740740741
880	788.120468985547	303.238813628625	0.329218106995883	-0.00274348422496571	27	27	-0.0740740740740741
880.25	788.357070545	303.319558300676	0.328532235939642	-0.00274348422496571	27	27	-0.0740740740740741
880.5	788.593727429231	303.400140675586	0.3278463648834	-0.00274348422496571	27	27	-0.0740740740740741
880.75	788.830439526912	303.480560715448	0.327160493827159	-0.00274348422496571	27	27	-0.0740740740740741
881	789.06720672669	303.56081838243	0.326474622770918	-0.00274348422496571	27	27	-0.0740740740740741
881.25	789.304028917184	303.640913638779	0.325788751714676	-0.00274348422496571	27	27	-0.0740740740740741
881.5	789.540905986989	303.720846446815	0.325102880658435	-0.00274348422496571	27	27	-0.0740740740740741
881.75	789.777837824673	303.800616768937	0.324417009602193	-0.00274348422496571	27	27	-0.0740740740740741
882	790.01482431878	303.880224567619	0.323731138545952	-0.00274348422496571	27	27	-0.0740740740740741
882.25	790.251865357826	303.959669805412	0.323045267489711	-0.00274348422496571	27	27	-0.0740740740740741
882.5	790.488960830303	304.038952444944	0.322359396433469	-0.00274348422496571	27	27	-0.0740740740740741
882.75	790.726110624676	304.118072448918	0.321673525377228	-0.00274348422496571	27	27	-0.0740740740740741
883	790.963314629385	304.197029780116	0.320987654320986	-0.00274348422496571	27	27	-0.0740740740740741
883.25	791.200572732846	304.275824401393	0.320301783264745	-0.00274348422496571	27	27	-0.0740740740740741
883.5	791.437884823447	304.354456275684	0.319615912208504	-0.00274348422496571	27	27	-0.0740740740740741
883.75	791.675250789552	304.432925365999	0.318930041152262	-0.00274348422496571	27	27	-0.0740740740740741
884	791.912670519501	304.511231635423	0.318244170096021	-0.00274348422496571	27	27	-0.0740740740740741
884.25	792.150143901605	304.589375047122	0.317558299039779	-0.00274348422496571	27	27	-0.0740740740740741
884.5	792.387670824154	304.667355564333	0.316872427983538	-0.00274348422496571	27	27	-0.0740740740740741
884.75	792.62525117541	304.745173150374	0.316186556927297	-0.00274348422496571	27	27	-0.0740740740740741
885	792.86288484361	304.822827768638	0.315500685871055	-0.00274348422496571	27	27	-0.0740740740740741
885.25	793.100571716967	304.900319382595	0.314814814814814	-0.00274348422496571	27	27	-0.0740740740740741
885.5	793.338311683669	304.977647955791	0.314128943758572	-0.00274348422496571	27	27	-0.0740740740740741
885.75	793.576104631878	305.054813451849	0.313443072702331	-0.00274348422496571	27	27	-0.0740740740740741
886	793.813950449733	305.131815834469	0.31275720164609	-0.00274348422496571	27	27	-0.0740740740740741
886.25	794.051849025345	305.208655067428	0.312071330589848	-0.00274348422496571	27	27	-0.0740740740740741
886.5	794.289800246803	305.28533111458	0.311385459533607	-0.00274348422496571	27	27	-0.0740740740740741
886.75	794.52780400217	305.361843939853	0.310699588477365	-0.00274348422496571	27	27	-0.0740740740740741
887	794.765860179484	305.438193507256	0.310013717421124	-0.00274348422496571	27	27	-0.0740740740740741
887.25	795.003968666759	305.514379780871	0.309327846364883	-0.00274348422496571	27	27	-0.0740740740740741
887.5	795.242129351985	305.59040272486	0.308641975308641	-0.00274348422496571	27	27	-0.0740740740740741
887.75	795.480342123126	305.66626230346	0.3079561042524	-0.00274348422496571	27	27	-0.0740740740740741
888	795.718606868122	305.741958480985	0.307270233196158	-0.00274348422496571	27	27	-0.0740740740740741
888.25	795.95692347489	305.817491221825	0.306584362139917	-0.00274348422496571	27	27	-0.0740740740740741
888.5	796.195291831319	305.89286049045	0.305898491083676	-0.00274348422496571	27	27	-0.0740740740740741
888.75	796.433711825278	305.968066251404	0.305212620027434	-0.00274348422496571	27	27	-0.0740740740740741
889	796.672183344609	306.043108469308	0.304526748971193	-0.00274348422496571	27	27	-0.0740740740740741
889.25	796.910706277131	306.117987108861	0.303840877914951	-0.00274348422496571	27	27	-0.0740740740740741
889.5	797.149280510637	306.19270213484	0.30315500685871	-0.00274348422496571	27	27	-0.0740740740740741
889.75	797.387905932898	306.267253512096	0.302469135802468	-0.00274348422496571	27	27	-0.0740740740740741
890	797.626582431659	306.341641205559	0.301783264746227	-0.00274348422496571	27	27	-0.0740740740740741
890.25	797.865309894644	306.415865180236	0.301097393689986	-0.00274348422496571	27	27	-0.0740740740740741
890.5	798.10408820955	306.489925401211	0.300411522633744	-0.00274348422496571	27	27	-0.0740740740740741
890.75	798.34291726405	306.563821833644	0.299725651577503	-0.00274348422496571	27	27	-0.0740740740740741
891	798.581796945797	306.637554442772	0.299039780521261	-0.00274348422496571	27	27	-0.0740740740740741
891.25	798.820727142414	306.711123193911	0.29835390946502	-0.00274348422496571	27	27	-0.0740740740740741
891.5	799.059707741507	306.784528052453	0.297668038408779	-0.00274348422496571	27	27	-0.0740740740740741
891.75	799.298738630652	306.857768983866	0.296982167352537	-0.00274348422496571	27	27	-0.0740740740740741
892	799.537819697407	306.930845953696	0.296296296296296	-0.00274348422496571	27	27	-0.0740740740740741
892.25	799.776950829301	307.003758927568	0.295610425240054	-0.00274348422496571	27	27	-0.0740740740740741
892.5	800.016131913845	307.07650787118	0.294924554183813	-0.00274348422496571	27	27	-0.0740740740740741
892.75	800.255362838521	307.14909275031	0.294238683127572	-0.00274348422496571	27	27	-0.0740740740740741
893	800.494643490792	307.221513530814	0.29355281207133	-0.00274348422496571	27	27	-0.0740740740740741
893.25	800.733973758095	307.293770178623	0.292866941015089	-0.00274348422496571	27	27	-0.0740740740740741
893.5	800.973353527845	307.365862659747	0.292181069958847	-0.00274348422496571	27	27	-0.0740740740740741
893.75	801.212782687433	307.43779094027	0.291495198902606	-0.00274348422496571	27	27	-0.0740740740740741
894	801.452261124227	307.509554986358	0.290809327846365	-0.00274348422496571	27	27	-0.0740740740740741
894.25	801.691788725571	307.581154764251	0.290123456790123	-0.00274348422496571	27	27	-0.0740740740740741
894.5	801.931365378787	307.652590240266	0.289437585733882	-0.00274348422496571	27	27	-0.0740740740740741
894.75	802.170990971175	307.7238613808	0.28875171467764	-0.00274348422496571	27	27	-0.0740740740740741
895	802.410665390008	307.794968152326	0.288065843621399	-0.00274348422496571	27	27	-0.0740740740740741
895.25	802.650388522541	307.865910521392	0.287379972565158	-0.00274348422496571	27	27	-0.0740740740740741
895.5	802.890160256002	307.936688454627	0.286694101508916	-0.00274348422496571	27	27	-0.0740740740740741
895.75	803.129980477599	308.007301918734	0.286008230452675	-0.00274348422496571	27	27	-0.0740740740740741
896	803.369849074515	308.077750880497	0.285322359396433	-0.00274348422496571	27	27	-0.0740740740740741
896.25	803.609765933912	308.148035306775	0.284636488340192	-0.00274348422496571	27	27	-0.0740740740740741
896.5	803.849730942928	308.218155164505	0.283950617283951	-0.00274348422496571	27	27	-0.0740740740740741
896.75	804.089743988679	308.2881104207	0.283264746227709	-0.00274348422496571	27	27	-0.0740740740740741
897	804.329804958258	308.357901042453	0.282578875171468	-0.00274348422496571	27	27	-0.0740740740740741
897.25	804.569913738736	308.427526996932	0.281893004115226	-0.00274348422496571	27	27	-0.0740740740740741
897.5	804.810070217162	308.496988251385	0.281207133058985	-0.00274348422496571	27	27	-0.0740740740740741
897.75	805.050274280561	308.566284773135	0.280521262002744	-0.00274348422496571	27	27	-0.0740740740740741
898	805.290525815936	308.635416529585	0.279835390946502	-0.00274348422496571	27	27	-0.0740740740740741
898.25	805.530824710269	308.704383488212	0.279149519890261	-0.00274348422496571	27	27	-0.0740740740740741
898.5	805.771170850519	308.773185616574	0.278463648834019	-0.00274348422496571	27	27	-0.0740740740740741
898.75	806.011564123621	308.841822882306	0.277777777777778	-0.00274348422496571	27	27	-0.0740740740740741
899	806.252004416491	308.910295253117	0.277091906721536	-0.00274348422496571	27	27	-0.0740740740740741
899.25	806.492491616021	308.978602696799	0.276406035665295	-0.00274348422496571	27	27	-0.0740740740740741
899.5	806.733025609081	309.046745181218	0.275720164609054	-0.00274348422496571	27	27	-0.0740740740740741
899.75	806.973606282519	309.114722674318	0.275034293552812	-0.00274348422496571	27	27	-0.0740740740740741
900	807.214233523161	309.182535144121	0.274348422496571	-0.00274348422496571	27	27	-0.0740740740740741
900.25	807.454907217812	309.250182558727	0.273662551440329	-0.00274348422496571	27	27	-0.0740740740740741
900.5	807.695627253255	309.317664886314	0.272976680384088	-0.00274348422496571	27	27	-0.0740740740740741
900.75	807.93639351625	309.384982095136	0.272290809327847	-0.00274348422496571	27	27	-0.0740740740740741
901	808.177205893535	309.452134153527	0.271604938271605	-0.00274348422496571	27	27	-0.0740740740740741
901.25	808.418064271829	309.519121029896	0.270919067215364	-0.00274348422496571	27	27	-0.0740740740740741
901.5	808.658968537827	309.585942692732	0.270233196159122	-0.00274348422496571	27	27	-0.0740740740740741
901.75	808.899918578202	309.6525991106	0.269547325102881	-0.00274348422496571	27	27	-0.0740740740740741
902	809.140914279608	309.719090252144	0.26886145404664	-0.00274348422496571	27	27	-0.0740740740740741
902.25	809.381955528675	309.785416086086	0.268175582990398	-0.00274348422496571	27	27	-0.0740740740740741
902.5	809.623042212014	309.851576581224	0.267489711934157	-0.00274348422496571	27	27	-0.0740740740740741
902.75	809.864174216211	309.917571706435	0.266803840877915	-0.00274348422496571	27	27	-0.0740740740740741
903	810.105351427835	309.983401430674	0.266117969821674	-0.00274348422496571	27	27	-0.0740740740740741
903.25	810.346573733431	310.049065722973	0.265432098765433	-0.00274348422496571	27	27	-0.0740740740740741
903.5	810.587841019522	310.114564552443	0.264746227709191	-0.00274348422496571	27	27	-0.0740740740740741
903.75	810.829153172614	310.179897888272	0.26406035665295	-0.00274348422496571	27	27	-0.0740740740740741
904	811.070510079186	310.245065699725	0.263374485596708	-0.00274348422496571	27	27	-0.0740740740740741
904.25	811.311911625702	310.310067956147	0.262688614540467	-0.00274348422496571	27	27	-0.0740740740740741
904.5	811.5533576986	310.374904626959	0.262002743484226	-0.00274348422496571	27	27	-0.0740740740740741
904.75	811.794848184301	310.439575681661	0.261316872427984	-0.00274348422496571	27	27	-0.0740740740740741
905	812.036382969201	310.50408108983	0.260631001371743	-0.00274348422496571	27	27	-0.0740740740740741
905.25	812.277961939679	310.568420821121	0.259945130315501	-0.00274348422496571	27	27	-0.0740740740740741
905.5	812.519584982092	310.632594845269	0.25925925925926	-0.00274348422496571	27	27	-0.0740740740740741
905.75	812.761251982775	310.696603132084	0.258573388203019	-0.00274348422496571	27	27	-0.0740740740740741
906	813.002962828043	310.760445651455	0.257887517146777	-0.00274348422496571	27	27	-0.0740740740740741
906.25	813.244717404191	310.82412237335	0.257201646090536	-0.00274348422496571	27	27	-0.0740740740740741
906.5	813.486515597494	310.887633267815	0.256515775034294	-0.00274348422496571	27	27	-0.0740740740740741
906.75	813.728357294204	310.950978304972	0.255829903978053	-0.00274348422496571	27	27	-0.0740740740740741
907	813.970242380555	311.014157455022	0.255144032921812	-0.00274348422496571	27	27	-0.0740740740740741
907.25	814.212170742759	311.077170688246	0.25445816186557	-0.00274348422496571	27	27	-0.0740740740740741
907.5	814.454142267008	311.140017975	0.253772290809329	-0.00274348422496571	27	27	-0.0740740740740741
907.75	814.696156839475	311.20269928572	0.253086419753087	-0.00274348422496571	27	27	-0.0740740740740741
908	814.938214346312	311.265214590919	0.252400548696846	-0.00274348422496571	27	27	-0.0740740740740741
908.25	815.180314673649	311.327563861189	0.251714677640605	-0.00274348422496571	27	27	-0.0740740740740741
908.5	815.422457707598	311.3897470672	0.251028806584363	-0.00274348422496571	27	27	-0.0740740740740741
908.75	815.664643334251	311.451764179699	0.250342935528122	-0.00274348422496571	27	27	-0.0740740740740741
909	815.906871439679	311.513615169513	0.24965706447188	-0.00274348422496571	27	27	-0.0740740740740741
909.25	816.149141909933	311.575300007545	0.248971193415639	-0.00274348422496571	27	27	-0.0740740740740741
909.5	816.391454631044	311.636818664778	0.248285322359397	-0.00274348422496571	27	27	-0.0740740740740741
909.75	816.633809489024	311.698171112272	0.247599451303156	-0.00274348422496571	27	27	-0.0740740740740741
910	816.876206369864	311.759357321166	0.246913580246915	-0.00274348422496571	27	27	-0.0740740740740741
910.25	817.118645159537	311.820377262677	0.246227709190673	-0.00274348422496571	27	27	-0.0740740740740741
910.5	817.361125743994	311.8812309081	0.245541838134432	-0.00274348422496571	27	27	-0.0740740740740741
910.75	817.603648009168	311.941918228808	0.24485596707819	-0.00274348422496571	27	27	-0.0740740740740741
911	817.846211840973	312.002439196253	0.244170096021949	-0.00274348422496571	27	27	-0.0740740740740741
911.25	818.0888171253	312.062793781964	0.243484224965707	-0.00274348422496571	27	27	-0.0740740740740741
911.5	818.331463748025	312.122981957549	0.242798353909466	-0.00274348422496571	27	27	-0.0740740740740741
911.75	818.574151595001	312.183003694695	0.242112482853225	-0.00274348422496571	27	27	-0.0740740740740741
912	818.816880552064	312.242858965167	0.241426611796983	-0.00274348422496571	27	27	-0.0740740740740741
912.25	819.059650505029	312.302547740807	0.240740740740742	-0.00274348422496571	27	27	-0.0740740740740741
912.5	819.302461339692	312.362069993536	0.2400548696845	-0.00274348422496571	27	27	-0.0740740740740741
912.75	819.545312941831	312.421425695355	0.239368998628259	-0.00274348422496571	27	27	-0.0740740740740741
913	819.788205197204	312.480614818341	0.238683127572017	-0.00274348422496571	27	27	-0.0740740740740741
913.25	820.03113799155	312.539637334651	0.237997256515776	-0.00274348422496571	27	27	-0.0740740740740741
913.5	820.274111210588	312.598493216518	0.237311385459534	-0.00274348422496571	27	27	-0.0740740740740741
913.75	820.517124740019	312.657182436257	0.236625514403293	-0.00274348422496571	27	27	-0.0740740740740741
914	820.760178465524	312.715704966259	0.235939643347052	-0.00274348422496571	27	27	-0.0740740740740741
914.25	821.003272272768	312.774060778993	0.23525377229081	-0.00274348422496571	27	27	-0.0740740740740741
914.5	821.246406047393	312.832249847008	0.234567901234569	-0.00274348422496571	27	27	-0.0740740740740741
914.75	821.489579675026	312.89027214293	0.233882030178327	-0.00274348422496571	27	27	-0.0740740740740741
915	821.732793041271	312.948127639466	0.233196159122086	-0.00274348422496571	27	27	-0.0740740740740741
915.25	821.976046031719	313.005816309398	0.232510288065844	-0.00274348422496571	27	27	-0.0740740740740741
915.5	822.219338531936	313.063338125589	0.231824417009603	-0.00274348422496571	27	27	-0.0740740740740741
915.75	822.462670427475	313.120693060979	0.231138545953362	-0.00274348422496571	27	27	-0.0740740740740741
916	822.706041603866	313.177881088587	0.23045267489712	-0.00274348422496571	27	27	-0.0740740740740741
916.25	822.949451946625	313.234902181511	0.229766803840879	-0.00274348422496571	27	27	-0.0740740740740741
916.5	823.192901341245	313.291756312928	0.229080932784637	-0.00274348422496571	27	27	-0.0740740740740741
916.75	823.436389673203	313.348443456092	0.228395061728396	-0.00274348422496571	27	27	-0.0740740740740741
917	823.679916827959	313.404963584336	0.227709190672154	-0.00274348422496571	27	27	-0.0740740740740741
917.25	823.923482690951	313.461316671072	0.227023319615913	-0.00274348422496571	27	27	-0.0740740740740741
917.5	824.167087147603	313.517502689791	0.226337448559672	-0.00274348422496571	27	27	-0.0740740740740741
917.75	824.410730083317	313.573521614062	0.22565157750343	-0.00274348422496571	27	27	-0.0740740740740741
918	824.65441138348	313.629373417532	0.224965706447189	-0.00274348422496571	27	27	-0.0740740740740741
918.25	824.89813093346	313.685058073927	0.224279835390947	-0.00274348422496571	27	27	-0.0740740740740741
918.5	825.141888618605	313.740575557053	0.223593964334706	-0.00274348422496571	27	27	-0.0740740740740741
918.75	825.385684324248	313.795925840792	0.222908093278464	-0.00274348422496571	27	27	-0.0740740740740741
919	825.629517935702	313.851108899108	0.222222222222223	-0.00274348422496571	27	27	-0.0740740740740741
919.25	825.873389338264	313.90612470604	0.221536351165982	-0.00274348422496571	27	27	-0.0740740740740741
919.5	826.117298417212	313.960973235709	0.22085048010974	-0.00274348422496571	27	27	-0.0740740740740741
919.75	826.361245057806	314.015654462313	0.220164609053499	-0.00274348422496571	27	27	-0.0740740740740741
920	826.60522914529	314.070168360128	0.219478737997257	-0.00274348422496571	27	27	-0.0740740740740741
920.25	826.849250564887	314.12451490351	0.218792866941016	-0.00274348422496571	27	27	-0.0740740740740741
920.5	827.093309201807	314.178694066894	0.218106995884774	-0.00274348422496571	27	27	-0.0740740740740741
920.75	827.337404941238	314.232705824792	0.217421124828533	-0.00274348422496571	27	27	-0.0740740740740741
921	827.581537668355	314.286550151797	0.216735253772291	-0.00274348422496571	27	27	-0.0740740740740741
921.25	827.825707268312	314.340227022578	0.21604938271605	-0.00274348422496571	27	27	-0.0740740740740741
921.5	828.069913626247	314.393736411886	0.215363511659809	-0.00274348422496571	27	27	-0.0740740740740741
921.75	828.314156627281	314.447078294549	0.214677640603567	-0.00274348422496571	27	27	-0.0740740740740741
922	828.558436156517	314.500252645473	0.213991769547326	-0.00274348422496571	27	27	-0.0740740740740741
922.25	828.802752099041	314.553259439645	0.213305898491084	-0.00274348422496571	27	27	-0.0740740740740741
922.5	829.047104339924	314.606098652128	0.212620027434843	-0.00274348422496571	27	27	-0.0740740740740741
922.75	829.291492764215	314.658770258067	0.211934156378601	-0.00274348422496571	27	27	-0.0740740740740741
923	829.535917256952	314.711274232683	0.21124828532236	-0.00274348422496571	27	27	-0.0740740740740741
923.25	829.780377703151	314.763610551278	0.210562414266119	-0.00274348422496571	27	27	-0.0740740740740741
923.5	830.024873987814	314.815779189231	0.209876543209877	-0.00274348422496571	27	27	-0.0740740740740741
923.75	830.269405995925	314.867780122002	0.209190672153636	-0.00274348422496571	27	27	-0.0740740740740741
924	830.513973612452	314.919613325129	0.208504801097394	-0.00274348422496571	27	27	-0.0740740740740741
924.25	830.758576722346	314.971278774227	0.207818930041153	-0.00274348422496571	27	27	-0.0740740740740741
924.5	831.003215210539	315.022776444994	0.207133058984911	-0.00274348422496571	27	27	-0.0740740740740741
924.75	831.24788896195	315.074106313202	0.20644718792867	-0.00274348422496571	27	27	-0.0740740740740741
925	831.49259786148	315.125268354706	0.205761316872429	-0.00274348422496571	27	27	-0.0740740740740741
925.25	831.737341794013	315.176262545438	0.205075445816187	-0.00274348422496571	27	27	-0.0740740740740741
925.5	831.982120644417	315.227088861409	0.204389574759946	-0.00274348422496571	27	27	-0.0740740740740741
925.75	832.226934297542	315.277747278709	0.203703703703704	-0.00274348422496571	27	27	-0.0740740740740741
926	832.471782638224	315.328237773509	0.203017832647463	-0.00274348422496571	27	27	-0.0740740740740741
926.25	832.716665551282	315.378560322056	0.202331961591221	-0.00274348422496571	27	27	-0.0740740740740741
926.5	832.961582921518	315.428714900678	0.20164609053498	-0.00274348422496571	27	27	-0.0740740740740741
926.75	833.206534633718	315.47870148578	0.200960219478739	-0.00274348422496571	27	27	-0.0740740740740741
927	833.451520572653	315.528520053849	0.200274348422497	-0.00274348422496571	27	27	-0.0740740740740741
927.25	833.696540623075	315.578170581449	0.199588477366256	-0.00274348422496571	27	27	-0.0740740740740741
927.5	833.941594669724	315.627653045222	0.198902606310014	-0.00274348422496571	27	27	-0.0740740740740741
927.75	834.186682597321	315.676967421892	0.198216735253773	-0.00274348422496571	27	27	-0.0740740740740741
928	834.431804290571	315.726113688261	0.197530864197531	-0.00274348422496571	27	27	-0.0740740740740741
928.25	834.676959634166	315.775091821208	0.19684499314129	-0.00274348422496571	27	27	-0.0740740740740741
928.5	834.922148512779	315.823901797694	0.196159122085049	-0.00274348422496571	27	27	-0.0740740740740741
928.75	835.167370811068	315.872543594757	0.195473251028807	-0.00274348422496571	27	27	-0.0740740740740741
929	835.412626413677	315.921017189516	0.194787379972566	-0.00274348422496571	27	27	-0.0740740740740741
929.25	835.657915205233	315.969322559167	0.194101508916324	-0.00274348422496571	27	27	-0.0740740740740741
929.5	835.903237070347	316.017459680987	0.193415637860083	-0.00274348422496571	27	27	-0.0740740740740741
929.75	836.148591893615	316.065428532332	0.192729766803841	-0.00274348422496571	27	27	-0.0740740740740741
930	836.393979559617	316.113229090635	0.1920438957476	-0.00274348422496571	27	27	-0.0740740740740741
930.25	836.639399952918	316.16086133341	0.191358024691358	-0.00274348422496571	27	27	-0.0740740740740741
930.5	836.884852958068	316.20832523825	0.190672153635117	-0.00274348422496571	27	27	-0.0740740740740741
930.75	837.130338459602	316.255620782828	0.189986282578876	-0.00274348422496571	27	27	-0.0740740740740741
931	837.375856342037	316.302747944895	0.189300411522634	-0.00274348422496571	27	27	-0.0740740740740741
931.25	837.621406489878	316.34970670228	0.188614540466393	-0.00274348422496571	27	27	-0.0740740740740741
931.5	837.866988787614	316.396497032894	0.187928669410151	-0.00274348422496571	27	27	-0.0740740740740741
931.75	838.112603119717	316.443118914726	0.18724279835391	-0.00274348422496571	27	27	-0.0740740740740741
932	838.358249370646	316.489572325844	0.186556927297668	-0.00274348422496571	27	27	-0.0740740740740741
932.25	838.603927424844	316.535857244396	0.185871056241427	-0.00274348422496571	27	27	-0.0740740740740741
932.5	838.84963716674	316.581973648607	0.185185185185186	-0.00274348422496571	27	27	-0.0740740740740741
932.75	839.095378480747	316.627921516784	0.184499314128944	-0.00274348422496571	27	27	-0.0740740740740741
933	839.341151251264	316.673700827313	0.183813443072703	-0.00274348422496571	27	27	-0.0740740740740741
933.25	839.586955362675	316.719311558657	0.183127572016461	-0.00274348422496571	27	27	-0.0740740740740741
933.5	839.832790699347	316.764753689361	0.18244170096022	-0.00274348422496571	27	27	-0.0740740740740741
933.75	840.078657145637	316.810027198048	0.181755829903978	-0.00274348422496571	27	27	-0.0740740740740741
934	840.324554585884	316.85513206342	0.181069958847737	-0.00274348422496571	27	27	-0.0740740740740741
934.25	840.570482904412	316.900068264259	0.180384087791496	-0.00274348422496571	27	27	-0.0740740740740741
934.5	840.816441985533	316.944835779426	0.179698216735254	-0.00274348422496571	27	27	-0.0740740740740741
934.75	841.062431713542	316.989434587862	0.179012345679013	-0.00274348422496571	27	27	-0.0740740740740741
935	841.308451972722	317.033864668587	0.178326474622771	-0.00274348422496571	27	27	-0.0740740740740741
935.25	841.554502647339	317.078126000699	0.17764060356653	-0.00274348422496571	27	27	-0.0740740740740741
935.5	841.800583621647	317.122218563378	0.176954732510288	-0.00274348422496571	27	27	-0.0740740740740741
935.75	842.046694779885	317.166142335881	0.176268861454047	-0.00274348422496571	27	27	-0.0740740740740741
936	842.292836006277	317.209897297546	0.175582990397806	-0.00274348422496571	27	27	-0.0740740740740741
936.25	842.539007185033	317.25348342779	0.174897119341564	-0.00274348422496571	27	27	-0.0740740740740741
936.5	842.785208200351	317.296900706109	0.174211248285323	-0.00274348422496571	27	27	-0.0740740740740741
936.75	843.031438936412	317.340149112079	0.173525377229081	-0.00274348422496571	27	27	-0.0740740740740741
937	843.277699277384	317.383228625354	0.17283950617284	-0.00274348422496571	27	27	-0.0740740740740741
937.25	843.523989107423	317.42613922567	0.172153635116598	-0.00274348422496571	27	27	-0.0740740740740741
937.5	843.770308310668	317.46888089284	0.171467764060357	-0.00274348422496571	27	27	-0.0740740740740741
937.75	844.016656771248	317.511453606758	0.170781893004116	-0.00274348422496571	27	27	-0.0740740740740741
938	844.263034373273	317.553857347397	0.170096021947874	-0.00274348422496571	27	27	-0.0740740740740741
938.25	844.509441000844	317.596092094809	0.169410150891633	-0.00274348422496571	27	27	-0.0740740740740741
938.5	844.755876538047	317.638157829127	0.168724279835391	-0.00274348422496571	27	27	-0.0740740740740741
938.75	845.002340868953	317.680054530561	0.16803840877915	-0.00274348422496571	27	27	-0.0740740740740741
939	845.248833877621	317.721782179403	0.167352537722908	-0.00274348422496571	27	27	-0.0740740740740741
939.25	845.495355448095	317.763340756023	0.166666666666667	-0.00274348422496571	27	27	-0.0740740740740741
939.5	845.741905464408	317.804730240872	0.165980795610425	-0.00274348422496571	27	27	-0.0740740740740741
939.75	845.988483810578	317.845950614479	0.165294924554184	-0.00274348422496571	27	27	-0.0740740740740741
940	846.235090370609	317.887001857453	0.164609053497943	-0.00274348422496571	27	27	-0.0740740740740741
940.25	846.481725028493	317.927883950482	0.163923182441701	-0.00274348422496571	27	27	-0.0740740740740741
940.5	846.728387668208	317.968596874336	0.16323731138546	-0.00274348422496571	27	27	-0.0740740740740741
940.75	846.97507817372	318.009140609862	0.162551440329218	-0.00274348422496571	27	27	-0.0740740740740741
941	847.22179642898	318.049515137987	0.161865569272977	-0.00274348422496571	27	27	-0.0740740740740741
941.25	847.468542317928	318.089720439718	0.161179698216735	-0.00274348422496571	27	27	-0.0740740740740741
941.5	847.715315724489	318.129756496143	0.160493827160494	-0.00274348422496571	27	27	-0.0740740740740741
941.75	847.962116532578	318.169623288427	0.159807956104253	-0.00274348422496571	27	27	-0.0740740740740741
942	848.208944626093	318.209320797816	0.159122085048011	-0.00274348422496571	27	27	-0.0740740740740741
942.25	848.455799888922	318.248849005637	0.15843621399177	-0.00274348422496571	27	27	-0.0740740740740741
942.5	848.70268220494	318.288207893293	0.157750342935528	-0.00274348422496571	27	27	-0.0740740740740741
942.75	848.949591458009	318.32739744227	0.157064471879287	-0.00274348422496571	27	27	-0.0740740740740741
943	849.196527531977	318.366417634132	0.156378600823045	-0.00274348422496571	27	27	-0.0740740740740741
943.25	849.443490310682	318.405268450524	0.155692729766804	-0.00274348422496571	27	27	-0.0740740740740741
943.5	849.690479677948	318.443949873169	0.155006858710563	-0.00274348422496571	27	27	-0.0740740740740741
943.75	849.937495517585	318.482461883871	0.154320987654321	-0.00274348422496571	27	27	-0.0740740740740741
944	850.184537713393	318.520804464513	0.15363511659808	-0.00274348422496571	27	27	-0.0740740740740741
944.25	850.431606149159	318.558977597058	0.152949245541838	-0.00274348422496571	27	27	-0.0740740740740741
944.5	850.678700708656	318.596981263549	0.152263374485597	-0.00274348422496571	27	27	-0.0740740740740741
944.75	850.925821275648	318.634815446107	0.151577503429355	-0.00274348422496571	27	27	-0.0740740740740741
945	851.172967733883	318.672480126936	0.150891632373114	-0.00274348422496571	27	27	-0.0740740740740741
945.25	851.420139967099	318.709975288317	0.150205761316873	-0.00274348422496571	27	27	-0.0740740740740741
945.5	851.667337859022	318.74730091261	0.149519890260631	-0.00274348422496571	27	27	-0.0740740740740741
945.75	851.914561293364	318.784456982259	0.14883401920439	-0.00274348422496571	27	27	-0.0740740740740741
946	852.161810153829	318.821443479783	0.148148148148148	-0.00274348422496571	27	27	-0.0740740740740741
946.25	852.409084324104	318.858260387784	0.147462277091907	-0.00274348422496571	27	27	-0.0740740740740741
946.5	852.656383687867	318.894907688942	0.146776406035665	-0.00274348422496571	27	27	-0.0740740740740741
946.75	852.903708128785	318.931385366018	0.146090534979424	-0.00274348422496571	27	27	-0.0740740740740741
947	853.15105753051	318.967693401852	0.145404663923182	-0.00274348422496571	27	27	-0.0740740740740741
947.25	853.398431776685	319.003831779364	0.144718792866941	-0.00274348422496571	27	27	-0.0740740740740741
947.5	853.645830750941	319.039800481553	0.1440329218107	-0.00274348422496571	27	27	-0.0740740740740741
947.75	853.893254336896	319.0755994915	0.143347050754458	-0.00274348422496571	27	27	-0.0740740740740741
948	854.140702418158	319.111228792363	0.142661179698217	-0.00274348422496571	27	27	-0.0740740740740741
948.25	854.388174878321	319.146688367383	0.141975308641975	-0.00274348422496571	27	27	-0.0740740740740741
948.5	854.635671600971	319.181978199878	0.141289437585734	-0.00274348422496571	27	27	-0.0740740740740741
948.75	854.883192469681	319.217098273247	0.140603566529492	-0.00274348422496571	27	27	-0.0740740740740741
949	855.130737368011	319.252048570969	0.139917695473251	-0.00274348422496571	27	27	-0.0740740740740741
949.25	855.378306179511	319.286829076603	0.13923182441701	-0.00274348422496571	27	27	-0.0740740740740741
949.5	855.625898787722	319.321439773787	0.138545953360768	-0.00274348422496571	27	27	-0.0740740740740741
949.75	855.873515076169	319.35588064624	0.137860082304527	-0.00274348422496571	27	27	-0.0740740740740741
950	856.121154928371	319.390151677761	0.137174211248285	-0.00274348422496571	27	27	-0.0740740740740741
950.25	856.368818227742	319.424252852881	0.136488345480514	-0.00274344191720822	27	27	-0.0740729317646218
950.5	856.616504857329	319.458184158835	0.135802500866294	-0.00274331499654549	27	27	-0.0740695049067282
950.75	856.86421469955	319.491945587521	0.135116698557875	-0.00274310347080658	27	27	-0.0740637937117778
951	857.111947636117	319.525537136159	0.134430959704895	-0.00274280735303941	27	27	-0.0740557985320641
951.25	857.359703548052	319.558958807293	0.133745305453076	-0.00274242666150991	27	27	-0.0740455198607675
951.5	857.6074823157	319.59221060879	0.133059756942925	-0.00274196141970092	27	27	-0.0740329583319248
951.75	857.855283818746	319.625292553841	0.132374335308423	-0.00274141165631075	27	27	-0.0740181147203903
952	858.103107936226	319.658204660962	0.131689061675728	-0.0027407774052514	27	27	-0.0740009899417878
952.25	858.350954546546	319.690946953994	0.131003957161866	-0.00274005870564646	27	27	-0.0739815850524544
952.5	858.598823527493	319.723519462099	0.130319042873431	-0.00273925560182871	27	27	-0.0739599012493751
952.75	858.846714756252	319.755922219762	0.129634339905285	-0.00273836814333737	27	27	-0.0739359398701089
953	859.09462810942	319.788155266791	0.128949869339254	-0.00273739638491506	27	27	-0.0739097023927067
953.25	859.342563463022	319.820218648312	0.128265652242826	-0.00273634038650443	27	27	-0.0738811904356195
953.5	859.590520692522	319.852112414768	0.127581709667858	-0.00273520021324442	27	27	-0.0738504057575993
953.75	859.838499672842	319.883836621917	0.126898062649269	-0.00273397593546629	27	27	-0.0738173502575899
954	860.086500278377	319.91539133083	0.12621473220375	-0.00273266762868927	27	27	-0.0737820259746103
954.25	860.334522383004	319.946776607888	0.125531739328461	-0.00273127537361588	27	27	-0.0737444350876287
954.5	860.582565860106	319.977992524775	0.124849104999744	-0.00272979925612696	27	27	-0.0737045799154281
954.75	860.830630582579	320.009039158481	0.124166850171818	-0.00272823936727641	27	27	-0.0736624629164631
955	861.078716422851	320.03991659129	0.123484995775498	-0.00272659580328551	27	27	-0.0736180866887088
955.25	861.326823252894	320.070624910782	0.122803562716895	-0.00272486866553703	27	27	-0.0735714539694998
955.5	861.574950944242	320.101164209825	0.122122571876132	-0.00272305806056896	27	27	-0.073522567635362
955.75	861.823099368006	320.131534586569	0.121442044106052	-0.00272116410006795	27	27	-0.0734714307018347
956	862.071268394885	320.161736144444	0.120762000230936	-0.0027191869008624	27	27	-0.0734180463232848
956.25	862.319457895183	320.191768992151	0.120082461045214	-0.00271712658491527	27	27	-0.0733624177927122
956.5	862.567667738828	320.221633243658	0.119403447312185	-0.00271498327931655	27	27	-0.0733045485415469
956.75	862.815897795378	320.25132901819	0.118724979762736	-0.00271275711627543	27	27	-0.0732444421394367
957	863.064147934045	320.280856440226	0.118047079094062	-0.00271044823311214	27	27	-0.0731821022940277
957.25	863.312418023702	320.310215639489	0.117369765968392	-0.00270805677224945	27	27	-0.0731175328507352
957.5	863.560707932905	320.339406750942	0.11669306101171	-0.00270558288120395	27	27	-0.0730507377925065
957.75	863.809017529903	320.368429914776	0.116016984812488	-0.00270302671257688	27	27	-0.0729817212395756
958	864.057346682653	320.397285276401	0.11534155792041	-0.00270038842404476	27	27	-0.0729104874492086
958.25	864.305695258837	320.425972986444	0.114666800845111	-0.00269766817834967	27	27	-0.072837040815441
958.5	864.554063125875	320.454493200731	0.113992734054906	-0.00269486614328916	27	27	-0.0727613858688073
958.75	864.80245015094	320.482846080287	0.113319377975532	-0.00269198249170596	27	27	-0.072683527276061
959	865.050856200974	320.511031791319	0.112646752988884	-0.00268901740147729	27	27	-0.0726034698398868
959.25	865.299281142701	320.539050505208	0.111974879431761	-0.00268597105550387	27	27	-0.0725212184986044
959.5	865.547724842642	320.5669023985	0.111303777594611	-0.00268284364169867	27	27	-0.0724367783258641
959.75	865.796187167128	320.594587652897	0.110633467720276	-0.00267963535297531	27	27	-0.0723501545303334
960	866.044667982318	320.622106455239	0.10996397000275	-0.00267634638723615	27	27	-0.0722613524553761
960.25	866.293167154211	320.6494589975	0.109295304585926	-0.00267297694736009	27	27	-0.0721703775787224
960.5	866.541684548662	320.676645476775	0.108627491562357	-0.00266952724119005	27	27	-0.0720772355121313
960.75	866.790220031394	320.703666095262	0.107960550972018	-0.00266599748152016	27	27	-0.0719819320010442
961	867.038773468013	320.730521060257	0.107294502801068	-0.00266238788608261	27	27	-0.0718844729242306
961.25	867.287344724024	320.757210584138	0.106629366980616	-0.00265869867753427	27	27	-0.0717848642934253
961.5	867.535933664844	320.783734884351	0.105965163385493	-0.00265493008344289	27	27	-0.071683112252958
961.75	867.784540155817	320.810094183399	0.105301911833029	-0.00265108233627311	27	27	-0.0715792230793739
962	868.033164062225	320.836288708828	0.104639632081823	-0.00264715567337209	27	27	-0.0714732031810463
962.25	868.281805249306	320.862318693208	0.103978343830532	-0.0026431503369549	27	27	-0.0713650590977822
962.5	868.530463582267	320.888184374128	0.103318066716652	-0.00263906657408956	27	27	-0.071254797500418
962.75	868.779138926294	320.913885994171	0.102658820315305	-0.00263490463668179	27	27	-0.0711424251904084
963	869.027831146573	320.939423800906	0.102000624138038	-0.00263066478145951	27	27	-0.0710279490994067
963.25	869.276540108296	320.964798046871	0.101343497631611	-0.00262634726995695	27	27	-0.0709113762888375
963.5	869.525265676682	320.990008989556	0.100687460176804	-0.00262195236849855	27	27	-0.0707927139494609
963.75	869.774007716985	321.015056891386	0.100032531087219	-0.00261748034818255	27	27	-0.0706719694009289
964	870.022766094509	321.03994201971	0.0993787296080878	-0.00261293148486422	27	27	-0.0705491500913341
964.25	870.271540674623	321.064664646777	0.0987260749150874	-0.00260830605913888	27	27	-0.0704242635967498
964.5	870.520331322773	321.089225049725	0.0980745861131544	-0.00260360435632458	27	27	-0.0702973176207635
964.75	870.769137904497	321.113623510559	0.0974242822353083	-0.00259882666644448	27	27	-0.0701683199940009
965	871.017960285434	321.137860316137	0.0967751822414766	-0.00259397328420901	27	27	-0.0700372786736432
965.25	871.266798331343	321.161935758151	0.0961273050173258	-0.00258904450899765	27	27	-0.0699042017429364
965.5	871.515651908112	321.185850133106	0.095480669373096	-0.00258404064484046	27	27	-0.0697690974106923
965.75	871.76452088177	321.209603742306	0.0948352940424411	-0.00257896200039936	27	27	-0.0696319740107827
966	872.013405118506	321.233196891833	0.0941911976812725	-0.00257380888894906	27	27	-0.0694928400016246
966.25	872.262304484673	321.256629892524	0.0935483988666092	-0.00256858162835775	27	27	-0.0693517039656592
966.5	872.511218846809	321.279903059959	0.092906916095431	-0.00256328054106748	27	27	-0.0692085746088219
966.75	872.760148071644	321.303016714434	0.0922667677835383	-0.00255790595407429	27	27	-0.0690634607600057
967	873.009092026114	321.325971180947	0.0916279722644155	-0.00255245819890802	27	27	-0.0689163713705164
967.25	873.258050577374	321.34876678917	0.0909905477881005	-0.00254693761161186	27	27	-0.0687673155135203
967.5	873.507023592812	321.371403873437	0.0903545125200588	-0.00254134453272166	27	27	-0.0686163023834849
967.75	873.756010940055	321.393882772715	0.089719884540063	-0.00253567930724486	27	27	-0.0684633412956112
968	874.005012486989	321.416203830589	0.0890866818410775	-0.00252994228463925	27	27	-0.0683084416852598
968.25	874.254028101764	321.438367395234	0.0884549223281487	-0.00252413381879142	27	27	-0.0681516131073682
968.5	874.503057652813	321.460373819401	0.0878246238173004	-0.00251825426799488	27	27	-0.0679928652358619
968.75	874.752101008855	321.482223460384	0.087195804034435	-0.00251230399492805	27	27	-0.0678322078630572
969	875.001158038915	321.503916680009	0.08656848061424	-0.00250628336663177	27	27	-0.0676696508990578
969.25	875.25022861233	321.525453844603	0.0859426710991002	-0.00250019275448678	27	27	-0.0675052043711429
969.5	875.499312598763	321.546835324972	0.0853183929380155	-0.0024940325341907	27	27	-0.067338878423149
969.75	875.748409868213	321.568061496381	0.0846956634855248	-0.00248780308573496	27	27	-0.067170683314844
970	875.997520291026	321.589132738528	0.0840745000006353	-0.00248150479338127	27	27	-0.0670006294212943
970.25	876.24664373791	321.610049435519	0.0834549196457579	-0.00247513804563798	27	27	-0.0668287272322253
970.5	876.495780079938	321.630811975845	0.0828369394856486	-0.00246870323523606	27	27	-0.0666549873513737
970.75	876.744929188567	321.651420752357	0.082220576486356	-0.00246220075910495	27	27	-0.0664794204958337
971	876.994090935644	321.67187616224	0.0816058475141744	-0.002455631018348	27	27	-0.0663020374953959
971.25	877.243265193418	321.692178606991	0.0809927693346037	-0.00244899441821776	27	27	-0.0661228492918794
971.5	877.49245183455	321.712328492389	0.0803813586113151	-0.00244229136809099	27	27	-0.0659418669384566
971.75	877.741650732122	321.732326228474	0.0797716319051233	-0.00243552228144339	27	27	-0.0657591015989716
972	877.990861759652	321.752172229516	0.0791636056729648	-0.00242868757582413	27	27	-0.0655745645472514
972.25	878.240084791099	321.771866913994	0.0785572962668831	-0.00242178767283002	27	27	-0.0653882671664107
972.5	878.489319700873	321.791410704563	0.0779527199330194	-0.0024148229980796	27	27	-0.0652002209481493
972.75	878.738566363849	321.810804028035	0.0773498928106111	-0.00240779398118681	27	27	-0.0650104374920438
973	878.987824655373	321.830047315344	0.0767488309309959	-0.00240070105573451	27	27	-0.0648189285048318
973.25	879.237094451273	321.849141001524	0.0761495502166231	-0.00239354465924777	27	27	-0.0646257057996897
973.5	879.486375627868	321.86808552568	0.0755520664800713	-0.00238632523316682	27	27	-0.0644307812955041
973.75	879.735668061977	321.886881330957	0.0749563954230729	-0.00237904322281987	27	27	-0.0642341670161365
974	879.984971630929	321.905528864519	0.074362552635546	-0.00237169907739563	27	27	-0.0640358750896819
974.25	880.234286212571	321.924028577511	0.0737705535946321	-0.00236429324991557	27	27	-0.0638359177477203
974.5	880.483611685277	321.942380925038	0.0731804136637419	-0.00235682619720602	27	27	-0.0636343073245625
974.75	880.732947927959	321.960586366134	0.0725921480916074	-0.00234929837986997	27	27	-0.0634310562564891
975	880.98229482007	321.97864536373	0.0720057720113413	-0.00234171026225864	27	27	-0.0632261770809832
975.25	881.231652241621	321.996558384628	0.0714213004395036	-0.00233406231244287	27	27	-0.0630196824359576
975.5	881.48102007318	322.01432589947	0.0708387482751753	-0.00232635500218424	27	27	-0.0628115850589746
975.75	881.730398195886	322.031948382708	0.070258130299039	-0.00231858880690595	27	27	-0.0626018977864606
976	881.979786491457	322.049426312573	0.0696794611724678	-0.0023107642056635	27	27	-0.0623906335529144
976.25	882.229184842194	322.066760171045	0.0691027554366205	-0.00230288168111515	27	27	-0.062177805390109
976.5	882.478593130993	322.083950443825	0.0685280275115446	-0.00229494171949214	27	27	-0.0619634264262879
976.75	882.728011241351	322.100997620299	0.067955291695287	-0.00228694481056872	27	27	-0.0617475098853555
977	882.977439057371	322.117902193511	0.0673845621630119	-0.0022788914476319	27	27	-0.0615300690860612
977.25	883.226876463773	322.134664660131	0.0668158529661265	-0.00227078212745102	27	27	-0.0613111174411775
977.5	883.476323345901	322.151285520421	0.0662491780314142	-0.00226261735024717	27	27	-0.0610906684566735
977.75	883.725779589726	322.167765278206	0.0656845511601756	-0.00225439761966225	27	27	-0.0608687357308807
978	883.975245081858	322.184104440838	0.0651219860273768	-0.00224612344272797	27	27	-0.0606453329536552
978.25	884.224719709548	322.200303519171	0.0645614961808065	-0.00223779532983454	27	27	-0.0604204739055325
978.5	884.474203360699	322.21636302752	0.0640030950402398	-0.00222941379469918	27	27	-0.060194172456878
978.75	884.723695923869	322.232283483633	0.0634467958966106	-0.00222097935433448	27	27	-0.0599664425670309
979	884.973197288279	322.248065408658	0.0628926119111917	-0.00221249252901643	27	27	-0.0597372982834436
979.25	885.222707343819	322.263709327108	0.0623405561147831	-0.0022039538422524	27	27	-0.0595067537408148
979.5	885.472225981053	322.27921576683	0.061790641406908	-0.00219536382074881	27	27	-0.0592748231602179
979.75	885.721753091226	322.294585258968	0.061242880555017	-0.00218672299437865	27	27	-0.0590415208482236
980	885.97128856627	322.309818337934	0.0606972861937011	-0.0021780318961488	27	27	-0.0588068611960175
980.25	886.220832298807	322.324915541367	0.0601538708239116	-0.00216929106216712	27	27	-0.0585708586785122
980.5	886.470384182157	322.339877410107	0.0596126468121895	-0.00216050103160944	27	27	-0.0583335278534548
980.75	886.719944110344	322.354704488155	0.0590736263899026	-0.00215166234668623	27	27	-0.0580948833605283
981	886.969511978097	322.369397322639	0.0585368216524906	-0.00214277555260923	27	27	-0.0578549399204493
981.25	887.219087680859	322.383956463782	0.0580022445587198	-0.00213384119755775	27	27	-0.0576137123340593
981.5	887.46867111479	322.398382464864	0.0574699069299444	-0.0021248598326449	27	27	-0.0573712154814123
981.75	887.718262176772	322.412675882188	0.0569398204493784	-0.00211583201188356	27	27	-0.0571274643208562
982	887.967860764413	322.426837275044	0.0564119966613739	-0.00210675829215226	27	27	-0.056882473888111
982.25	888.217466776052	322.440867205677	0.0558864469707098	-0.00209763923316076	27	27	-0.0566362592953404
982.5	888.467080110764	322.454766239244	0.0553631826418877	-0.00208847539741557	27	27	-0.0563888357302203
982.75	888.716700668362	322.468534943785	0.0548422147984376	-0.00207926735018525	27	27	-0.0561402184550018
983	888.966328349401	322.482173890184	0.0543235544222313	-0.00207001565946553	27	27	-0.0558904228055693
983.25	889.215963055186	322.495683652132	0.053807212352805	-0.00206072089594427	27	27	-0.0556394641904953
983.5	889.465604687769	322.509064806092	0.0532931992866912	-0.00205138363296627	27	27	-0.0553873580900892
983.75	889.715253149957	322.522317931263	0.0527815257767582	-0.00204200444649788	27	27	-0.0551341200554428
984	889.964908345316	322.53544360954	0.0522722022315595	-0.00203258391509152	27	27	-0.0548797657074709
984.25	890.214570178171	322.54844242548	0.0517652389146919	-0.00202312261984992	27	27	-0.0546243107359479
984.5	890.464238553608	322.561314966265	0.0512606459441618	-0.00201362114439036	27	27	-0.0543677708985398
984.75	890.713913377484	322.574061821662	0.050758433291762	-0.00200408007480859	27	27	-0.0541101620198319
985	890.963594556422	322.586683583988	0.0502586107824555	-0.00199449999964273	27	27	-0.0538514999903536
985.25	891.213281997817	322.599180848071	0.0497611880937706	-0.00198488150983693	27	27	-0.0535918007655971
985.5	891.462975609839	322.611554211215	0.0492661747552028	-0.00197522519870496	27	27	-0.0533310803650339
985.75	891.712675301433	322.623804273158	0.048773580147628	-0.00196553166189357	27	27	-0.0530693548711264
986	891.962380982325	322.635931636036	0.0482834135027231	-0.00195580149734578	27	27	-0.052806640428336
986.25	892.212092563019	322.647936904345	0.0477956839023969	-0.00194603530526396	27	27	-0.052542953242127
986.5	892.461809954804	322.659820684903	0.0473104002782298	-0.00193623368807285	27	27	-0.052278309577967
986.75	892.711533069751	322.67158358681	0.0468275714109229	-0.00192639725038237	27	27	-0.0520127257603239
987	892.961261820718	322.683226221412	0.0463472059297563	-0.00191652659895032	27	27	-0.0517462181716585
987.25	893.21099612135	322.694749202258	0.0458693123120569	-0.00190662234264498	27	27	-0.0514788032514144
987.5	893.460735886082	322.706153145064	0.0453938988826753	-0.00189668509240753	27	27	-0.0512104974950033
987.75	893.710481030138	322.717438667677	0.0449209738134726	-0.00188671546121438	27	27	-0.0509413174527883
988	893.960231469532	322.728606390028	0.0444505451228159	-0.00187671406403934	27	27	-0.0506712797290622
988.25	894.209987121071	322.7396569341	0.043982620675084	-0.0018666815178157	27	27	-0.0504004009810238
988.5	894.459747902355	322.750590923885	0.0435172081801823	-0.00185661844139816	27	27	-0.0501286979177503
988.75	894.709513731776	322.761408985345	0.0430543151930669	-0.00184652545552468	27	27	-0.0498561872991664
989	894.95928452852	322.772111746373	0.042593949113279	-0.00183640318277818	27	27	-0.0495828859350108
989.25	895.209060212569	322.782699836753	0.0421361171844883	-0.00182625224754811	27	27	-0.0493088106837989
989.5	895.458840704698	322.79317388812	0.0416808264940457	-0.00181607327599197	27	27	-0.0490339784517833
989.75	895.708625926475	322.803534533921	0.0412280839725472	-0.00180586689599669	27	27	-0.0487584061919106
990	895.958415800267	322.813782409371	0.0407778963934051	-0.00179563373713985	27	27	-0.0484821109027758
990.25	896.208210249231	322.82391815142	0.0403302703724313	-0.00178537443065089	27	27	-0.0482051096275739
990.5	896.45800919732	322.833942398706	0.0398852123674284	-0.00177508960937216	27	27	-0.0479274194530483
990.75	896.70781256928	322.843855791517	0.0394427286777919	-0.00176477990771989	27	27	-0.047649057508437
991	896.957620290653	322.853658971753	0.0390028254441213	-0.00175444596164503	27	27	-0.0473700409644159
991.25	897.207432287769	322.863352582881	0.0385655086478414	-0.00174408840859407	27	27	-0.0470903870320398
991.5	897.457248487754	322.872937269897	0.0381307841108334	-0.00173370788746965	27	27	-0.0468101129616805
991.75	897.707068818522	322.882413679286	0.0376986574950758	-0.00172330503859122	27	27	-0.0465292360419628
992	897.956893208779	322.891782458979	0.037269134302295	-0.00171288050365549	27	27	-0.0462477735986983
992.25	898.206721588017	322.901044258312	0.0368422198736259	-0.0017024349256969	27	27	-0.0459657429938162
992.5	898.45655388652	322.91019972799	0.0364179193892828	-0.00169196894904788	27	27	-0.0456831616242928
992.75	898.706390035353	322.919249520036	0.0359962378682394	-0.00168148321929918	27	27	-0.0454000469210779
993	898.95622996637	322.928194287762	0.0355771801679195	-0.00167097838326	27	27	-0.0451164163480201
993.25	899.206073612204	322.937034685717	0.0351607509838973	-0.00166045508891811	27	27	-0.0448322874007891
993.5	899.455920906274	322.945771369654	0.0347469548496075	-0.00164991398539988	27	27	-0.0445476776057968
993.75	899.705771782774	322.954404996482	0.0343357961360663	-0.00163935572293022	27	27	-0.0442626045191159
994	899.955626176678	322.962936224229	0.0339272790516009	-0.00162878095279249	27	27	-0.0439770857253972
994.25	900.205484023735	322.971365712001	0.0335214076415908	-0.00161819032728833	27	27	-0.0436911388367849
994.5	900.455345260467	322.979694119934	0.0331181857882176	-0.00160758449969741	27	27	-0.04340478149183
994.75	900.705209824167	322.987922109162	0.0327176172102258	-0.00159696412423712	27	27	-0.0431180313544023
995	900.955077652898	322.996050341769	0.0323197054626933	-0.00158632985602226	27	27	-0.0428309061126011
995.25	901.204948685487	323.004079480745	0.0319244539368125	-0.00157568235102459	27	27	-0.0425434234776638
995.5	901.454822861527	323.012010189954	0.0315318658596804	-0.00156502226603235	27	27	-0.0422556011828734
995.75	901.704700121369	323.019843134083	0.0311419442941001	-0.00155435025860981	27	27	-0.0419674569824649
996	901.954580406125	323.027578978602	0.0307546921383918	-0.00154366698705666	27	27	-0.0416790086505298
996.25	902.20446365766	323.035218389727	0.0303701121262138	-0.0015329731103674	27	27	-0.0413902739799199
996.5	902.454349818592	323.042762034372	0.029988206826394	-0.00152226928819073	27	27	-0.0411012707811498
996.75	902.704238832289	323.050210580111	0.0296089786427716	-0.00151155618078882	27	27	-0.0408120168812981
997	902.954130642863	323.057564695135	0.0292324298140484	-0.00150083444899659	27	27	-0.0405225301229079
997.25	903.204025195172	323.064825048208	0.0288585624136512	-0.00149010475418096	27	27	-0.0402328283628861
997.5	903.453922434808	323.071992308628	0.0284873783496036	-0.00147936775820006	27	27	-0.0399429294714017
997.75	903.703822308105	323.079067146184	0.0281188793644083	-0.00146862412336237	27	27	-0.039652851330784
998	903.953724762124	323.086050231113	0.0277530670349397	-0.00145787451238589	27	27	-0.039362611834419
998.25	904.203629744658	323.092942234059	0.0273899427723468	-0.00144711958835726	27	27	-0.0390722288856461
998.5	904.453537204224	323.099743826029	0.0270295078219658	-0.00143636001469087	27	27	-0.0387817203966534
998.75	904.70344709006	323.106455678354	0.0266717632632435	-0.00142559645508789	27	27	-0.0384911042873729
999	904.95335935212	323.113078462646	0.0263167100096706	-0.00141482957349537	27	27	-0.0382003984843751
999.25	905.203273941074	323.119612850751	0.0259643488087255	-0.00140406003406531	27	27	-0.0379096209197633
999.5	905.4531908083	323.126059514715	0.0256146802418281	-0.00139328850111361	27	27	-0.0376187895300674
999.75	905.703109905879	323.132419126736	0.025267704724304	-0.00138251563907916	27	27	-0.0373279222551375
1000	905.953031186596	323.138692359125	0.0249234225053588	-0.00137174211248285	27	27	-0.037037037037037
1000.25	906.202954603932	323.144879884259	0.0245818336680626	-0.00136096858588654	27	27	-0.0367461518189366
1000.5	906.452880112058	323.150982374547	0.0242429381293453	-0.0013501957238521	27	27	-0.0364552845440066
1000.75	906.702807665836	323.15700050238	0.0239067356400012	-0.0013394241909004	27	27	-0.0361644531543107
1001	906.952737220809	323.162934940093	0.0235732257847049	-0.00132865465147033	27	27	-0.035873675589699
1001.25	907.2026687332	323.168786359923	0.0232424079820363	-0.00131788776987782	27	27	-0.0355829697867012
1001.5	907.452602159906	323.174555433963	0.0229142814845173	-0.00130712421027484	27	27	-0.0352923536774206
1001.75	907.702537458492	323.180242834126	0.0225888453786569	-0.00129636463660844	27	27	-0.0350018451884279
1002	907.95247458719	323.185849232099	0.0222660985850083	-0.00128560971257982	27	27	-0.0347114622396551
1002.25	908.20241350489	323.191375299301	0.0219460398582354	-0.00127486010160334	27	27	-0.0344212227432901
1002.5	908.452354171139	323.196821706841	0.0216286677871893	-0.00126411646676564	27	27	-0.0341311446026724
1002.75	908.702296546132	323.202189125479	0.0213139807949955	-0.00125337947078474	27	27	-0.033841245711188
1003	908.95224059071	323.20747822558	0.0210019771391513	-0.00124264977596912	27	27	-0.0335515439511661
1003.25	909.202186266355	323.212689677076	0.020692654911633	-0.00123192804417689	27	27	-0.0332620571927759
1003.5	909.452133535181	323.217824149418	0.020386012039014	-0.00122121493677497	27	27	-0.0329728032929242
1003.75	909.702082359935	323.222882311543	0.0200820462825924	-0.0012105111145983	27	27	-0.0326838000941542
1004	909.952032703987	323.227864831825	0.019780755238529	-0.00119981723790905	27	27	-0.0323950654235443
1004.25	910.201984531326	323.232772378035	0.0194821363379959	-0.0011891339663559	27	27	-0.0321066170916092
1004.5	910.451937806556	323.237605617301	0.0191861868473347	-0.00117846195893336	27	27	-0.0318184728912006
1004.75	910.701892494889	323.242365216066	0.0188929038682254	-0.00116780187394112	27	27	-0.0315306505964103
1005	910.95184856214	323.247051840044	0.0186022843378648	-0.00115715436894344	27	27	-0.0312431679614729
1005.25	911.201805974723	323.251666154181	0.0183143250291558	-0.00114652010072858	27	27	-0.0309560427196717
1005.5	911.451764699643	323.256208822614	0.0180290225509062	-0.0011358997252683	27	27	-0.0306692925822441
1005.75	911.701724704492	323.260680508625	0.017746373348038	-0.00112529389767738	27	27	-0.0303829352372892
1006	911.951685957444	323.265081874605	0.0174663737018067	-0.00111470327217322	27	27	-0.0300969883486769
1006.25	912.201648427249	323.269413582012	0.0171890197300306	-0.00110412850203549	27	27	-0.0298114695549582
1006.5	912.451612083226	323.273676291324	0.0169143073873304	-0.00109357023956583	27	27	-0.0295263964682773
1006.75	912.701576895259	323.277870662006	0.0166422324653787	-0.00108302913604759	27	27	-0.029241786673285
1007	912.95154283379	323.281997352463	0.0163727905931596	-0.0010725058417057	27	27	-0.028957657726054
1007.25	913.201509869816	323.286057020002	0.016105977237238	-0.00106200100566652	27	27	-0.0286740271529962
1007.5	913.451477974879	323.29005032079	0.01584178770204	-0.00105151527591783	27	27	-0.0283909124497813
1007.75	913.701447121064	323.293977909811	0.0155802171301417	-0.00104104929926881	27	27	-0.0281083310802578
1008	913.951417280991	323.29784044083	0.0153212605025693	-0.00103060372131021	27	27	-0.0278263004753758
1008.25	914.201388427811	323.301638566349	0.0150649126391087	-0.00102017918637449	27	27	-0.0275448380321112
1008.5	914.451360535198	323.305372937565	0.0148111681986249	-0.00100977633749606	27	27	-0.0272639611123936
1008.75	914.701333577346	323.309044204335	0.0145600216793914	-0.00099939581637164	27	27	-0.0269836870420343
1009	914.951307528958	323.312653015129	0.0143114674194299	-0.000989038263320673	27	27	-0.0267040331096582
1009.25	915.201282365247	323.316200016994	0.0140654995968591	-0.000978704317245818	27	27	-0.0264250165656371
1009.5	915.451258061925	323.319685855511	0.0138221122302542	-0.000968394615593548	27	27	-0.0261466546210258
1009.75	915.7012345952	323.323111174758	0.0135812991790156	-0.000958109794314821	27	27	-0.0258689644465002
1010	915.951211941767	323.326476617268	0.013343054143748	-0.000947850487825861	27	27	-0.0255919631712982
1010.25	916.201190078805	323.329782823988	0.0131073706666487	-0.000937617328969018	27	27	-0.0253156678821635
1010.5	916.451168983971	323.333030434241	0.0128742421319058	-0.000927410948973732	27	27	-0.0250400956222908
1010.75	916.70114863539	323.336220085686	0.0126436617661069	-0.000917231977417598	27	27	-0.0247652633902751
1011	916.951129011655	323.339352414277	0.0124156226386563	-0.000907081042187529	27	27	-0.0244911881390633
1011.25	917.201110091817	323.342428054224	0.0121901176622027	-0.000896958769441024	27	27	-0.0242178867749077
1011.5	917.45109185538	323.345447637957	0.0119671395930766	-0.000886865783567549	27	27	-0.0239453761563238
1011.75	917.701074282296	323.348411796081	0.0117466810317369	-0.000876802707150011	27	27	-0.0236736730930503
1012	917.951057352956	323.351321157339	0.0115287344232274	-0.000866770160926368	27	27	-0.0234027943450119
1012.25	918.201041048191	323.354176348577	0.0113132920576427	-0.000856768763751326	27	27	-0.0231327566212858
1012.5	918.451025349256	323.356977994698	0.011100346070604	-0.000846799132558176	27	27	-0.0228635765790707
1012.75	918.701010237833	323.359726718628	0.0108898884437441	-0.00083686188232073	27	27	-0.0225952708226597
1013	918.95099569602	323.362423141277	0.0106819110052021	-0.00082695762601539	27	27	-0.0223278559024155
1013.25	919.200981706326	323.365067881498	0.0104764054301273	-0.00081708697458334	27	27	-0.0220613483137502
1013.5	919.450968251669	323.367661556051	0.0102733632411927	-0.000807250536892855	27	27	-0.0217957644961071
1013.75	919.700955315363	323.370204779565	0.0100727758091184	-0.000797448919701745	27	27	-0.0215311208319471
1014	919.950942881117	323.372698164497	0.0098746343532032	-0.000787682727619928	27	27	-0.021267433645738
1014.25	920.200930933028	323.375142321096	0.00967892994186669	-0.000777952563072135	27	27	-0.0210047192029476
1014.5	920.450919455577	323.377537857365	0.00948565349320008	-0.000768259026260747	27	27	-0.0207429937090402
1014.75	920.700908433618	323.379885379024	0.00929479577552639	-0.000758602715128778	27	27	-0.020482273308477
1015	920.950897852378	323.38218548947	0.00910634740796992	-0.000748984225322981	27	27	-0.0202225740837205
1015.25	921.200887697447	323.384438789744	0.00892029886103491	-0.000739404150157116	27	27	-0.0199639120542421
1015.5	921.450877954776	323.386645878488	0.00873664045719335	-0.000729863080575345	27	27	-0.0197063031755343
1015.75	921.700868610667	323.388807351912	0.00855536237148196	-0.000720361605115783	27	27	-0.0194497633381261
1016	921.950859651769	323.390923803755	0.00837645463210821	-0.00071090030987419	27	27	-0.0191943083666031
1016.25	922.200851065076	323.392995825252	0.00819990712106546	-0.000701479778467826	27	27	-0.0189399540186313
1016.5	922.450842837913	323.39502400509	0.00802570957475705	-0.000692100591999441	27	27	-0.0186867159839849
1016.75	922.70083495794	323.39700892938	0.00785385158462944	-0.000682763329021437	27	27	-0.0184346098835788
1017	922.950827413139	323.398951181614	0.00768432259781424	-0.000673468565500177	27	27	-0.0181836512685048
1017.25	923.200820191811	323.400851342633	0.00751711191777916	-0.000664216874780456	27	27	-0.0179338556190723
1017.5	923.450813282571	323.402709990588	0.00735220870498784	-0.000655008827550139	27	27	-0.0176852383438537
1017.75	923.700806674342	323.404527700907	0.00718960197756845	-0.000645844991804951	27	27	-0.0174378147787337
1018	923.950800356349	323.406305046258	0.00702928061199115	-0.000636725932813447	27	27	-0.0171916001859631
1018.25	924.200794318114	323.408042596514	0.0068712333437542	-0.000627652213082142	27	27	-0.0169466097532178
1018.5	924.450788549451	323.409740918715	0.00671544876807884	-0.000618624392320807	27	27	-0.0167028585926618
1018.75	924.700783040459	323.411400577038	0.00656191534061274	-0.000609643027407953	27	27	-0.0164603617400147
1019	924.950777781518	323.413022132757	0.00641062137814219	-0.000600708672356474	27	27	-0.0162191341536248
1019.25	925.200772763283	323.414606144213	0.00626155505931269	-0.000591821878279473	27	27	-0.0159791907135458
1019.5	925.450767976679	323.416153166775	0.00611470442535823	-0.000582983193356271	27	27	-0.0157405462206193
1019.75	925.700763412897	323.417663752809	0.00597005738083887	-0.000574193162798586	27	27	-0.0155032153955618
1020	925.950759063386	323.419138451641	0.00582760169438693	-0.000565452328816909	27	27	-0.0152672128780566
1020.25	926.20075491985	323.420577809526	0.00568732499946144	-0.000556761230587053	27	27	-0.0150325532258504
1020.5	926.450750974241	323.421982369611	0.00554921479511094	-0.000548120404216894	27	27	-0.0147992509138562
1020.75	926.700747218756	323.423352671905	0.00541325844674467	-0.000539530382713307	27	27	-0.0145673203332593
1021	926.950743645831	323.424689253241	0.00527944318691184	-0.000530991695949278	27	27	-0.0143367757906305
1021.25	927.200740248136	323.42599264725	0.00514775611608928	-0.000522504870631229	27	27	-0.0141076315070432
1021.5	927.450737018569	323.427263384318	0.00501818420347706	-0.000514070430266523	27	27	-0.0138799016171961
1021.75	927.700733950255	323.428501991562	0.00489071428780235	-0.000505688895131169	27	27	-0.0136536001685416
1022	927.950731036534	323.429708992793	0.00476533307813124	-0.000497360782237737	27	27	-0.0134287411204189
1022.25	928.200728270963	323.430884908486	0.00464202715468859	-0.000489086605303458	27	27	-0.0132053383431934
1022.5	928.450725647309	323.432030255745	0.00452078296968584	-0.000480866874718541	27	27	-0.0129834056174006
1022.75	928.700723159542	323.433145548273	0.00440158684815669	-0.000472702097514686	27	27	-0.0127629566328965
1023	928.950720801833	323.434231296339	0.00428442498880062	-0.000464592777333811	27	27	-0.0125440049880129
1023.25	929.200718568549	323.435288006749	0.00416928346483427	-0.000456539414396982	27	27	-0.0123265641887185
1023.5	929.450716454248	323.436316182812	0.00405614822485046	-0.000448542505473562	27	27	-0.0121106476477862
1023.75	929.700714453674	323.437316324309	0.00394500509368494	-0.00044060254385056	27	27	-0.0118962686839651
1024	929.950712561753	323.438288927464	0.00383583977329084	-0.00043272001930221	27	27	-0.0116834405211597
1024.25	930.200710773589	323.439234484912	0.0037286378436206	-0.000424895418059757	27	27	-0.0114721762876134
1024.5	930.450709084458	323.440153485668	0.00362338476351545	-0.000417129222781462	27	27	-0.0112624890150995
1024.75	930.700707489807	323.441046415099	0.00352006587160241	-0.000409421912522832	27	27	-0.0110543916381165
1025	930.950705985246	323.441913754891	0.00341866638719867	-0.000401773962707068	27	27	-0.0108478969930908
1025.25	931.200704566546	323.442755983023	0.00331917141122332	-0.00039418584509574	27	27	-0.010643017817585
1025.5	931.450703229633	323.443573573733	0.00322156592711639	-0.000386658027759686	27	27	-0.0104397667495115
1025.75	931.700701970587	323.444366997492	0.00312583480176516	-0.000379190975050138	27	27	-0.0102381563263537
1026	931.950700785636	323.445136720974	0.00303196278643764	-0.00037178514757008	27	27	-0.0100381989843922
1026.25	932.200699671151	323.445883207028	0.00293993451772315	-0.000364441002145836	27	27	-0.00983990705793758
1026.5	932.450698623643	323.446606914647	0.00284973451848006	-0.000357158991798889	27	27	-0.00964329277857001
1026.75	932.700697639761	323.447308298941	0.00276134719879045	-0.00034993956571794	27	27	-0.00944836827438438
1027	932.950696716286	323.447987811111	0.00267475685692181	-0.000342783169231194	27	27	-0.00925514556924224
1027.25	933.200695850126	323.448645898419	0.00258994768029555	-0.000335690243778898	27	27	-0.00906363658203024
1027.5	933.450695038318	323.449283004157	0.00250690374646243	-0.000328661226886103	27	27	-0.00887385312592478
1027.75	933.700694278015	323.449899567629	0.0024256090240847	-0.000321696552135682	27	27	-0.00868580690766341
1028	933.950693566494	323.450496024113	0.00234604737392504	-0.000314796649141579	27	27	-0.00849950952682262
1028.25	934.200692901141	323.451072804841	0.00226820254984206	-0.000307961943522312	27	27	-0.00831497247510243
1028.5	934.450692279456	323.451630336973	0.00219205819979243	-0.000301192856874719	27	27	-0.00813220713561741
1028.75	934.700691699046	323.452169043564	0.0021175978668396	-0.00029448980674795	27	27	-0.00795122478219464
1029	934.950691157621	323.452689343546	0.00204480499016889	-0.000287853206617709	27	27	-0.00777203657867813
1029.25	935.200690652994	323.453191651695	0.00197366290610908	-0.000281283465860754	27	27	-0.00759465357824037
1029.5	935.450690183073	323.453676378611	0.00190415484916028	-0.000274780989729643	27	27	-0.00741908672270035
1029.75	935.700689745863	323.454143930688	0.00183626395302811	-0.00026834617932773	27	27	-0.00724534684184872
1030	935.950689339458	323.454594710095	0.00176997325166409	-0.000261979431584434	27	27	-0.00707344465277973
1030.25	936.200688962043	323.455029114743	0.00170526568031219	-0.000255681139230745	27	27	-0.00690339075923011
1030.5	936.450688611886	323.455447538267	0.00164212407656147	-0.000249451690775002	27	27	-0.00673519565092505
1030.75	936.700688287339	323.45585037	0.00158053118140473	-0.00024329147047893	27	27	-0.00656886970293112
1031	936.950687986833	323.456237994947	0.00152046964030312	-0.000237200858333934	27	27	-0.00640442317501622
1031.25	937.200687708875	323.456610793765	0.00146192200425667	-0.000231180230037661	27	27	-0.00624186621101684
1031.5	937.450687452047	323.456969142734	0.00140487073088061	-0.000225229956970823	27	27	-0.00608120883821222
1031.75	937.700687215001	323.457313413739	0.00134929818548747	-0.000219350406174291	27	27	-0.00592246096670586
1032	937.950686996461	323.457643974247	0.00129518664217488	-0.000213541940326454	27	27	-0.00576563238881426
1032.25	938.200686795213	323.457961187277	0.00124251828491897	-0.000207804917720846	27	27	-0.00561073277846283
1032.5	938.450686610108	323.458265411389	0.00119127520867336	-0.000202139692244044	27	27	-0.00545777169058918
1032.75	938.700686440059	323.458557000652	0.00114143942047362	-0.000196546613353841	27	27	-0.00530675856055372
1033	938.950686284038	323.458836304626	0.00109299284054718	-0.000191026026057691	27	27	-0.00515770270355765
1033.25	939.200686141071	323.459103668343	0.00104591730342854	-0.00018557827089142	27	27	-0.00501061331406833
1033.5	939.450686010241	323.459359432281	0.00100019455907984	-0.000180203683898229	27	27	-0.00486549946525218
1033.75	939.70068589068	323.459603932346	0.000955806274016562	-0.00017490259660796	27	27	-0.00472237010841492
1034	939.950685781572	323.459837499851	0.000912734032438486	-0.000169675336016648	27	27	-0.0045812340724495
1034.25	940.200685682149	323.460060461492	0.000870959337365611	-0.000164522224566348	27	27	-0.00444210006329141
1034.5	940.450685591685	323.460273139335	0.000830463611779162	-0.000159443580125249	27	27	-0.00430497666338172
1034.75	940.700685509501	323.46047585079	0.000791228199767498	-0.000154439715968062	27	27	-0.00416987233113766
1035	940.950685434958	323.460668908591	0.000753234367676903	-0.000149510940756697	27	27	-0.00403679540043082
1035.25	941.200685367458	323.460852620784	0.000716463305267162	-0.000144657558521228	27	27	-0.00390575408007315
1035.5	941.450685306439	323.461027290699	0.000680896126871868	-0.000139879868641131	27	27	-0.00377675645331053
1035.75	941.700685251376	323.461193216937	0.000646513872563373	-0.000135178165826823	27	27	-0.00364981047732423
1036	941.950685201778	323.461350693349	0.000613297509322335	-0.000130552740101482	27	27	-0.00352492398274002
1036.25	942.200685157188	323.46150000902	0.000581227932211756	-0.000126003876783153	27	27	-0.00340210467314513
1036.5	942.450685117178	323.46164144825	0.000550285965555467	-0.000121531856467153	27	27	-0.00328136012461314
1036.75	942.70068508135	323.461775290535	0.000520452364120978	-0.00011713695500876	27	27	-0.00316269778523653
1037	942.950685049335	323.461901810552	0.000491707814306608	-0.000112819443506199	27	27	-0.00304612497466736
1037.25	943.20068502079	323.462021278141	0.000464032935332844	-0.000108579588283915	27	27	-0.0029316488836657
1037.5	943.450684995397	323.462133958289	0.000437408280437836	-0.00010441765087615	27	27	-0.00281927657365605
1037.75	943.70068497286	323.462240111113	0.000411814338076966	-0.000100333888010808	27	27	-0.00270901497629182
1038	943.950684952908	323.462339991844	0.000387231533126413	-9.63285515936195e-05	27	27	-0.00260087089302773
1038.25	944.200684935289	323.462433850812	0.000363640228090635	-9.24018886926008e-05	27	27	-0.00249485099470022
1038.5	944.450684919772	323.462521933429	0.000341020724313708	-8.85541415228158e-05	27	27	-0.00239096182111603
1038.75	944.700684906144	323.462604480176	0.000319353263194427	-8.47855474314348e-05	27	27	-0.00228920978064874
1039	944.95068489421	323.462681726587	0.000298618027405111	-8.10963388830926e-05	27	27	-0.0021896011498435
1039.25	945.200684883791	323.462753903232	0.000278795142114031	-7.74867434455508e-05	27	27	-0.00209214207302987
1039.5	945.450684874723	323.462821235708	0.000259864676211379	-7.3956983775658e-05	27	27	-0.00199683856194277
1039.75	945.700684866858	323.462883944622	0.00024180664353872	-7.05072776056178e-05	27	27	-0.00190369649535168
1040	945.95068486006	323.462942245578	0.000224601004121823	-6.71378377295562e-05	27	27	-0.00181272161869802
1040.25	946.200684854206	323.462996349161	0.000208227665406829	-6.38488719903962e-05	27	27	-0.0017239195437407
1040.5	946.450684849184	323.463046460929	0.00019266648349965	-6.06405832670369e-05	27	27	-0.00163729574821
1040.75	946.700684844892	323.463092781398	0.000177897264408541	-5.75131694618394e-05	27	27	-0.00155285557546966
1041	946.950684841242	323.463135506026	0.000163899765289758	-5.44668234884183e-05	27	27	-0.00147060423418729
1041.25	947.20068483815	323.463174825209	0.000150653695696238	-5.15017332597432e-05	27	27	-0.00139054679801307
1041.5	947.450684835543	323.46321092426	0.000138138718829202	-4.86180816765458e-05	27	27	-0.00131268820526674
1041.75	947.700684833358	323.463243983407	0.000126334452792629	-4.58160466160394e-05	27	27	-0.00123703325863306
1042	947.950684831534	323.463274177772	0.000115220471850506	-4.3095800920945e-05	27	27	-0.00116358662486552
1042.25	948.200684830022	323.46330167737	0.000104776307686784	-4.04575123888306e-05	27	27	-0.00109235283449843
1042.5	948.450684828775	323.463326647089	9.49814506679599e-05	-3.79013437617605e-05	27	27	-0.00102333628156753
1042.75	948.700684827753	323.463349246689	8.58153511082078e-05	-3.5427452716256e-05	27	27	-0.000956541223338913
1043	948.950684826922	323.463369630786	7.72574205369796e-05	-3.303599185357e-05	27	27	-0.000891971780046391
1043.25	949.200684826251	323.463387948843	6.92870329689991e-05	-3.07271086902735e-05	27	27	-0.000829631934637385
1043.5	949.450684825713	323.463404345162	6.18835261765706e-05	-2.85009456491552e-05	27	27	-0.00076952553252719
1043.75	949.700684825286	323.463418958879	5.50262029641214e-05	-2.63576400504384e-05	27	27	-0.000711656281361836
1044	949.95068482495	323.463431923946	4.86943324449031e-05	-2.42973241033078e-05	27	27	-0.000656027750789311
1044.25	950.200684824688	323.463443369131	4.28671513197701e-05	-2.23201248977559e-05	27	27	-0.000602643372239409
1044.5	950.450684824486	323.463453418008	3.75238651579577e-05	-2.04261643967437e-05	27	27	-0.000551506438712079
1044.75	950.700684824332	323.463462188947	3.26436496797803e-05	-1.86155594286757e-05	27	27	-0.000502620104574243
1045	950.950684824217	323.46346979511	2.82056520411714e-05	-1.68884216801953e-05	27	27	-0.000455987385365272
1045.25	951.200684824131	323.463476344441	2.41889921199852e-05	-1.52448576892942e-05	27	27	-0.000411611157610944
1045.5	951.450684824068	323.46348193966	2.05727638039808e-05	-1.36849688387414e-05	27	27	-0.000369494158646017
1045.75	951.700684824023	323.46348667826	1.73360362804095e-05	-1.22088513498289e-05	27	27	-0.000329638986445381
1046	951.950684823992	323.463490652497	1.44578553271263e-05	-1.08165962764365e-05	27	27	-0.000292048099463786
1046.25	952.20068482397	323.463493949384	1.19172446051448e-05	-9.50828949941524e-06	27	27	-0.000256723816484211
1046.5	952.450684823955	323.463496650691	9.69320695255667e-06	-8.28401172128999e-06	27	27	-0.00022366831647483
1046.75	952.700684823946	323.463498832932	7.76472567973535e-06	-7.14383846128055e-06	27	27	-0.000192883638454575
1047	952.95068482394	323.463500567369	6.11076586574469e-06	-6.08784005064472e-06	27	27	-0.000164371681367408
1047.25	953.200684823936	323.463501919999	4.7102756558718e-06	-5.11608162833847e-06	27	27	-0.000138134203965139
1047.5	953.450684823934	323.463502951557	3.54218756020465e-06	-4.22862313699868e-06	27	27	-0.000114172824698964
1047.75	953.700684823933	323.463503717508	2.58541975317413e-06	-3.42551931924548e-06	27	27	-9.2489021619628e-05
1048	953.950684823932	323.463504268045	1.81887737398031e-06	-2.70681971430513e-06	27	27	-7.30841322862386e-05
1048.25	954.200684823932	323.463504648086	1.22145382782281e-06	-2.07256865495482e-06	27	27	-5.59593536837803e-05
1048.5	954.450684823932	323.463504897272	7.72032087855019e-07	-1.52280526478751e-06	27	27	-4.11157421492628e-05
1048.75	954.700684823932	323.463505049962	4.49485997781769e-07	-1.05756345579849e-06	27	27	-2.85542133065592e-05
1049	954.950684823932	323.463505135233	2.32681575020195e-07	-6.76871926294101e-07	27	27	-1.82755420099407e-05
1049.25	955.200684823932	323.463505176878	1.00478314343268e-07	-3.80754159121321e-07	27	27	-1.02803622962757e-05
1049.5	955.450684823932	323.463505193404	3.17304919257684e-08	-1.69228420218673e-07	27	27	-4.56916734590416e-06
1049.75	955.700684823932	323.463505198031	5.28846971216267e-09	-4.23077574901735e-08	27	27	-1.14230945223469e-06
1050	955.950684823932	323.463505198692	2.5890978993217e-17	-0	27	27	-0
1050.25	956.200684823932	323.463505198692	2.5890978993217e-17	0	27	27	0
1050.5	956.450684823932	323.463505198692	2.5890978993217e-17	0	27	27	0
1050.75	956.700684823932	323.463505198692	2.5890978993217e-17	0	27	27	0
1051	956.950684823932	323.463505198692	2.5890978993217e-17	0	27	27	0
1051.25	957.200684823932	323.463505198692	2.5890978993217e-17	0	27	27	0
1051.5	957.450684823932	323.463505198692	2.5890978993217e-17	0	27	27	0
1051.75	957.700684823932	323.463505198692	2.5890978993217e-17	0	27	27	0
1052	957.950684823932	323.463505198692	2.5890978993217e-17	0	27	27	0
1052.25	958.200684823932	323.463505198692	2.5890978993217e-17	0	27	27	0
1052.5	958.450684823932	323.463505198692	2.5890978993217e-17	0	27	27	0
1052.75	958.700684823932	323.463505198692	2.5890978993217e-17	0	27	27	0
1053	958.950684823932	323.463505198692	2.5890978993217e-17	0	27	27	0
1053.25	959.200684823932	323.463505198692	2.5890978993217e-17	0	27	27	0
1053.5	959.450684823932	323.463505198692	2.5890978993217e-17	0	27	27	0
1053.75	959.700684823932	323.463505198692	2.5890978993217e-17	0	27	27	0
1054	959.950684823932	323.463505198692	2.5890978993217e-17	0	27	27	0
1054.25	960.200684823932	323.463505198692	2.5890978993217e-17	0	27	27	0
1054.5	960.450684823932	323.463505198692	2.5890978993217e-17	0	27	27	0
1054.75	960.700684823932	323.463505198692	2.5890978993217e-17	0	27	27	0
1055	960.950684823932	323.463505198692	2.5890978993217e-17	0	27	27	0
1055.25	961.200684823932	323.463505198692	2.5890978993217e-17	0	27	27	0
1055.5	961.450684823932	323.463505198692	2.5890978993217e-17	0	27	27	0
1055.75	961.700684823932	323.463505198692	2.5890978993217e-17	0	27	27	0
1056	961.950684823932	323.463505198692	2.5890978993217e-17	0	27	27	0
1056.25	962.200684823932	323.463505198692	2.5890978993217e-17	0	27	27	0
1056.5	962.450684823932	323.463505198692	2.5890978993217e-17	0	27	27	0
1056.75	962.700684823932	323.463505198692	2.5890978993217e-17	0	27	27	0
1057	962.950684823932	323.463505198692	2.5890978993217e-17	0	27	27	0
1057.25	963.200684823932	323.463505198692	2.5890978993217e-17	0	27	27	0
1057.5	963.450684823932	323.463505198692	2.5890978993217e-17	0	27	27	0
1057.75	963.700684823932	323.463505198692	2.5890978993217e-17	0	27	27	0
1058	963.950684823932	323.463505198692	2.5890978993217e-17	0	27	27	0
1058.25	964.200684823932	323.463505198692	2.5890978993217e-17	0	27	27	0
1058.5	964.450684823932	323.463505198692	2.5890978993217e-17	0	27	27	0
1058.75	964.700684823932	323.463505198692	2.5890978993217e-17	0	27	27	0
1059	964.950684823932	323.463505198692	2.5890978993217e-17	0	27	27	0
1059.25	965.200684823932	323.463505198692	2.5890978993217e-17	0	27	27	0
1059.5	965.450684823932	323.463505198692	2.5890978993217e-17	0	27	27	0
1059.75	965.700684823932	323.463505198692	2.5890978993217e-17	0	27	27	0
1060	965.950684823932	323.463505198692	2.5890978993217e-17	0	27	27	0
1060.25	966.200684823932	323.463505198692	2.5890978993217e-17	0	27	27	0
1060.5	966.450684823932	323.463505198692	2.5890978993217e-17	0	27	27	0
1060.75	966.700684823932	323.463505198692	2.5890978993217e-17	0	27	27	0
1061	966.950684823932	323.463505198692	2.5890978993217e-17	0	27	27	0
1061.25	967.200684823932	323.463505198692	2.5890978993217e-17	0	27	27	0
1061.5	967.450684823932	323.463505198692	2.5890978993217e-17	0	27	27	0
1061.75	967.700684823932	323.463505198692	2.5890978993217e-17	0	27	27	0
1062	967.950684823932	323.463505198692	2.5890978993217e-17	0	27	27	0
1062.25	968.200684823932	323.463505198692	2.5890978993217e-17	0	27	27	0
1062.5	968.450684823932	323.463505198692	2.5890978993217e-17	0	27	27	0
1062.75	968.700684823932	323.463505198692	2.5890978993217e-17	0	27	27	0
1063	968.950684823932	323.463505198692	2.5890978993217e-17	0	27	27	0
1063.25	969.200684823932	323.463505198692	2.5890978993217e-17	0	27	27	0
1063.5	969.450684823932	323.463505198692	2.5890978993217e-17	0	27	27	0
1063.75	969.700684823932	323.463505198692	2.5890978993217e-17	0	27	27	0
1064	969.950684823932	323.463505198692	2.5890978993217e-17	0	27	27	0
1064.25	970.200684823932	323.463505198692	2.5890978993217e-17	0	27	27	0
1064.5	970.450684823932	323.463505198692	2.5890978993217e-17	0	27	27	0
1064.75	970.700684823932	323.463505198692	2.5890978993217e-17	0	27	27	0
1065	970.950684823932	323.463505198692	2.5890978993217e-17	0	27	27	0
1065.25	971.200684823932	323.463505198692	2.5890978993217e-17	0	27	27	0
1065.5	971.450684823932	323.463505198692	2.5890978993217e-17	0	27	27	0
1065.75	971.700684823932	323.463505198692	2.5890978993217e-17	0	27	27	0
1066	971.950684823932	323.463505198692	2.5890978993217e-17	0	27	27	0
1066.25	972.200684823932	323.463505198692	2.5890978993217e-17	0	27	27	0
1066.5	972.450684823932	323.463505198692	2.5890978993217e-17	0	27	27	0
1066.75	972.700684823932	323.463505198692	2.5890978993217e-17	0	27	27	0
1067	972.950684823932	323.463505198692	2.5890978993217e-17	0	27	27	0
1067.25	973.200684823932	323.463505198692	2.5890978993217e-17	0	27	27	0
1067.5	973.450684823932	323.463505198692	2.5890978993217e-17	0	27	27	0
1067.75	973.700684823932	323.463505198692	2.5890978993217e-17	0	27	27	0
1068	973.950684823932	323.463505198692	2.5890978993217e-17	0	27	27	0
1068.25	974.200684823932	323.463505198692	2.5890978993217e-17	0	27	27	0
1068.5	974.450684823932	323.463505198692	2.5890978993217e-17	0	27	27	0
1068.75	974.700684823932	323.463505198692	2.5890978993217e-17	0	27	27	0
1069	974.950684823932	323.463505198692	2.5890978993217e-17	0	27	27	0
1069.25	975.200684823932	323.463505198692	2.5890978993217e-17	0	27	27	0
1069.5	975.450684823932	323.463505198692	2.5890978993217e-17	0	27	27	0
1069.75	975.700684823932	323.463505198692	2.5890978993217e-17	0	27	27	0
1070	975.950684823932	323.463505198692	2.5890978993217e-17	0	27	27	0
1070.25	976.200684823932	323.463505198692	2.5890978993217e-17	0	27	27	0
1070.5	976.450684823932	323.463505198692	2.5890978993217e-17	0	27	27	0
1070.75	976.700684823932	323.463505198692	2.5890978993217e-17	0	27	27	0
1071	976.950684823932	323.463505198692	2.5890978993217e-17	0	27	27	0
1071.25	977.200684823932	323.463505198692	2.5890978993217e-17	0	27	27	0
1071.5	977.450684823932	323.463505198692	2.5890978993217e-17	0	27	27	0
1071.75	977.700684823932	323.463505198692	2.5890978993217e-17	0	27	27	0
1072	977.950684823932	323.463505198692	2.5890978993217e-17	0	27	27	0
1072.25	978.200684823932	323.463505198692	2.5890978993217e-17	0	27	27	0
1072.5	978.450684823932	323.463505198692	2.5890978993217e-17	0	27	27	0
1072.75	978.700684823932	323.463505198692	2.5890978993217e-17	0	27	27	0
1073	978.950684823932	323.463505198692	2.5890978993217e-17	0	27	27	0
1073.25	979.200684823932	323.463505198692	2.5890978993217e-17	0	27	27	0
1073.5	979.450684823932	323.463505198692	2.5890978993217e-17	0	27	27	0
1073.75	979.700684823932	323.463505198692	2.5890978993217e-17	0	27	27	0
1074	979.950684823932	323.463505198692	2.5890978993217e-17	0	27	27	0
1074.25	980.200684823932	323.463505198692	2.5890978993217e-17	0	27	27	0
1074.5	980.450684823932	323.463505198692	2.5890978993217e-17	0	27	27	0
1074.75	980.700684823932	323.463505198692	2.5890978993217e-17	0	27	27	0
1075	980.950684823932	323.463505198692	2.5890978993217e-17	0	27	27	0
1075.25	981.200684823932	323.463505198692	2.5890978993217e-17	0	27	27	0
1075.5	981.450684823932	323.463505198692	2.5890978993217e-17	0	27	27	0
1075.75	981.700684823932	323.463505198692	2.5890978993217e-17	0	27	27	0
1076	981.950684823932	323.463505198692	2.5890978993217e-17	0	27	27	0
1076.25	982.200684823932	323.463505198692	2.5890978993217e-17	0	27	27	0
1076.5	982.450684823932	323.463505198692	2.5890978993217e-17	0	27	27	0
1076.75	982.700684823932	323.463505198692	2.5890978993217e-17	0	27	27	0
1077	982.950684823932	323.463505198692	2.5890978993217e-17	0	27	27	0
1077.25	983.200684823932	323.463505198692	2.5890978993217e-17	0	27	27	0
1077.5	983.450684823932	323.463505198692	2.5890978993217e-17	0	27	27	0
1077.75	983.700684823932	323.463505198692	2.5890978993217e-17	0	27	27	0
1078	983.950684823932	323.463505198692	2.5890978993217e-17	0	27	27	0
1078.25	984.200684823932	323.463505198692	2.5890978993217e-17	0	27	27	0
1078.5	984.450684823932	323.463505198692	2.5890978993217e-17	0	27	27	0
1078.75	984.700684823932	323.463505198692	2.5890978993217e-17	0	27	27	0
1079	984.950684823932	323.463505198692	2.5890978993217e-17	0	27	27	0
1079.25	985.200684823932	323.463505198692	2.5890978993217e-17	0	27	27	0
1079.5	985.450684823932	323.463505198692	2.5890978993217e-17	0	27	27	0
1079.75	985.700684823932	323.463505198692	2.5890978993217e-17	0	27	27	0
1080	985.950684823932	323.463505198692	2.5890978993217e-17	0	27	27	0
1080.25	986.200684823932	323.463505198692	2.5890978993217e-17	0	27	27	0
1080.5	986.450684823932	323.463505198692	2.5890978993217e-17	0	27	27	0
1080.75	986.700684823932	323.463505198692	2.5890978993217e-17	0	27	27	0
1081	986.950684823932	323.463505198692	2.5890978993217e-17	0	27	27	0
1081.25	987.200684823932	323.463505198692	2.5890978993217e-17	0	27	27	0
1081.5	987.450684823932	323.463505198692	2.5890978993217e-17	0	27	27	0
1081.75	987.700684823932	323.463505198692	2.5890978993217e-17	0	27	27	0
1082	987.950684823932	323.463505198692	2.5890978993217e-17	0	27	27	0
1082.25	988.200684823932	323.463505198692	2.5890978993217e-17	0	27	27	0
1082.5	988.450684823932	323.463505198692	2.5890978993217e-17	0	27	27	0
1082.75	988.700684823932	323.463505198692	2.5890978993217e-17	0	27	27	0
1083	988.950684823932	323.463505198692	2.5890978993217e-17	0	27	27	0
1083.25	989.200684823932	323.463505198692	2.5890978993217e-17	0	27	27	0
1083.5	989.450684823932	323.463505198692	2.5890978993217e-17	0	27	27	0
1083.75	989.700684823932	323.463505198692	2.5890978993217e-17	0	27	27	0
1084	989.950684823932	323.463505198692	2.5890978993217e-17	0	27	27	0
1084.25	990.200684823932	323.463505198692	2.5890978993217e-17	0	27	27	0
1084.5	990.450684823932	323.463505198692	2.5890978993217e-17	0	27	27	0
1084.75	990.700684823932	323.463505198692	2.5890978993217e-17	0	27	27	0
1085	990.950684823932	323.463505198692	2.5890978993217e-17	0	27	27	0
1085.25	991.200684823932	323.463505198692	2.5890978993217e-17	0	27	27	0
1085.5	991.450684823932	323.463505198692	2.5890978993217e-17	0	27	27	0
1085.75	991.700684823932	323.463505198692	2.5890978993217e-17	0	27	27	0
1086	991.950684823932	323.463505198692	2.5890978993217e-17	0	27	27	0
1086.25	992.200684823932	323.463505198692	2.5890978993217e-17	0	27	27	0
1086.5	992.450684823932	323.463505198692	2.5890978993217e-17	0	27	27	0
1086.75	992.700684823932	323.463505198692	2.5890978993217e-17	0	27	27	0
1087	992.950684823932	323.463505198692	2.5890978993217e-17	0	27	27	0
1087.25	993.200684823932	323.463505198692	2.5890978993217e-17	0	27	27	0
1087.5	993.450684823932	323.463505198692	2.5890978993217e-17	0	27	27	0
1087.75	993.700684823932	323.463505198692	2.5890978993217e-17	0	27	27	0
1088	993.950684823932	323.463505198692	2.5890978993217e-17	0	27	27	0
1088.25	994.200684823932	323.463505198692	2.5890978993217e-17	0	27	27	0
1088.5	994.450684823932	323.463505198692	2.5890978993217e-17	0	27	27	0
1088.75	994.700684823932	323.463505198692	2.5890978993217e-17	0	27	27	0
1089	994.950684823932	323.463505198692	2.5890978993217e-17	0	27	27	0
1089.25	995.200684823932	323.463505198692	2.5890978993217e-17	0	27	27	0
1089.5	995.450684823932	323.463505198692	2.5890978993217e-17	0	27	27	0
1089.75	995.700684823932	323.463505198692	2.5890978993217e-17	0	27	27	0
1090	995.950684823932	323.463505198692	2.5890978993217e-17	0	27	27	0
1090.25	996.200684823932	323.463505198692	2.5890978993217e-17	0	27	27	0
1090.5	996.450684823932	323.463505198692	2.5890978993217e-17	0	27	27	0
1090.75	996.700684823932	323.463505198692	2.5890978993217e-17	0	27	27	0
1091	996.950684823932	323.463505198692	2.5890978993217e-17	0	27	27	0
1091.25	997.200684823932	323.463505198692	2.5890978993217e-17	0	27	27	0
1091.5	997.450684823932	323.463505198692	2.5890978993217e-17	0	27	27	0
1091.75	997.700684823932	323.463505198692	2.5890978993217e-17	0	27	27	0
1092	997.950684823932	323.463505198692	2.5890978993217e-17	0	27	27	0
1092.25	998.200684823932	323.463505198692	2.5890978993217e-17	0	27	27	0
1092.5	998.450684823932	323.463505198692	2.5890978993217e-17	0	27	27	0
1092.75	998.700684823932	323.463505198692	2.5890978993217e-17	0	27	27	0
1093	998.950684823932	323.463505198692	2.5890978993217e-17	0	27	27	0
1093.25	999.200684823932	323.463505198692	2.5890978993217e-17	0	27	27	0
1093.5	999.450684823932	323.463505198692	2.5890978993217e-17	0	27	27	0
1093.75	999.700684823932	323.463505198692	2.5890978993217e-17	0	27	27	0
1094	999.950684823932	323.463505198692	2.5890978993217e-17	0	27	27	0
1094.25	1000.20068482393	323.463505198692	2.5890978993217e-17	0	27	27	0
1094.5	1000.45068482393	323.463505198692	2.5890978993217e-17	0	27	27	0
1094.75	1000.70068482393	323.463505198692	2.5890978993217e-17	0	27	27	0
1095	1000.95068482393	323.463505198692	2.5890978993217e-17	0	27	27	0
1095.25	1001.20068482393	323.463505198692	2.5890978993217e-17	0	27	27	0
1095.5	1001.45068482393	323.463505198692	2.5890978993217e-17	0	27	27	0
1095.75	1001.70068482393	323.463505198692	2.5890978993217e-17	0	27	27	0
1096	1001.95068482393	323.463505198692	2.5890978993217e-17	0	27	27	0
1096.25	1002.20068482393	323.463505198692	2.5890978993217e-17	0	27	27	0
1096.5	1002.45068482393	323.463505198692	2.5890978993217e-17	0	27	27	0
1096.75	1002.70068482393	323.463505198692	2.5890978993217e-17	0	27	27	0
1097	1002.95068482393	323.463505198692	2.5890978993217e-17	0	27	27	0
1097.25	1003.20068482393	323.463505198692	2.5890978993217e-17	0	27	27	0
1097.5	1003.45068482393	323.463505198692	2.5890978993217e-17	0	27	27	0
1097.75	1003.70068482393	323.463505198692	2.5890978993217e-17	0	27	27	0
1098	1003.95068482393	323.463505198692	2.5890978993217e-17	0	27	27	0
1098.25	1004.20068482393	323.463505198692	2.5890978993217e-17	0	27	27	0
1098.5	1004.45068482393	323.463505198692	2.5890978993217e-17	0	27	27	0
1098.75	1004.70068482393	323.463505198692	2.5890978993217e-17	0	27	27	0
1099	1004.95068482393	323.463505198692	2.5890978993217e-17	0	27	27	0
1099.25	1005.20068482393	323.463505198692	2.5890978993217e-17	0	27	27	0
1099.5	1005.45068482393	323.463505198692	2.5890978993217e-17	0	27	27	0
1099.75	1005.70068482393	323.463505198692	2.5890978993217e-17	0	27	27	0
1100	1005.95068482393	323.463505198692	2.5890978993217e-17	0	27	27	0
1100.25	1006.20068482393	323.463505198692	2.5890978993217e-17	0	27	27	0
1100.5	1006.45068482393	323.463505198692	2.5890978993217e-17	0	27	27	0
1100.75	1006.70068482393	323.463505198692	2.5890978993217e-17	0	27	27	0
1101	1006.95068482393	323.463505198692	2.5890978993217e-17	0	27	27	0
1101.25	1007.20068482393	323.463505198692	2.5890978993217e-17	0	27	27	0
1101.5	1007.45068482393	323.463505198692	2.5890978993217e-17	0	27	27	0
1101.75	1007.70068482393	323.463505198692	2.5890978993217e-17	0	27	27	0
1102	1007.95068482393	323.463505198692	2.5890978993217e-17	0	27	27	0
1102.25	1008.20068482393	323.463505198692	2.5890978993217e-17	0	27	27	0
1102.5	1008.45068482393	323.463505198692	2.5890978993217e-17	0	27	27	0
1102.75	1008.70068482393	323.463505198692	2.5890978993217e-17	0	27	27	0
1103	1008.95068482393	323.463505198692	2.5890978993217e-17	0	27	27	0
1103.25	1009.20068482393	323.463505198692	2.5890978993217e-17	0	27	27	0
1103.5	1009.45068482393	323.463505198692	2.5890978993217e-17	0	27	27	0
1103.75	1009.70068482393	323.463505198692	2.5890978993217e-17	0	27	27	0
1104	1009.95068482393	323.463505198692	2.5890978993217e-17	0	27	27	0
1104.25	1010.20068482393	323.463505198692	2.5890978993217e-17	0	27	27	0
1104.5	1010.45068482393	323.463505198692	2.5890978993217e-17	0	27	27	0
1104.75	1010.70068482393	323.463505198692	2.5890978993217e-17	0	27	27	0
1105	1010.95068482393	323.463505198692	2.5890978993217e-17	0	27	27	0
1105.25	1011.20068482393	323.463505198692	2.5890978993217e-17	0	27	27	0
1105.5	1011.45068482393	323.463505198692	2.5890978993217e-17	0	27	27	0
1105.75	1011.70068482393	323.463505198692	2.5890978993217e-17	0	27	27	0
1106	1011.95068482393	323.463505198692	2.5890978993217e-17	0	27	27	0
1106.25	1012.20068482393	323.463505198692	2.5890978993217e-17	0	27	27	0
1106.5	1012.45068482393	323.463505198692	2.5890978993217e-17	0	27	27	0
1106.75	1012.70068482393	323.463505198692	2.5890978993217e-17	0	27	27	0
1107	1012.95068482393	323.463505198692	2.5890978993217e-17	0	27	27	0
1107.25	1013.20068482393	323.463505198692	2.5890978993217e-17	0	27	27	0
1107.5	1013.45068482393	323.463505198692	2.5890978993217e-17	0	27	27	0
1107.75	1013.70068482393	323.463505198692	2.5890978993217e-17	0	27	27	0
1108	1013.95068482393	323.463505198692	2.5890978993217e-17	0	27	27	0
1108.25	1014.20068482393	323.463505198692	2.5890978993217e-17	0	27	27	0
1108.5	1014.45068482393	323.463505198692	2.5890978993217e-17	0	27	27	0
1108.75	1014.70068482393	323.463505198692	2.5890978993217e-17	0	27	27	0
1109	1014.95068482393	323.463505198692	2.5890978993217e-17	0	27	27	0
1109.25	1015.20068482393	323.463505198692	2.5890978993217e-17	0	27	27	0
1109.5	1015.45068482393	323.463505198692	2.5890978993217e-17	0	27	27	0
1109.75	1015.70068482393	323.463505198692	2.5890978993217e-17	0	27	27	0
1110	1015.95068482393	323.463505198692	2.5890978993217e-17	0	27	27	0
1110.25	1016.20068482393	323.463505198692	2.5890978993217e-17	0	27	27	0
1110.5	1016.45068482393	323.463505198692	2.5890978993217e-17	0	27	27	0
1110.75	1016.70068482393	323.463505198692	2.5890978993217e-17	0	27	27	0
1111	1016.95068482393	323.463505198692	2.5890978993217e-17	0	27	27	0
1111.25	1017.20068482393	323.463505198692	2.5890978993217e-17	0	27	27	0
1111.5	1017.45068482393	323.463505198692	2.5890978993217e-17	0	27	27	0
1111.75	1017.70068482393	323.463505198692	2.5890978993217e-17	0	27	27	0
1112	1017.95068482393	323.463505198692	2.5890978993217e-17	0	27	27	0
1112.25	1018.20068482393	323.463505198692	2.5890978993217e-17	0	27	27	0
1112.5	1018.45068482393	323.463505198692	2.5890978993217e-17	0	27	27	0
1112.75	1018.70068482393	323.463505198692	2.5890978993217e-17	0	27	27	0
1113	1018.95068482393	323.463505198692	2.5890978993217e-17	0	27	27	0
1113.25	1019.20068482393	323.463505198692	2.5890978993217e-17	0	27	27	0
1113.5	1019.45068482393	323.463505198692	2.5890978993217e-17	0	27	27	0
1113.75	1019.70068482393	323.463505198692	2.5890978993217e-17	0	27	27	0
1114	1019.95068482393	323.463505198692	2.5890978993217e-17	0	27	27	0
1114.25	1020.20068482393	323.463505198692	2.5890978993217e-17	0	27	27	0
1114.5	1020.45068482393	323.463505198692	2.5890978993217e-17	0	27	27	0
1114.75	1020.70068482393	323.463505198692	2.5890978993217e-17	0	27	27	0
1115	1020.95068482393	323.463505198692	2.5890978993217e-17	0	27	27	0
1115.25	1021.20068482393	323.463505198692	2.5890978993217e-17	0	27	27	0
1115.5	1021.45068482393	323.463505198692	2.5890978993217e-17	0	27	27	0
1115.75	1021.70068482393	323.463505198692	2.5890978993217e-17	0	27	27	0
1116	1021.95068482393	323.463505198692	2.5890978993217e-17	0	27	27	0
1116.25	1022.20068482393	323.463505198692	2.5890978993217e-17	0	27	27	0
1116.5	1022.45068482393	323.463505198692	2.5890978993217e-17	0	27	27	0
1116.75	1022.70068482393	323.463505198692	2.5890978993217e-17	0	27	27	0
1117	1022.95068482393	323.463505198692	2.5890978993217e-17	0	27	27	0
1117.25	1023.20068482393	323.463505198692	2.5890978993217e-17	0	27	27	0
1117.5	1023.45068482393	323.463505198692	2.5890978993217e-17	0	27	27	0
1117.75	1023.70068482393	323.463505198692	2.5890978993217e-17	0	27	27	0
1118	1023.95068482393	323.463505198692	2.5890978993217e-17	0	27	27	0
1118.25	1024.20068482393	323.463505198692	2.5890978993217e-17	0	27	27	0
1118.5	1024.45068482393	323.463505198692	2.5890978993217e-17	0	27	27	0
1118.75	1024.70068482393	323.463505198692	2.5890978993217e-17	0	27	27	0
1119	1024.95068482393	323.463505198692	2.5890978993217e-17	0	27	27	0
1119.25	1025.20068482393	323.463505198692	2.5890978993217e-17	0	27	27	0
1119.5	1025.45068482393	323.463505198692	2.5890978993217e-17	0	27	27	0
1119.75	1025.70068482393	323.463505198692	2.5890978993217e-17	0	27	27	0
1120	1025.95068482393	323.463505198692	2.5890978993217e-17	0	27	27	0
1120.25	1026.20068482393	323.463505198692	2.5890978993217e-17	0	27	27	0
1120.5	1026.45068482393	323.463505198692	2.5890978993217e-17	0	27	27	0
1120.75	1026.70068482393	323.463505198692	2.5890978993217e-17	0	27	27	0
1121	1026.95068482393	323.463505198692	2.5890978993217e-17	0	27	27	0
1121.25	1027.20068482393	323.463505198692	2.5890978993217e-17	0	27	27	0
1121.5	1027.45068482393	323.463505198692	2.5890978993217e-17	0	27	27	0
1121.75	1027.70068482393	323.463505198692	2.5890978993217e-17	0	27	27	0
1122	1027.95068482393	323.463505198692	2.5890978993217e-17	0	27	27	0
1122.25	1028.20068482393	323.463505198692	2.5890978993217e-17	0	27	27	0
1122.5	1028.45068482393	323.463505198692	2.5890978993217e-17	0	27	27	0
1122.75	1028.70068482393	323.463505198692	2.5890978993217e-17	0	27	27	0
1123	1028.95068482393	323.463505198692	2.5890978993217e-17	0	27	27	0
1123.25	1029.20068482393	323.463505198692	2.5890978993217e-17	0	27	27	0
1123.5	1029.45068482393	323.463505198692	2.5890978993217e-17	0	27	27	0
1123.75	1029.70068482393	323.463505198692	2.5890978993217e-17	0	27	27	0
1124	1029.95068482393	323.463505198692	2.5890978993217e-17	0	27	27	0
1124.25	1030.20068482393	323.463505198692	2.5890978993217e-17	0	27	27	0
1124.5	1030.45068482393	323.463505198692	2.5890978993217e-17	0	27	27	0
1124.75	1030.70068482393	323.463505198692	2.5890978993217e-17	0	27	27	0
1125	1030.95068482393	323.463505198692	2.5890978993217e-17	0	27	27	0
1125.25	1031.20068482393	323.463505198692	2.5890978993217e-17	0	27	27	0
1125.5	1031.45068482393	323.463505198692	2.5890978993217e-17	0	27	27	0
1125.75	1031.70068482393	323.463505198692	2.5890978993217e-17	0	27	27	0
1126	1031.95068482393	323.463505198692	2.5890978993217e-17	0	27	27	0
1126.25	1032.20068482393	323.463505198692	2.5890978993217e-17	0	27	27	0
1126.5	1032.45068482393	323.463505198692	2.5890978993217e-17	0	27	27	0
1126.75	1032.70068482393	323.463505198692	2.5890978993217e-17	0	27	27	0
1127	1032.95068482393	323.463505198692	2.5890978993217e-17	0	27	27	0
1127.25	1033.20068482393	323.463505198692	2.5890978993217e-17	0	27	27	0
1127.5	1033.45068482393	323.463505198692	2.5890978993217e-17	0	27	27	0
1127.75	1033.70068482393	323.463505198692	2.5890978993217e-17	0	27	27	0
1128	1033.95068482393	323.463505198692	2.5890978993217e-17	0	27	27	0
1128.25	1034.20068482393	323.463505198692	2.5890978993217e-17	0	27	27	0
1128.5	1034.45068482393	323.463505198692	2.5890978993217e-17	0	27	27	0
1128.75	1034.70068482393	323.463505198692	2.5890978993217e-17	0	27	27	0
1129	1034.95068482393	323.463505198692	2.5890978993217e-17	0	27	27	0
1129.25	1035.20068482393	323.463505198692	2.5890978993217e-17	0	27	27	0
1129.5	1035.45068482393	323.463505198692	2.5890978993217e-17	0	27	27	0
1129.75	1035.70068482393	323.463505198692	2.5890978993217e-17	0	27	27	0
1130	1035.95068482393	323.463505198692	2.5890978993217e-17	0	27	27	0
1130.25	1036.20068482393	323.463505198692	2.5890978993217e-17	0	27	27	0
1130.5	1036.45068482393	323.463505198692	2.5890978993217e-17	0	27	27	0
1130.75	1036.70068482393	323.463505198692	2.5890978993217e-17	0	27	27	0
1131	1036.95068482393	323.463505198692	2.5890978993217e-17	0	27	27	0
1131.25	1037.20068482393	323.463505198692	2.5890978993217e-17	0	27	27	0
1131.5	1037.45068482393	323.463505198692	2.5890978993217e-17	0	27	27	0
1131.75	1037.70068482393	323.463505198692	2.5890978993217e-17	0	27	27	0
1132	1037.95068482393	323.463505198692	2.5890978993217e-17	0	27	27	0
1132.25	1038.20068482393	323.463505198692	2.5890978993217e-17	0	27	27	0
1132.5	1038.45068482393	323.463505198692	2.5890978993217e-17	0	27	27	0
1132.75	1038.70068482393	323.463505198692	2.5890978993217e-17	0	27	27	0
1133	1038.95068482393	323.463505198692	2.5890978993217e-17	0	27	27	0
1133.25	1039.20068482393	323.463505198692	2.5890978993217e-17	0	27	27	0
1133.5	1039.45068482393	323.463505198692	2.5890978993217e-17	0	27	27	0
1133.75	1039.70068482393	323.463505198692	2.5890978993217e-17	0	27	27	0
1134	1039.95068482393	323.463505198692	2.5890978993217e-17	0	27	27	0
1134.25	1040.20068482393	323.463505198692	2.5890978993217e-17	0	27	27	0
1134.5	1040.45068482393	323.463505198692	2.5890978993217e-17	0	27	27	0
1134.75	1040.70068482393	323.463505198692	2.5890978993217e-17	0	27	27	0
1135	1040.95068482393	323.463505198692	2.5890978993217e-17	0	27	27	0
1135.25	1041.20068482393	323.463505198692	2.5890978993217e-17	0	27	27	0
1135.5	1041.45068482393	323.463505198692	2.5890978993217e-17	0	27	27	0
1135.75	1041.70068482393	323.463505198692	2.5890978993217e-17	0	27	27	0
1136	1041.95068482393	323.463505198692	2.5890978993217e-17	0	27	27	0
1136.25	1042.20068482393	323.463505198692	2.5890978993217e-17	0	27	27	0
1136.5	1042.45068482393	323.463505198692	2.5890978993217e-17	0	27	27	0
1136.75	1042.70068482393	323.463505198692	2.5890978993217e-17	0	27	27	0
1137	1042.95068482393	323.463505198692	2.5890978993217e-17	0	27	27	0
1137.25	1043.20068482393	323.463505198692	2.5890978993217e-17	0	27	27	0
1137.5	1043.45068482393	323.463505198692	2.5890978993217e-17	0	27	27	0
1137.75	1043.70068482393	323.463505198692	2.5890978993217e-17	0	27	27	0
1138	1043.95068482393	323.463505198692	2.5890978993217e-17	0	27	27	0
1138.25	1044.20068482393	323.463505198692	2.5890978993217e-17	0	27	27	0
1138.5	1044.45068482393	323.463505198692	2.5890978993217e-17	0	27	27	0
1138.75	1044.70068482393	323.463505198692	2.5890978993217e-17	0	27	27	0
1139	1044.95068482393	323.463505198692	2.5890978993217e-17	0	27	27	0
1139.25	1045.20068482393	323.463505198692	2.5890978993217e-17	0	27	27	0
1139.5	1045.45068482393	323.463505198692	2.5890978993217e-17	0	27	27	0
1139.75	1045.70068482393	323.463505198692	2.5890978993217e-17	0	27	27	0
1140	1045.95068482393	323.463505198692	2.5890978993217e-17	0	27	27	0
1140.25	1046.20068482393	323.463505198692	2.5890978993217e-17	0	27	27	0
1140.5	1046.45068482393	323.463505198692	2.5890978993217e-17	0	27	27	0
1140.75	1046.70068482393	323.463505198692	2.5890978993217e-17	0	27	27	0
1141	1046.95068482393	323.463505198692	2.5890978993217e-17	0	27	27	0
1141.25	1047.20068482393	323.463505198692	2.5890978993217e-17	0	27	27	0
1141.5	1047.45068482393	323.463505198692	2.5890978993217e-17	0	27	27	0
1141.75	1047.70068482393	323.463505198692	2.5890978993217e-17	0	27	27	0
1142	1047.95068482393	323.463505198692	2.5890978993217e-17	0	27	27	0
1142.25	1048.20068482393	323.463505198692	2.5890978993217e-17	0	27	27	0
1142.5	1048.45068482393	323.463505198692	2.5890978993217e-17	0	27	27	0
1142.75	1048.70068482393	323.463505198692	2.5890978993217e-17	0	27	27	0
1143	1048.95068482393	323.463505198692	2.5890978993217e-17	0	27	27	0
1143.25	1049.20068482393	323.463505198692	2.5890978993217e-17	0	27	27	0
1143.5	1049.45068482393	323.463505198692	2.5890978993217e-17	0	27	27	0
1143.75	1049.70068482393	323.463505198692	2.5890978993217e-17	0	27	27	0
1144	1049.95068482393	323.463505198692	2.5890978993217e-17	0	27	27	0
1144.25	1050.20068482393	323.463505198692	2.5890978993217e-17	0	27	27	0
1144.5	1050.45068482393	323.463505198692	2.5890978993217e-17	0	27	27	0
1144.75	1050.70068482393	323.463505198692	2.5890978993217e-17	0	27	27	0
1145	1050.95068482393	323.463505198692	2.5890978993217e-17	0	27	27	0
1145.25	1051.20068482393	323.463505198692	2.5890978993217e-17	0	27	27	0
1145.5	1051.45068482393	323.463505198692	2.5890978993217e-17	0	27	27	0
1145.75	1051.70068482393	323.463505198692	2.5890978993217e-17	0	27	27	0
1146	1051.95068482393	323.463505198692	2.5890978993217e-17	0	27	27	0
1146.25	1052.20068482393	323.463505198692	2.5890978993217e-17	0	27	27	0
1146.5	1052.45068482393	323.463505198692	2.5890978993217e-17	0	27	27	0
1146.75	1052.70068482393	323.463505198692	2.5890978993217e-17	0	27	27	0
1147	1052.95068482393	323.463505198692	2.5890978993217e-17	0	27	27	0
1147.25	1053.20068482393	323.463505198692	2.5890978993217e-17	0	27	27	0
1147.5	1053.45068482393	323.463505198692	2.5890978993217e-17	0	27	27	0
1147.75	1053.70068482393	323.463505198692	2.5890978993217e-17	0	27	27	0
1148	1053.95068482393	323.463505198692	2.5890978993217e-17	0	27	27	0
1148.25	1054.20068482393	323.463505198692	2.5890978993217e-17	0	27	27	0
1148.5	1054.45068482393	323.463505198692	2.5890978993217e-17	0	27	27	0
1148.75	1054.70068482393	323.463505198692	2.5890978993217e-17	0	27	27	0
1149	1054.95068482393	323.463505198692	2.5890978993217e-17	0	27	27	0
1149.25	1055.20068482393	323.463505198692	2.5890978993217e-17	0	27	27	0
1149.5	1055.45068482393	323.463505198692	2.5890978993217e-17	0	27	27	0
1149.75	1055.70068482393	323.463505198692	2.5890978993217e-17	0	27	27	0
1150	1055.95068482393	323.463505198692	2.5890978993217e-17	0	27	27	0
1150.25	1056.20068482393	323.463505198692	2.5890978993217e-17	0	27	27	0
1150.5	1056.45068482393	323.463505198692	2.5890978993217e-17	0	27	27	0
1150.75	1056.70068482393	323.463505198692	2.5890978993217e-17	0	27	27	0
1151	1056.95068482393	323.463505198692	2.5890978993217e-17	0	27	27	0
1151.25	1057.20068482393	323.463505198692	2.5890978993217e-17	0	27	27	0
1151.5	1057.45068482393	323.463505198692	2.5890978993217e-17	0	27	27	0
1151.75	1057.70068482393	323.463505198692	2.5890978993217e-17	0	27	27	0
1152	1057.95068482393	323.463505198692	2.5890978993217e-17	0	27	27	0
1152.25	1058.20068482393	323.463505198692	2.5890978993217e-17	0	27	27	0
1152.5	1058.45068482393	323.463505198692	2.5890978993217e-17	0	27	27	0
1152.75	1058.70068482393	323.463505198692	2.5890978993217e-17	0	27	27	0
1153	1058.95068482393	323.463505198692	2.5890978993217e-17	0	27	27	0
1153.25	1059.20068482393	323.463505198692	2.5890978993217e-17	0	27	27	0
1153.5	1059.45068482393	323.463505198692	2.5890978993217e-17	0	27	27	0
1153.75	1059.70068482393	323.463505198692	2.5890978993217e-17	0	27	27	0
1154	1059.95068482393	323.463505198692	2.5890978993217e-17	0	27	27	0
1154.25	1060.20068482393	323.463505198692	2.5890978993217e-17	0	27	27	0
1154.5	1060.45068482393	323.463505198692	2.5890978993217e-17	0	27	27	0
1154.75	1060.70068482393	323.463505198692	2.5890978993217e-17	0	27	27	0
1155	1060.95068482393	323.463505198692	2.5890978993217e-17	0	27	27	0
1155.25	1061.20068482393	323.463505198692	2.5890978993217e-17	0	27	27	0
1155.5	1061.45068482393	323.463505198692	2.5890978993217e-17	0	27	27	0
1155.75	1061.70068482393	323.463505198692	2.5890978993217e-17	0	27	27	0
1156	1061.95068482393	323.463505198692	2.5890978993217e-17	0	27	27	0
1156.25	1062.20068482393	323.463505198692	2.5890978993217e-17	0	27	27	0
1156.5	1062.45068482393	323.463505198692	2.5890978993217e-17	0	27	27	0
1156.75	1062.70068482393	323.463505198692	2.5890978993217e-17	0	27	27	0
1157	1062.95068482393	323.463505198692	2.5890978993217e-17	0	27	27	0
1157.25	1063.20068482393	323.463505198692	2.5890978993217e-17	0	27	27	0
1157.5	1063.45068482393	323.463505198692	2.5890978993217e-17	0	27	27	0
1157.75	1063.70068482393	323.463505198692	2.5890978993217e-17	0	27	27	0
1158	1063.95068482393	323.463505198692	2.5890978993217e-17	0	27	27	0
1158.25	1064.20068482393	323.463505198692	2.5890978993217e-17	0	27	27	0
1158.5	1064.45068482393	323.463505198692	2.5890978993217e-17	0	27	27	0
1158.75	1064.70068482393	323.463505198692	2.5890978993217e-17	0	27	27	0
1159	1064.95068482393	323.463505198692	2.5890978993217e-17	0	27	27	0
1159.25	1065.20068482393	323.463505198692	2.5890978993217e-17	0	27	27	0
1159.5	1065.45068482393	323.463505198692	2.5890978993217e-17	0	27	27	0
1159.75	1065.70068482393	323.463505198692	2.5890978993217e-17	0	27	27	0
1160	1065.95068482393	323.463505198692	2.5890978993217e-17	0	27	27	0
1160.25	1066.20068482393	323.463505198692	2.5890978993217e-17	0	27	27	0
1160.5	1066.45068482393	323.463505198692	2.5890978993217e-17	0	27	27	0
1160.75	1066.70068482393	323.463505198692	2.5890978993217e-17	0	27	27	0
1161	1066.95068482393	323.463505198692	2.5890978993217e-17	0	27	27	0
1161.25	1067.20068482393	323.463505198692	2.5890978993217e-17	0	27	27	0
1161.5	1067.45068482393	323.463505198692	2.5890978993217e-17	0	27	27	0
1161.75	1067.70068482393	323.463505198692	2.5890978993217e-17	0	27	27	0
1162	1067.95068482393	323.463505198692	2.5890978993217e-17	0	27	27	0
1162.25	1068.20068482393	323.463505198692	2.5890978993217e-17	0	27	27	0
1162.5	1068.45068482393	323.463505198692	2.5890978993217e-17	0	27	27	0
1162.75	1068.70068482393	323.463505198692	2.5890978993217e-17	0	27	27	0
1163	1068.95068482393	323.463505198692	2.5890978993217e-17	0	27	27	0
1163.25	1069.20068482393	323.463505198692	2.5890978993217e-17	0	27	27	0
1163.5	1069.45068482393	323.463505198692	2.5890978993217e-17	0	27	27	0
1163.75	1069.70068482393	323.463505198692	2.5890978993217e-17	0	27	27	0
1164	1069.95068482393	323.463505198692	2.5890978993217e-17	0	27	27	0
1164.25	1070.20068482393	323.463505198692	2.5890978993217e-17	0	27	27	0
1164.5	1070.45068482393	323.463505198692	2.5890978993217e-17	0	27	27	0
1164.75	1070.70068482393	323.463505198692	2.5890978993217e-17	0	27	27	0
1165	1070.95068482393	323.463505198692	2.5890978993217e-17	0	27	27	0
1165.25	1071.20068482393	323.463505198692	2.5890978993217e-17	0	27	27	0
1165.5	1071.45068482393	323.463505198692	2.5890978993217e-17	0	27	27	0
1165.75	1071.70068482393	323.463505198692	2.5890978993217e-17	0	27	27	0
1166	1071.95068482393	323.463505198692	2.5890978993217e-17	0	27	27	0
1166.25	1072.20068482393	323.463505198692	2.5890978993217e-17	0	27	27	0
1166.5	1072.45068482393	323.463505198692	2.5890978993217e-17	0	27	27	0
1166.75	1072.70068482393	323.463505198692	2.5890978993217e-17	0	27	27	0
1167	1072.95068482393	323.463505198692	2.5890978993217e-17	0	27	27	0
1167.25	1073.20068482393	323.463505198692	2.5890978993217e-17	0	27	27	0
1167.5	1073.45068482393	323.463505198692	2.5890978993217e-17	0	27	27	0
1167.75	1073.70068482393	323.463505198692	2.5890978993217e-17	0	27	27	0
1168	1073.95068482393	323.463505198692	2.5890978993217e-17	0	27	27	0
1168.25	1074.20068482393	323.463505198692	2.5890978993217e-17	0	27	27	0
1168.5	1074.45068482393	323.463505198692	2.5890978993217e-17	0	27	27	0
1168.75	1074.70068482393	323.463505198692	2.5890978993217e-17	0	27	27	0
1169	1074.95068482393	323.463505198692	2.5890978993217e-17	0	27	27	0
1169.25	1075.20068482393	323.463505198692	2.5890978993217e-17	0	27	27	0
1169.5	1075.45068482393	323.463505198692	2.5890978993217e-17	0	27	27	0
1169.75	1075.70068482393	323.463505198692	2.5890978993217e-17	0	27	27	0
1170	1075.95068482393	323.463505198692	2.5890978993217e-17	0	27	27	0
1170.25	1076.20068482393	323.463505198692	2.5890978993217e-17	0	27	27	0
1170.5	1076.45068482393	323.463505198692	2.5890978993217e-17	0	27	27	0
1170.75	1076.70068482393	323.463505198692	2.5890978993217e-17	0	27	27	0
1171	1076.95068482393	323.463505198692	2.5890978993217e-17	0	27	27	0
1171.25	1077.20068482393	323.463505198692	2.5890978993217e-17	0	27	27	0
1171.5	1077.45068482393	323.463505198692	2.5890978993217e-17	0	27	27	0
1171.75	1077.70068482393	323.463505198692	2.5890978993217e-17	0	27	27	0
1172	1077.95068482393	323.463505198692	2.5890978993217e-17	0	27	27	0
1172.25	1078.20068482393	323.463505198692	2.5890978993217e-17	0	27	27	0
1172.5	1078.45068482393	323.463505198692	2.5890978993217e-17	0	27	27	0
1172.75	1078.70068482393	323.463505198692	2.5890978993217e-17	0	27	27	0
1173	1078.95068482393	323.463505198692	2.5890978993217e-17	0	27	27	0
1173.25	1079.20068482393	323.463505198692	2.5890978993217e-17	0	27	27	0
1173.5	1079.45068482393	323.463505198692	2.5890978993217e-17	0	27	27	0
1173.75	1079.70068482393	323.463505198692	2.5890978993217e-17	0	27	27	0
1174	1079.95068482393	323.463505198692	2.5890978993217e-17	0	27	27	0
1174.25	1080.20068482393	323.463505198692	2.5890978993217e-17	0	27	27	0
1174.5	1080.45068482393	323.463505198692	2.5890978993217e-17	0	27	27	0
1174.75	1080.70068482393	323.463505198692	2.5890978993217e-17	0	27	27	0
1175	1080.95068482393	323.463505198692	2.5890978993217e-17	0	27	27	0
1175.25	1081.20068482393	323.463505198692	2.5890978993217e-17	0	27	27	0
1175.5	1081.45068482393	323.463505198692	2.5890978993217e-17	0	27	27	0
1175.75	1081.70068482393	323.463505198692	2.5890978993217e-17	0	27	27	0
1176	1081.95068482393	323.463505198692	2.5890978993217e-17	0	27	27	0
1176.25	1082.20068482393	323.463505198692	2.5890978993217e-17	0	27	27	0
1176.5	1082.45068482393	323.463505198692	2.5890978993217e-17	0	27	27	0
1176.75	1082.70068482393	323.463505198692	2.5890978993217e-17	0	27	27	0
1177	1082.95068482393	323.463505198692	2.5890978993217e-17	0	27	27	0
1177.25	1083.20068482393	323.463505198692	2.5890978993217e-17	0	27	27	0
1177.5	1083.45068482393	323.463505198692	2.5890978993217e-17	0	27	27	0
1177.75	1083.70068482393	323.463505198692	2.5890978993217e-17	0	27	27	0
1178	1083.95068482393	323.463505198692	2.5890978993217e-17	0	27	27	0
1178.25	1084.20068482393	323.463505198692	2.5890978993217e-17	0	27	27	0
1178.5	1084.45068482393	323.463505198692	2.5890978993217e-17	0	27	27	0
1178.75	1084.70068482393	323.463505198692	2.5890978993217e-17	0	27	27	0
1179	1084.95068482393	323.463505198692	2.5890978993217e-17	0	27	27	0
1179.25	1085.20068482393	323.463505198692	2.5890978993217e-17	0	27	27	0
1179.5	1085.45068482393	323.463505198692	2.5890978993217e-17	0	27	27	0
1179.75	1085.70068482393	323.463505198692	2.5890978993217e-17	0	27	27	0
1180	1085.95068482393	323.463505198692	2.5890978993217e-17	0	27	27	0
1180.25	1086.20068482393	323.463505198692	2.5890978993217e-17	0	27	27	0
1180.5	1086.45068482393	323.463505198692	2.5890978993217e-17	0	27	27	0
1180.75	1086.70068482393	323.463505198692	2.5890978993217e-17	0	27	27	0
1181	1086.95068482393	323.463505198692	2.5890978993217e-17	0	27	27	0
1181.25	1087.20068482393	323.463505198692	2.5890978993217e-17	0	27	27	0
1181.5	1087.45068482393	323.463505198692	2.5890978993217e-17	0	27	27	0
1181.75	1087.70068482393	323.463505198692	2.5890978993217e-17	0	27	27	0
1182	1087.95068482393	323.463505198692	2.5890978993217e-17	0	27	27	0
1182.25	1088.20068482393	323.463505198692	2.5890978993217e-17	0	27	27	0
1182.5	1088.45068482393	323.463505198692	2.5890978993217e-17	0	27	27	0
1182.75	1088.70068482393	323.463505198692	2.5890978993217e-17	0	27	27	0
1183	1088.95068482393	323.463505198692	2.5890978993217e-17	0	27	27	0
1183.25	1089.20068482393	323.463505198692	2.5890978993217e-17	0	27	27	0
1183.5	1089.45068482393	323.463505198692	2.5890978993217e-17	0	27	27	0
1183.75	1089.70068482393	323.463505198692	2.5890978993217e-17	0	27	27	0
1184	1089.95068482393	323.463505198692	2.5890978993217e-17	0	27	27	0
1184.25	1090.20068482393	323.463505198692	2.5890978993217e-17	0	27	27	0
1184.5	1090.45068482393	323.463505198692	2.5890978993217e-17	0	27	27	0
1184.75	1090.70068482393	323.463505198692	2.5890978993217e-17	0	27	27	0
1185	1090.95068482393	323.463505198692	2.5890978993217e-17	0	27	27	0
1185.25	1091.20068482393	323.463505198692	2.5890978993217e-17	0	27	27	0
1185.5	1091.45068482393	323.463505198692	2.5890978993217e-17	0	27	27	0
1185.75	1091.70068482393	323.463505198692	2.5890978993217e-17	0	27	27	0
1186	1091.95068482393	323.463505198692	2.5890978993217e-17	0	27	27	0
1186.25	1092.20068482393	323.463505198692	2.5890978993217e-17	0	27	27	0
1186.5	1092.45068482393	323.463505198692	2.5890978993217e-17	0	27	27	0
1186.75	1092.70068482393	323.463505198692	2.5890978993217e-17	0	27	27	0
1187	1092.95068482393	323.463505198692	2.5890978993217e-17	0	27	27	0
1187.25	1093.20068482393	323.463505198692	2.5890978993217e-17	0	27	27	0
1187.5	1093.45068482393	323.463505198692	2.5890978993217e-17	0	27	27	0
1187.75	1093.70068482393	323.463505198692	2.5890978993217e-17	0	27	27	0
1188	1093.95068482393	323.463505198692	2.5890978993217e-17	0	27	27	0
1188.25	1094.20068482393	323.463505198692	2.5890978993217e-17	0	27	27	0
1188.5	1094.45068482393	323.463505198692	2.5890978993217e-17	0	27	27	0
1188.75	1094.70068482393	323.463505198692	2.5890978993217e-17	0	27	27	0
1189	1094.95068482393	323.463505198692	2.5890978993217e-17	0	27	27	0
1189.25	1095.20068482393	323.463505198692	2.5890978993217e-17	0	27	27	0
1189.5	1095.45068482393	323.463505198692	2.5890978993217e-17	0	27	27	0
1189.75	1095.70068482393	323.463505198692	2.5890978993217e-17	0	27	27	0
1190	1095.95068482393	323.463505198692	2.5890978993217e-17	0	27	27	0
1190.25	1096.20068482393	323.463505198692	2.5890978993217e-17	0	27	27	0
1190.5	1096.45068482393	323.463505198692	2.5890978993217e-17	0	27	27	0
1190.75	1096.70068482393	323.463505198692	2.5890978993217e-17	0	27	27	0
1191	1096.95068482393	323.463505198692	2.5890978993217e-17	0	27	27	0
1191.25	1097.20068482393	323.463505198692	2.5890978993217e-17	0	27	27	0
1191.5	1097.45068482393	323.463505198692	2.5890978993217e-17	0	27	27	0
1191.75	1097.70068482393	323.463505198692	2.5890978993217e-17	0	27	27	0
1192	1097.95068482393	323.463505198692	2.5890978993217e-17	0	27	27	0
1192.25	1098.20068482393	323.463505198692	2.5890978993217e-17	0	27	27	0
1192.5	1098.45068482393	323.463505198692	2.5890978993217e-17	0	27	27	0
1192.75	1098.70068482393	323.463505198692	2.5890978993217e-17	0	27	27	0
1193	1098.95068482393	323.463505198692	2.5890978993217e-17	0	27	27	0
1193.25	1099.20068482393	323.463505198692	2.5890978993217e-17	0	27	27	0
1193.5	1099.45068482393	323.463505198692	2.5890978993217e-17	0	27	27	0
1193.75	1099.70068482393	323.463505198692	2.5890978993217e-17	0	27	27	0
1194	1099.95068482393	323.463505198692	2.5890978993217e-17	0	27	27	0
1194.25	1100.20068482393	323.463505198692	2.5890978993217e-17	0	27	27	0
1194.5	1100.45068482393	323.463505198692	2.5890978993217e-17	0	27	27	0
1194.75	1100.70068482393	323.463505198692	2.5890978993217e-17	0	27	27	0
1195	1100.95068482393	323.463505198692	2.5890978993217e-17	0	27	27	0
1195.25	1101.20068482393	323.463505198692	2.5890978993217e-17	0	27	27	0
1195.5	1101.45068482393	323.463505198692	2.5890978993217e-17	0	27	27	0
1195.75	1101.70068482393	323.463505198692	2.5890978993217e-17	0	27	27	0
1196	1101.95068482393	323.463505198692	2.5890978993217e-17	0	27	27	0
1196.25	1102.20068482393	323.463505198692	2.5890978993217e-17	0	27	27	0
1196.5	1102.45068482393	323.463505198692	2.5890978993217e-17	0	27	27	0
1196.75	1102.70068482393	323.463505198692	2.5890978993217e-17	0	27	27	0
1197	1102.95068482393	323.463505198692	2.5890978993217e-17	0	27	27	0
1197.25	1103.20068482393	323.463505198692	2.5890978993217e-17	0	27	27	0
1197.5	1103.45068482393	323.463505198692	2.5890978993217e-17	0	27	27	0
1197.75	1103.70068482393	323.463505198692	2.5890978993217e-17	0	27	27	0
1198	1103.95068482393	323.463505198692	2.5890978993217e-17	0	27	27	0
1198.25	1104.20068482393	323.463505198692	2.5890978993217e-17	0	27	27	0
1198.5	1104.45068482393	323.463505198692	2.5890978993217e-17	0	27	27	0
1198.75	1104.70068482393	323.463505198692	2.5890978993217e-17	0	27	27	0
1199	1104.95068482393	323.463505198692	2.5890978993217e-17	0	27	27	0
1199.25	1105.20068482393	323.463505198692	2.5890978993217e-17	0	27	27	0
1199.5	1105.45068482393	323.463505198692	2.5890978993217e-17	0	27	27	0
1199.75	1105.70068482393	323.463505198692	2.5890978993217e-17	0	27	27	0
1200	1105.95068482393	323.463505198692	2.5890978993217e-17	0	27	27	0
1200.25	1106.20068482393	323.463505198692	2.5890978993217e-17	0	27	27	0
1200.5	1106.45068482393	323.463505198692	2.5890978993217e-17	0	27	27	0
1200.75	1106.70068482393	323.463505198692	2.5890978993217e-17	0	27	27	0
1201	1106.95068482393	323.463505198692	2.5890978993217e-17	0	27	27	0
1201.25	1107.20068482393	323.463505198692	2.5890978993217e-17	0	27	27	0
1201.5	1107.45068482393	323.463505198692	2.5890978993217e-17	0	27	27	0
1201.75	1107.70068482393	323.463505198692	2.5890978993217e-17	0	27	27	0
1202	1107.95068482393	323.463505198692	2.5890978993217e-17	0	27	27	0
1202.25	1108.20068482393	323.463505198692	2.5890978993217e-17	0	27	27	0
1202.5	1108.45068482393	323.463505198692	2.5890978993217e-17	0	27	27	0
1202.75	1108.70068482393	323.463505198692	2.5890978993217e-17	0	27	27	0
1203	1108.95068482393	323.463505198692	2.5890978993217e-17	0	27	27	0
1203.25	1109.20068482393	323.463505198692	2.5890978993217e-17	0	27	27	0
1203.5	1109.45068482393	323.463505198692	2.5890978993217e-17	0	27	27	0
1203.75	1109.70068482393	323.463505198692	2.5890978993217e-17	0	27	27	0
1204	1109.95068482393	323.463505198692	2.5890978993217e-17	0	27	27	0
1204.25	1110.20068482393	323.463505198692	2.5890978993217e-17	0	27	27	0
1204.5	1110.45068482393	323.463505198692	2.5890978993217e-17	0	27	27	0
1204.75	1110.70068482393	323.463505198692	2.5890978993217e-17	0	27	27	0
1205	1110.95068482393	323.463505198692	2.5890978993217e-17	0	27	27	0
1205.25	1111.20068482393	323.463505198692	2.5890978993217e-17	0	27	27	0
1205.5	1111.45068482393	323.463505198692	2.5890978993217e-17	0	27	27	0
1205.75	1111.70068482393	323.463505198692	2.5890978993217e-17	0	27	27	0
1206	1111.95068482393	323.463505198692	2.5890978993217e-17	0	27	27	0
1206.25	1112.20068482393	323.463505198692	2.5890978993217e-17	0	27	27	0
1206.5	1112.45068482393	323.463505198692	2.5890978993217e-17	0	27	27	0
1206.75	1112.70068482393	323.463505198692	2.5890978993217e-17	0	27	27	0
1207	1112.95068482393	323.463505198692	2.5890978993217e-17	0	27	27	0
1207.25	1113.20068482393	323.463505198692	2.5890978993217e-17	0	27	27	0
1207.5	1113.45068482393	323.463505198692	2.5890978993217e-17	0	27	27	0
1207.75	1113.70068482393	323.463505198692	2.5890978993217e-17	0	27	27	0
1208	1113.95068482393	323.463505198692	2.5890978993217e-17	0	27	27	0
1208.25	1114.20068482393	323.463505198692	2.5890978993217e-17	0	27	27	0
1208.5	1114.45068482393	323.463505198692	2.5890978993217e-17	0	27	27	0
1208.75	1114.70068482393	323.463505198692	2.5890978993217e-17	0	27	27	0
1209	1114.95068482393	323.463505198692	2.5890978993217e-17	0	27	27	0
1209.25	1115.20068482393	323.463505198692	2.5890978993217e-17	0	27	27	0
1209.5	1115.45068482393	323.463505198692	2.5890978993217e-17	0	27	27	0
1209.75	1115.70068482393	323.463505198692	2.5890978993217e-17	0	27	27	0
1210	1115.95068482393	323.463505198692	2.5890978993217e-17	0	27	27	0
1210.25	1116.20068482393	323.463505198692	2.5890978993217e-17	0	27	27	0
1210.5	1116.45068482393	323.463505198692	2.5890978993217e-17	0	27	27	0
1210.75	1116.70068482393	323.463505198692	2.5890978993217e-17	0	27	27	0
1211	1116.95068482393	323.463505198692	2.5890978993217e-17	0	27	27	0
1211.25	1117.20068482393	323.463505198692	2.5890978993217e-17	0	27	27	0
1211.5	1117.45068482393	323.463505198692	2.5890978993217e-17	0	27	27	0
1211.75	1117.70068482393	323.463505198692	2.5890978993217e-17	0	27	27	0
1212	1117.95068482393	323.463505198692	2.5890978993217e-17	0	27	27	0
1212.25	1118.20068482393	323.463505198692	2.5890978993217e-17	0	27	27	0
1212.5	1118.45068482393	323.463505198692	2.5890978993217e-17	0	27	27	0
1212.75	1118.70068482393	323.463505198692	2.5890978993217e-17	0	27	27	0
1213	1118.95068482393	323.463505198692	2.5890978993217e-17	0	27	27	0
1213.25	1119.20068482393	323.463505198692	2.5890978993217e-17	0	27	27	0
1213.5	1119.45068482393	323.463505198692	2.5890978993217e-17	0	27	27	0
1213.75	1119.70068482393	323.463505198692	2.5890978993217e-17	0	27	27	0
1214	1119.95068482393	323.463505198692	2.5890978993217e-17	0	27	27	0
1214.25	1120.20068482393	323.463505198692	2.5890978993217e-17	0	27	27	0
1214.5	1120.45068482393	323.463505198692	2.5890978993217e-17	0	27	27	0
1214.75	1120.70068482393	323.463505198692	2.5890978993217e-17	0	27	27	0
1215	1120.95068482393	323.463505198692	2.5890978993217e-17	0	27	27	0
1215.25	1121.20068482393	323.463505198692	2.5890978993217e-17	0	27	27	0
1215.5	1121.45068482393	323.463505198692	2.5890978993217e-17	0	27	27	0
1215.75	1121.70068482393	323.463505198692	2.5890978993217e-17	0	27	27	0
1216	1121.95068482393	323.463505198692	2.5890978993217e-17	0	27	27	0
1216.25	1122.20068482393	323.463505198692	2.5890978993217e-17	0	27	27	0
1216.5	1122.45068482393	323.463505198692	2.5890978993217e-17	0	27	27	0
1216.75	1122.70068482393	323.463505198692	2.5890978993217e-17	0	27	27	0
1217	1122.95068482393	323.463505198692	2.5890978993217e-17	0	27	27	0
1217.25	1123.20068482393	323.463505198692	2.5890978993217e-17	0	27	27	0
1217.5	1123.45068482393	323.463505198692	2.5890978993217e-17	0	27	27	0
1217.75	1123.70068482393	323.463505198692	2.5890978993217e-17	0	27	27	0
1218	1123.95068482393	323.463505198692	2.5890978993217e-17	0	27	27	0
1218.25	1124.20068482393	323.463505198692	2.5890978993217e-17	0	27	27	0
1218.5	1124.45068482393	323.463505198692	2.5890978993217e-17	0	27	27	0
1218.75	1124.70068482393	323.463505198692	2.5890978993217e-17	0	27	27	0
1219	1124.95068482393	323.463505198692	2.5890978993217e-17	0	27	27	0
1219.25	1125.20068482393	323.463505198692	2.5890978993217e-17	0	27	27	0
1219.5	1125.45068482393	323.463505198692	2.5890978993217e-17	0	27	27	0
1219.75	1125.70068482393	323.463505198692	2.5890978993217e-17	0	27	27	0
1220	1125.95068482393	323.463505198692	2.5890978993217e-17	0	27	27	0
1220.25	1126.20068482393	323.463505198692	2.5890978993217e-17	0	27	27	0
1220.5	1126.45068482393	323.463505198692	2.5890978993217e-17	0	27	27	0
1220.75	1126.70068482393	323.463505198692	2.5890978993217e-17	0	27	27	0
1221	1126.95068482393	323.463505198692	2.5890978993217e-17	0	27	27	0
1221.25	1127.20068482393	323.463505198692	2.5890978993217e-17	0	27	27	0
1221.5	1127.45068482393	323.463505198692	2.5890978993217e-17	0	27	27	0
1221.75	1127.70068482393	323.463505198692	2.5890978993217e-17	0	27	27	0
1222	1127.95068482393	323.463505198692	2.5890978993217e-17	0	27	27	0
1222.25	1128.20068482393	323.463505198692	2.5890978993217e-17	0	27	27	0
1222.5	1128.45068482393	323.463505198692	2.5890978993217e-17	0	27	27	0
1222.75	1128.70068482393	323.463505198692	2.5890978993217e-17	0	27	27	0
1223	1128.95068482393	323.463505198692	2.5890978993217e-17	0	27	27	0
1223.25	1129.20068482393	323.463505198692	2.5890978993217e-17	0	27	27	0
1223.5	1129.45068482393	323.463505198692	2.5890978993217e-17	0	27	27	0
1223.75	1129.70068482393	323.463505198692	2.5890978993217e-17	0	27	27	0
1224	1129.95068482393	323.463505198692	2.5890978993217e-17	0	27	27	0
1224.25	1130.20068482393	323.463505198692	2.5890978993217e-17	0	27	27	0
1224.5	1130.45068482393	323.463505198692	2.5890978993217e-17	0	27	27	0
1224.75	1130.70068482393	323.463505198692	2.5890978993217e-17	0	27	27	0
1225	1130.95068482393	323.463505198692	2.5890978993217e-17	0	27	27	0
1225.25	1131.20068482393	323.463505198692	2.5890978993217e-17	0	27	27	0
1225.5	1131.45068482393	323.463505198692	2.5890978993217e-17	0	27	27	0
1225.75	1131.70068482393	323.463505198692	2.5890978993217e-17	0	27	27	0
1226	1131.95068482393	323.463505198692	2.5890978993217e-17	0	27	27	0
1226.25	1132.20068482393	323.463505198692	2.5890978993217e-17	0	27	27	0
1226.5	1132.45068482393	323.463505198692	2.5890978993217e-17	0	27	27	0
1226.75	1132.70068482393	323.463505198692	2.5890978993217e-17	0	27	27	0
1227	1132.95068482393	323.463505198692	2.5890978993217e-17	0	27	27	0
1227.25	1133.20068482393	323.463505198692	2.5890978993217e-17	0	27	27	0
1227.5	1133.45068482393	323.463505198692	2.5890978993217e-17	0	27	27	0
1227.75	1133.70068482393	323.463505198692	2.5890978993217e-17	0	27	27	0
1228	1133.95068482393	323.463505198692	2.5890978993217e-17	0	27	27	0
1228.25	1134.20068482393	323.463505198692	2.5890978993217e-17	0	27	27	0
1228.5	1134.45068482393	323.463505198692	2.5890978993217e-17	0	27	27	0
1228.75	1134.70068482393	323.463505198692	2.5890978993217e-17	0	27	27	0
1229	1134.95068482393	323.463505198692	2.5890978993217e-17	0	27	27	0
1229.25	1135.20068482393	323.463505198692	2.5890978993217e-17	0	27	27	0
1229.5	1135.45068482393	323.463505198692	2.5890978993217e-17	0	27	27	0
1229.75	1135.70068482393	323.463505198692	2.5890978993217e-17	0	27	27	0
1230	1135.95068482393	323.463505198692	2.5890978993217e-17	0	27	27	0
1230.25	1136.20068482393	323.463505198692	2.5890978993217e-17	0	27	27	0
1230.5	1136.45068482393	323.463505198692	2.5890978993217e-17	0	27	27	0
1230.75	1136.70068482393	323.463505198692	2.5890978993217e-17	0	27	27	0
1231	1136.95068482393	323.463505198692	2.5890978993217e-17	0	27	27	0
1231.25	1137.20068482393	323.463505198692	2.5890978993217e-17	0	27	27	0
1231.5	1137.45068482393	323.463505198692	2.5890978993217e-17	0	27	27	0
1231.75	1137.70068482393	323.463505198692	2.5890978993217e-17	0	27	27	0
1232	1137.95068482393	323.463505198692	2.5890978993217e-17	0	27	27	0
1232.25	1138.20068482393	323.463505198692	2.5890978993217e-17	0	27	27	0
1232.5	1138.45068482393	323.463505198692	2.5890978993217e-17	0	27	27	0
1232.75	1138.70068482393	323.463505198692	2.5890978993217e-17	0	27	27	0
1233	1138.95068482393	323.463505198692	2.5890978993217e-17	0	27	27	0
1233.25	1139.20068482393	323.463505198692	2.5890978993217e-17	0	27	27	0
1233.5	1139.45068482393	323.463505198692	2.5890978993217e-17	0	27	27	0
1233.75	1139.70068482393	323.463505198692	2.5890978993217e-17	0	27	27	0
1234	1139.95068482393	323.463505198692	2.5890978993217e-17	0	27	27	0
1234.25	1140.20068482393	323.463505198692	2.5890978993217e-17	0	27	27	0
1234.5	1140.45068482393	323.463505198692	2.5890978993217e-17	0	27	27	0
1234.75	1140.70068482393	323.463505198692	2.5890978993217e-17	0	27	27	0
1235	1140.95068482393	323.463505198692	2.5890978993217e-17	0	27	27	0
1235.25	1141.20068482393	323.463505198692	2.5890978993217e-17	0	27	27	0
1235.5	1141.45068482393	323.463505198692	2.5890978993217e-17	0	27	27	0
1235.75	1141.70068482393	323.463505198692	2.5890978993217e-17	0	27	27	0
1236	1141.95068482393	323.463505198692	2.5890978993217e-17	0	27	27	0
1236.25	1142.20068482393	323.463505198692	2.5890978993217e-17	0	27	27	0
1236.5	1142.45068482393	323.463505198692	2.5890978993217e-17	0	27	27	0
1236.75	1142.70068482393	323.463505198692	2.5890978993217e-17	0	27	27	0
1237	1142.95068482393	323.463505198692	2.5890978993217e-17	0	27	27	0
1237.25	1143.20068482393	323.463505198692	2.5890978993217e-17	0	27	27	0
1237.5	1143.45068482393	323.463505198692	2.5890978993217e-17	0	27	27	0
1237.75	1143.70068482393	323.463505198692	2.5890978993217e-17	0	27	27	0
1238	1143.95068482393	323.463505198692	2.5890978993217e-17	0	27	27	0
1238.25	1144.20068482393	323.463505198692	2.5890978993217e-17	0	27	27	0
1238.5	1144.45068482393	323.463505198692	2.5890978993217e-17	0	27	27	0
1238.75	1144.70068482393	323.463505198692	2.5890978993217e-17	0	27	27	0
1239	1144.95068482393	323.463505198692	2.5890978993217e-17	0	27	27	0
1239.25	1145.20068482393	323.463505198692	2.5890978993217e-17	0	27	27	0
1239.5	1145.45068482393	323.463505198692	2.5890978993217e-17	0	27	27	0
1239.75	1145.70068482393	323.463505198692	2.5890978993217e-17	0	27	27	0
1240	1145.95068482393	323.463505198692	2.5890978993217e-17	0	27	27	0
1240.25	1146.20068482393	323.463505198692	2.5890978993217e-17	0	27	27	0
1240.5	1146.45068482393	323.463505198692	2.5890978993217e-17	0	27	27	0
1240.75	1146.70068482393	323.463505198692	2.5890978993217e-17	0	27	27	0
1241	1146.95068482393	323.463505198692	2.5890978993217e-17	0	27	27	0
1241.25	1147.20068482393	323.463505198692	2.5890978993217e-17	0	27	27	0
1241.5	1147.45068482393	323.463505198692	2.5890978993217e-17	0	27	27	0
1241.75	1147.70068482393	323.463505198692	2.5890978993217e-17	0	27	27	0
1242	1147.95068482393	323.463505198692	2.5890978993217e-17	0	27	27	0
1242.25	1148.20068482393	323.463505198692	2.5890978993217e-17	0	27	27	0
1242.5	1148.45068482393	323.463505198692	2.5890978993217e-17	0	27	27	0
1242.75	1148.70068482393	323.463505198692	2.5890978993217e-17	0	27	27	0
1243	1148.95068482393	323.463505198692	2.5890978993217e-17	0	27	27	0
1243.25	1149.20068482393	323.463505198692	2.5890978993217e-17	0	27	27	0
1243.5	1149.45068482393	323.463505198692	2.5890978993217e-17	0	27	27	0
1243.75	1149.70068482393	323.463505198692	2.5890978993217e-17	0	27	27	0
1244	1149.95068482393	323.463505198692	2.5890978993217e-17	0	27	27	0
1244.25	1150.20068482393	323.463505198692	2.5890978993217e-17	0	27	27	0
1244.5	1150.45068482393	323.463505198692	2.5890978993217e-17	0	27	27	0
1244.75	1150.70068482393	323.463505198692	2.5890978993217e-17	0	27	27	0
1245	1150.95068482393	323.463505198692	2.5890978993217e-17	0	27	27	0
1245.25	1151.20068482393	323.463505198692	2.5890978993217e-17	0	27	27	0
1245.5	1151.45068482393	323.463505198692	2.5890978993217e-17	0	27	27	0
1245.75	1151.70068482393	323.463505198692	2.5890978993217e-17	0	27	27	0
1246	1151.95068482393	323.463505198692	2.5890978993217e-17	0	27	27	0
1246.25	1152.20068482393	323.463505198692	2.5890978993217e-17	0	27	27	0
1246.5	1152.45068482393	323.463505198692	2.5890978993217e-17	0	27	27	0
1246.75	1152.70068482393	323.463505198692	2.5890978993217e-17	0	27	27	0
1247	1152.95068482393	323.463505198692	2.5890978993217e-17	0	27	27	0
1247.25	1153.20068482393	323.463505198692	2.5890978993217e-17	0	27	27	0
1247.5	1153.45068482393	323.463505198692	2.5890978993217e-17	0	27	27	0
1247.75	1153.70068482393	323.463505198692	2.5890978993217e-17	0	27	27	0
1248	1153.95068482393	323.463505198692	2.5890978993217e-17	0	27	27	0
1248.25	1154.20068482393	323.463505198692	2.5890978993217e-17	0	27	27	0
1248.5	1154.45068482393	323.463505198692	2.5890978993217e-17	0	27	27	0
1248.75	1154.70068482393	323.463505198692	2.5890978993217e-17	0	27	27	0
1249	1154.95068482393	323.463505198692	2.5890978993217e-17	0	27	27	0
1249.25	1155.20068482393	323.463505198692	2.5890978993217e-17	0	27	27	0
1249.5	1155.45068482393	323.463505198692	2.5890978993217e-17	0	27	27	0
1249.75	1155.70068482393	323.463505198692	2.5890978993217e-17	0	27	27	0
1250	1155.95068482393	323.463505198692	2.5890978993217e-17	0	27	27	0
1250.25	1156.20068482393	323.463505198692	2.5890978993217e-17	0	27	27	0
1250.5	1156.45068482393	323.463505198692	2.5890978993217e-17	0	27	27	0
1250.75	1156.70068482393	323.463505198692	2.5890978993217e-17	0	27	27	0
1251	1156.95068482393	323.463505198692	2.5890978993217e-17	0	27	27	0
1251.25	1157.20068482393	323.463505198692	2.5890978993217e-17	0	27	27	0
1251.5	1157.45068482393	323.463505198692	2.5890978993217e-17	0	27	27	0
1251.75	1157.70068482393	323.463505198692	2.5890978993217e-17	0	27	27	0
1252	1157.95068482393	323.463505198692	2.5890978993217e-17	0	27	27	0
1252.25	1158.20068482393	323.463505198692	2.5890978993217e-17	0	27	27	0
1252.5	1158.45068482393	323.463505198692	2.5890978993217e-17	0	27	27	0
1252.75	1158.70068482393	323.463505198692	2.5890978993217e-17	0	27	27	0
1253	1158.95068482393	323.463505198692	2.5890978993217e-17	0	27	27	0
1253.25	1159.20068482393	323.463505198692	2.5890978993217e-17	0	27	27	0
1253.5	1159.45068482393	323.463505198692	2.5890978993217e-17	0	27	27	0
1253.75	1159.70068482393	323.463505198692	2.5890978993217e-17	0	27	27	0
1254	1159.95068482393	323.463505198692	2.5890978993217e-17	0	27	27	0
1254.25	1160.20068482393	323.463505198692	2.5890978993217e-17	0	27	27	0
1254.5	1160.45068482393	323.463505198692	2.5890978993217e-17	0	27	27	0
1254.75	1160.70068482393	323.463505198692	2.5890978993217e-17	0	27	27	0
1255	1160.95068482393	323.463505198692	2.5890978993217e-17	0	27	27	0
1255.25	1161.20068482393	323.463505198692	2.5890978993217e-17	0	27	27	0
1255.5	1161.45068482393	323.463505198692	2.5890978993217e-17	0	27	27	0
1255.75	1161.70068482393	323.463505198692	2.5890978993217e-17	0	27	27	0
1256	1161.95068482393	323.463505198692	2.5890978993217e-17	0	27	27	0
1256.25	1162.20068482393	323.463505198692	2.5890978993217e-17	0	27	27	0
1256.5	1162.45068482393	323.463505198692	2.5890978993217e-17	0	27	27	0
1256.75	1162.70068482393	323.463505198692	2.5890978993217e-17	0	27	27	0
1257	1162.95068482393	323.463505198692	2.5890978993217e-17	0	27	27	0
1257.25	1163.20068482393	323.463505198692	2.5890978993217e-17	0	27	27	0
1257.5	1163.45068482393	323.463505198692	2.5890978993217e-17	0	27	27	0
1257.75	1163.70068482393	323.463505198692	2.5890978993217e-17	0	27	27	0
1258	1163.95068482393	323.463505198692	2.5890978993217e-17	0	27	27	0
1258.25	1164.20068482393	323.463505198692	2.5890978993217e-17	0	27	27	0
1258.5	1164.45068482393	323.463505198692	2.5890978993217e-17	0	27	27	0
1258.75	1164.70068482393	323.463505198692	2.5890978993217e-17	0	27	27	0
1259	1164.95068482393	323.463505198692	2.5890978993217e-17	0	27	27	0
1259.25	1165.20068482393	323.463505198692	2.5890978993217e-17	0	27	27	0
1259.5	1165.45068482393	323.463505198692	2.5890978993217e-17	0	27	27	0
1259.75	1165.70068482393	323.463505198692	2.5890978993217e-17	0	27	27	0
1260	1165.95068482393	323.463505198692	2.5890978993217e-17	0	27	27	0
1260.25	1166.20068482393	323.463505198692	2.5890978993217e-17	0	27	27	0
1260.5	1166.45068482393	323.463505198692	2.5890978993217e-17	0	27	27	0
1260.75	1166.70068482393	323.463505198692	2.5890978993217e-17	0	27	27	0
1261	1166.95068482393	323.463505198692	2.5890978993217e-17	0	27	27	0
1261.25	1167.20068482393	323.463505198692	2.5890978993217e-17	0	27	27	0
1261.5	1167.45068482393	323.463505198692	2.5890978993217e-17	0	27	27	0
1261.75	1167.70068482393	323.463505198692	2.5890978993217e-17	0	27	27	0
1262	1167.95068482393	323.463505198692	2.5890978993217e-17	0	27	27	0
1262.25	1168.20068482393	323.463505198692	2.5890978993217e-17	0	27	27	0
1262.5	1168.45068482393	323.463505198692	2.5890978993217e-17	0	27	27	0
1262.75	1168.70068482393	323.463505198692	2.5890978993217e-17	0	27	27	0
1263	1168.95068482393	323.463505198692	2.5890978993217e-17	0	27	27	0
1263.25	1169.20068482393	323.463505198692	2.5890978993217e-17	0	27	27	0
1263.5	1169.45068482393	323.463505198692	2.5890978993217e-17	0	27	27	0
1263.75	1169.70068482393	323.463505198692	2.5890978993217e-17	0	27	27	0
1264	1169.95068482393	323.463505198692	2.5890978993217e-17	0	27	27	0
1264.25	1170.20068482393	323.463505198692	2.5890978993217e-17	0	27	27	0
1264.5	1170.45068482393	323.463505198692	2.5890978993217e-17	0	27	27	0
1264.75	1170.70068482393	323.463505198692	2.5890978993217e-17	0	27	27	0
1265	1170.95068482393	323.463505198692	2.5890978993217e-17	0	27	27	0
1265.25	1171.20068482393	323.463505198692	2.5890978993217e-17	0	27	27	0
1265.5	1171.45068482393	323.463505198692	2.5890978993217e-17	0	27	27	0
1265.75	1171.70068482393	323.463505198692	2.5890978993217e-17	0	27	27	0
1266	1171.95068482393	323.463505198692	2.5890978993217e-17	0	27	27	0
1266.25	1172.20068482393	323.463505198692	2.5890978993217e-17	0	27	27	0
1266.5	1172.45068482393	323.463505198692	2.5890978993217e-17	0	27	27	0
1266.75	1172.70068482393	323.463505198692	2.5890978993217e-17	0	27	27	0
1267	1172.95068482393	323.463505198692	2.5890978993217e-17	0	27	27	0
1267.25	1173.20068482393	323.463505198692	2.5890978993217e-17	0	27	27	0
1267.5	1173.45068482393	323.463505198692	2.5890978993217e-17	0	27	27	0
1267.75	1173.70068482393	323.463505198692	2.5890978993217e-17	0	27	27	0
1268	1173.95068482393	323.463505198692	2.5890978993217e-17	0	27	27	0
1268.25	1174.20068482393	323.463505198692	2.5890978993217e-17	0	27	27	0
1268.5	1174.45068482393	323.463505198692	2.5890978993217e-17	0	27	27	0
1268.75	1174.70068482393	323.463505198692	2.5890978993217e-17	0	27	27	0
1269	1174.95068482393	323.463505198692	2.5890978993217e-17	0	27	27	0
1269.25	1175.20068482393	323.463505198692	2.5890978993217e-17	0	27	27	0
1269.5	1175.45068482393	323.463505198692	2.5890978993217e-17	0	27	27	0
1269.75	1175.70068482393	323.463505198692	2.5890978993217e-17	0	27	27	0
1270	1175.95068482393	323.463505198692	2.5890978993217e-17	0	27	27	0
1270.25	1176.20068482393	323.463505198692	2.5890978993217e-17	0	27	27	0
1270.5	1176.45068482393	323.463505198692	2.5890978993217e-17	0	27	27	0
1270.75	1176.70068482393	323.463505198692	2.5890978993217e-17	0	27	27	0
1271	1176.95068482393	323.463505198692	2.5890978993217e-17	0	27	27	0
1271.25	1177.20068482393	323.463505198692	2.5890978993217e-17	0	27	27	0
1271.5	1177.45068482393	323.463505198692	2.5890978993217e-17	0	27	27	0
1271.75	1177.70068482393	323.463505198692	2.5890978993217e-17	0	27	27	0
1272	1177.95068482393	323.463505198692	2.5890978993217e-17	0	27	27	0
1272.25	1178.20068482393	323.463505198692	2.5890978993217e-17	0	27	27	0
1272.5	1178.45068482393	323.463505198692	2.5890978993217e-17	0	27	27	0
1272.75	1178.70068482393	323.463505198692	2.5890978993217e-17	0	27	27	0
1273	1178.95068482393	323.463505198692	2.5890978993217e-17	0	27	27	0
1273.25	1179.20068482393	323.463505198692	2.5890978993217e-17	0	27	27	0
1273.5	1179.45068482393	323.463505198692	2.5890978993217e-17	0	27	27	0
1273.75	1179.70068482393	323.463505198692	2.5890978993217e-17	0	27	27	0
1274	1179.95068482393	323.463505198692	2.5890978993217e-17	0	27	27	0
1274.25	1180.20068482393	323.463505198692	2.5890978993217e-17	0	27	27	0
1274.5	1180.45068482393	323.463505198692	2.5890978993217e-17	0	27	27	0
1274.75	1180.70068482393	323.463505198692	2.5890978993217e-17	0	27	27	0
1275	1180.95068482393	323.463505198692	2.5890978993217e-17	0	27	27	0
1275.25	1181.20068482393	323.463505198692	2.5890978993217e-17	0	27	27	0
1275.5	1181.45068482393	323.463505198692	2.5890978993217e-17	0	27	27	0
1275.75	1181.70068482393	323.463505198692	2.5890978993217e-17	0	27	27	0
1276	1181.95068482393	323.463505198692	2.5890978993217e-17	0	27	27	0
1276.25	1182.20068482393	323.463505198692	2.5890978993217e-17	0	27	27	0
1276.5	1182.45068482393	323.463505198692	2.5890978993217e-17	0	27	27	0
1276.75	1182.70068482393	323.463505198692	2.5890978993217e-17	0	27	27	0
1277	1182.95068482393	323.463505198692	2.5890978993217e-17	0	27	27	0
1277.25	1183.20068482393	323.463505198692	2.5890978993217e-17	0	27	27	0
1277.5	1183.45068482393	323.463505198692	2.5890978993217e-17	0	27	27	0
1277.75	1183.70068482393	323.463505198692	2.5890978993217e-17	0	27	27	0
1278	1183.95068482393	323.463505198692	2.5890978993217e-17	0	27	27	0
1278.25	1184.20068482393	323.463505198692	2.5890978993217e-17	0	27	27	0
1278.5	1184.45068482393	323.463505198692	2.5890978993217e-17	0	27	27	0
1278.75	1184.70068482393	323.463505198692	2.5890978993217e-17	0	27	27	0
1279	1184.95068482393	323.463505198692	2.5890978993217e-17	0	27	27	0
1279.25	1185.20068482393	323.463505198692	2.5890978993217e-17	0	27	27	0
1279.5	1185.45068482393	323.463505198692	2.5890978993217e-17	0	27	27	0
1279.75	1185.70068482393	323.463505198692	2.5890978993217e-17	0	27	27	0
1280	1185.95068482393	323.463505198692	2.5890978993217e-17	0	27	27	0
1280.25	1186.20068482393	323.463505198692	2.5890978993217e-17	0	27	27	0
1280.5	1186.45068482393	323.463505198692	2.5890978993217e-17	0	27	27	0
1280.75	1186.70068482393	323.463505198692	2.5890978993217e-17	0	27	27	0
1281	1186.95068482393	323.463505198692	2.5890978993217e-17	0	27	27	0
1281.25	1187.20068482393	323.463505198692	2.5890978993217e-17	0	27	27	0
1281.5	1187.45068482393	323.463505198692	2.5890978993217e-17	0	27	27	0
1281.75	1187.70068482393	323.463505198692	2.5890978993217e-17	0	27	27	0
1282	1187.95068482393	323.463505198692	2.5890978993217e-17	0	27	27	0
1282.25	1188.20068482393	323.463505198692	2.5890978993217e-17	0	27	27	0
1282.5	1188.45068482393	323.463505198692	2.5890978993217e-17	0	27	27	0
1282.75	1188.70068482393	323.463505198692	2.5890978993217e-17	0	27	27	0
1283	1188.95068482393	323.463505198692	2.5890978993217e-17	0	27	27	0
1283.25	1189.20068482393	323.463505198692	2.5890978993217e-17	0	27	27	0
1283.5	1189.45068482393	323.463505198692	2.5890978993217e-17	0	27	27	0
1283.75	1189.70068482393	323.463505198692	2.5890978993217e-17	0	27	27	0
1284	1189.95068482393	323.463505198692	2.5890978993217e-17	0	27	27	0
1284.25	1190.20068482393	323.463505198692	2.5890978993217e-17	0	27	27	0
1284.5	1190.45068482393	323.463505198692	2.5890978993217e-17	0	27	27	0
1284.75	1190.70068482393	323.463505198692	2.5890978993217e-17	0	27	27	0
1285	1190.95068482393	323.463505198692	2.5890978993217e-17	0	27	27	0
1285.25	1191.20068482393	323.463505198692	2.5890978993217e-17	0	27	27	0
1285.5	1191.45068482393	323.463505198692	2.5890978993217e-17	0	27	27	0
1285.75	1191.70068482393	323.463505198692	2.5890978993217e-17	0	27	27	0
1286	1191.95068482393	323.463505198692	2.5890978993217e-17	0	27	27	0
1286.25	1192.20068482393	323.463505198692	2.5890978993217e-17	0	27	27	0
1286.5	1192.45068482393	323.463505198692	2.5890978993217e-17	0	27	27	0
1286.75	1192.70068482393	323.463505198692	2.5890978993217e-17	0	27	27	0
1287	1192.95068482393	323.463505198692	2.5890978993217e-17	0	27	27	0
1287.25	1193.20068482393	323.463505198692	2.5890978993217e-17	0	27	27	0
1287.5	1193.45068482393	323.463505198692	2.5890978993217e-17	0	27	27	0
1287.75	1193.70068482393	323.463505198692	2.5890978993217e-17	0	27	27	0
1288	1193.95068482393	323.463505198692	2.5890978993217e-17	0	27	27	0
1288.25	1194.20068482393	323.463505198692	2.5890978993217e-17	0	27	27	0
1288.5	1194.45068482393	323.463505198692	2.5890978993217e-17	0	27	27	0
1288.75	1194.70068482393	323.463505198692	2.5890978993217e-17	0	27	27	0
1289	1194.95068482393	323.463505198692	2.5890978993217e-17	0	27	27	0
1289.25	1195.20068482393	323.463505198692	2.5890978993217e-17	0	27	27	0
1289.5	1195.45068482393	323.463505198692	2.5890978993217e-17	0	27	27	0
1289.75	1195.70068482393	323.463505198692	2.5890978993217e-17	0	27	27	0
1290	1195.95068482393	323.463505198692	2.5890978993217e-17	0	27	27	0
1290.25	1196.20068482393	323.463505198692	2.5890978993217e-17	0	27	27	0
1290.5	1196.45068482393	323.463505198692	2.5890978993217e-17	0	27	27	0
1290.75	1196.70068482393	323.463505198692	2.5890978993217e-17	0	27	27	0
1291	1196.95068482393	323.463505198692	2.5890978993217e-17	0	27	27	0
1291.25	1197.20068482393	323.463505198692	2.5890978993217e-17	0	27	27	0
1291.5	1197.45068482393	323.463505198692	2.5890978993217e-17	0	27	27	0
1291.75	1197.70068482393	323.463505198692	2.5890978993217e-17	0	27	27	0
1292	1197.95068482393	323.463505198692	2.5890978993217e-17	0	27	27	0
1292.25	1198.20068482393	323.463505198692	2.5890978993217e-17	0	27	27	0
1292.5	1198.45068482393	323.463505198692	2.5890978993217e-17	0	27	27	0
1292.75	1198.70068482393	323.463505198692	2.5890978993217e-17	0	27	27	0
1293	1198.95068482393	323.463505198692	2.5890978993217e-17	0	27	27	0
1293.25	1199.20068482393	323.463505198692	2.5890978993217e-17	0	27	27	0
1293.5	1199.45068482393	323.463505198692	2.5890978993217e-17	0	27	27	0
1293.75	1199.70068482393	323.463505198692	2.5890978993217e-17	0	27	27	0
1294	1199.95068482393	323.463505198692	2.5890978993217e-17	0	27	27	0
1294.25	1200.20068482393	323.463505198692	2.5890978993217e-17	0	27	27	0
1294.5	1200.45068482393	323.463505198692	2.5890978993217e-17	0	27	27	0
1294.75	1200.70068482393	323.463505198692	2.5890978993217e-17	0	27	27	0
1295	1200.95068482393	323.463505198692	2.5890978993217e-17	0	27	27	0
1295.25	1201.20068482393	323.463505198692	2.5890978993217e-17	0	27	27	0
1295.5	1201.45068482393	323.463505198692	2.5890978993217e-17	0	27	27	0
1295.75	1201.70068482393	323.463505198692	2.5890978993217e-17	0	27	27	0
1296	1201.95068482393	323.463505198692	2.5890978993217e-17	0	27	27	0
1296.25	1202.20068482393	323.463505198692	2.5890978993217e-17	0	27	27	0
1296.5	1202.45068482393	323.463505198692	2.5890978993217e-17	0	27	27	0
1296.75	1202.70068482393	323.463505198692	2.5890978993217e-17	0	27	27	0
1297	1202.95068482393	323.463505198692	2.5890978993217e-17	0	27	27	0
1297.25	1203.20068482393	323.463505198692	2.5890978993217e-17	0	27	27	0
1297.5	1203.45068482393	323.463505198692	2.5890978993217e-17	0	27	27	0
1297.75	1203.70068482393	323.463505198692	2.5890978993217e-17	0	27	27	0
1298	1203.95068482393	323.463505198692	2.5890978993217e-17	0	27	27	0
1298.25	1204.20068482393	323.463505198692	2.5890978993217e-17	0	27	27	0
1298.5	1204.45068482393	323.463505198692	2.5890978993217e-17	0	27	27	0
1298.75	1204.70068482393	323.463505198692	2.5890978993217e-17	0	27	27	0
1299	1204.95068482393	323.463505198692	2.5890978993217e-17	0	27	27	0
1299.25	1205.20068482393	323.463505198692	2.5890978993217e-17	0	27	27	0
1299.5	1205.45068482393	323.463505198692	2.5890978993217e-17	0	27	27	0
1299.75	1205.70068482393	323.463505198692	2.5890978993217e-17	0	27	27	0
1300	1205.95068482393	323.463505198692	2.5890978993217e-17	0	27	27	0
1300.25	1206.20068482393	323.463505198692	2.5890978993217e-17	0	27	27	0
1300.5	1206.45068482393	323.463505198692	2.5890978993217e-17	0	27	27	0
1300.75	1206.70068482393	323.463505198692	2.5890978993217e-17	0	27	27	0
1301	1206.95068482393	323.463505198692	2.5890978993217e-17	0	27	27	0
1301.25	1207.20068482393	323.463505198692	2.5890978993217e-17	0	27	27	0
1301.5	1207.45068482393	323.463505198692	2.5890978993217e-17	0	27	27	0
1301.75	1207.70068482393	323.463505198692	2.5890978993217e-17	0	27	27	0
1302	1207.95068482393	323.463505198692	2.5890978993217e-17	0	27	27	0
1302.25	1208.20068482393	323.463505198692	2.5890978993217e-17	0	27	27	0
1302.5	1208.45068482393	323.463505198692	2.5890978993217e-17	0	27	27	0
1302.75	1208.70068482393	323.463505198692	2.5890978993217e-17	0	27	27	0
1303	1208.95068482393	323.463505198692	2.5890978993217e-17	0	27	27	0
1303.25	1209.20068482393	323.463505198692	2.5890978993217e-17	0	27	27	0
1303.5	1209.45068482393	323.463505198692	2.5890978993217e-17	0	27	27	0
1303.75	1209.70068482393	323.463505198692	2.5890978993217e-17	0	27	27	0
1304	1209.95068482393	323.463505198692	2.5890978993217e-17	0	27	27	0
1304.25	1210.20068482393	323.463505198692	2.5890978993217e-17	0	27	27	0
1304.5	1210.45068482393	323.463505198692	2.5890978993217e-17	0	27	27	0
1304.75	1210.70068482393	323.463505198692	2.5890978993217e-17	0	27	27	0
1305	1210.95068482393	323.463505198692	2.5890978993217e-17	0	27	27	0
1305.25	1211.20068482393	323.463505198692	2.5890978993217e-17	0	27	27	0
1305.5	1211.45068482393	323.463505198692	2.5890978993217e-17	0	27	27	0
1305.75	1211.70068482393	323.463505198692	2.5890978993217e-17	0	27	27	0
1306	1211.95068482393	323.463505198692	2.5890978993217e-17	0	27	27	0
1306.25	1212.20068482393	323.463505198692	2.5890978993217e-17	0	27	27	0
1306.5	1212.45068482393	323.463505198692	2.5890978993217e-17	0	27	27	0
1306.75	1212.70068482393	323.463505198692	2.5890978993217e-17	0	27	27	0
1307	1212.95068482393	323.463505198692	2.5890978993217e-17	0	27	27	0
1307.25	1213.20068482393	323.463505198692	2.5890978993217e-17	0	27	27	0
1307.5	1213.45068482393	323.463505198692	2.5890978993217e-17	0	27	27	0
1307.75	1213.70068482393	323.463505198692	2.5890978993217e-17	0	27	27	0
1308	1213.95068482393	323.463505198692	2.5890978993217e-17	0	27	27	0
1308.25	1214.20068482393	323.463505198692	2.5890978993217e-17	0	27	27	0
1308.5	1214.45068482393	323.463505198692	2.5890978993217e-17	0	27	27	0
1308.75	1214.70068482393	323.463505198692	2.5890978993217e-17	0	27	27	0
1309	1214.95068482393	323.463505198692	2.5890978993217e-17	0	27	27	0
1309.25	1215.20068482393	323.463505198692	2.5890978993217e-17	0	27	27	0
1309.5	1215.45068482393	323.463505198692	2.5890978993217e-17	0	27	27	0
1309.75	1215.70068482393	323.463505198692	2.5890978993217e-17	0	27	27	0
1310	1215.95068482393	323.463505198692	2.5890978993217e-17	0	27	27	0
1310.25	1216.20068482393	323.463505198692	2.5890978993217e-17	0	27	27	0
1310.5	1216.45068482393	323.463505198692	2.5890978993217e-17	0	27	27	0
1310.75	1216.70068482393	323.463505198692	2.5890978993217e-17	0	27	27	0
1311	1216.95068482393	323.463505198692	2.5890978993217e-17	0	27	27	0
1311.25	1217.20068482393	323.463505198692	2.5890978993217e-17	0	27	27	0
1311.5	1217.45068482393	323.463505198692	2.5890978993217e-17	0	27	27	0
1311.75	1217.70068482393	323.463505198692	2.5890978993217e-17	0	27	27	0
1312	1217.95068482393	323.463505198692	2.5890978993217e-17	0	27	27	0
1312.25	1218.20068482393	323.463505198692	2.5890978993217e-17	0	27	27	0
1312.5	1218.45068482393	323.463505198692	2.5890978993217e-17	0	27	27	0
1312.75	1218.70068482393	323.463505198692	2.5890978993217e-17	0	27	27	0
1313	1218.95068482393	323.463505198692	2.5890978993217e-17	0	27	27	0
1313.25	1219.20068482393	323.463505198692	2.5890978993217e-17	0	27	27	0
1313.5	1219.45068482393	323.463505198692	2.5890978993217e-17	0	27	27	0
1313.75	1219.70068482393	323.463505198692	2.5890978993217e-17	0	27	27	0
1314	1219.95068482393	323.463505198692	2.5890978993217e-17	0	27	27	0
1314.25	1220.20068482393	323.463505198692	2.5890978993217e-17	0	27	27	0
1314.5	1220.45068482393	323.463505198692	2.5890978993217e-17	0	27	27	0
1314.75	1220.70068482393	323.463505198692	2.5890978993217e-17	0	27	27	0
1315	1220.95068482393	323.463505198692	2.5890978993217e-17	0	27	27	0
1315.25	1221.20068482393	323.463505198692	2.5890978993217e-17	0	27	27	0
1315.5	1221.45068482393	323.463505198692	2.5890978993217e-17	0	27	27	0
1315.75	1221.70068482393	323.463505198692	2.5890978993217e-17	0	27	27	0
1316	1221.95068482393	323.463505198692	2.5890978993217e-17	0	27	27	0
1316.25	1222.20068482393	323.463505198692	2.5890978993217e-17	0	27	27	0
1316.5	1222.45068482393	323.463505198692	2.5890978993217e-17	0	27	27	0
1316.75	1222.70068482393	323.463505198692	2.5890978993217e-17	0	27	27	0
1317	1222.95068482393	323.463505198692	2.5890978993217e-17	0	27	27	0
1317.25	1223.20068482393	323.463505198692	2.5890978993217e-17	0	27	27	0
1317.5	1223.45068482393	323.463505198692	2.5890978993217e-17	0	27	27	0
1317.75	1223.70068482393	323.463505198692	2.5890978993217e-17	0	27	27	0
1318	1223.95068482393	323.463505198692	2.5890978993217e-17	0	27	27	0
1318.25	1224.20068482393	323.463505198692	2.5890978993217e-17	0	27	27	0
1318.5	1224.45068482393	323.463505198692	2.5890978993217e-17	0	27	27	0
1318.75	1224.70068482393	323.463505198692	2.5890978993217e-17	0	27	27	0
1319	1224.95068482393	323.463505198692	2.5890978993217e-17	0	27	27	0
1319.25	1225.20068482393	323.463505198692	2.5890978993217e-17	0	27	27	0
1319.5	1225.45068482393	323.463505198692	2.5890978993217e-17	0	27	27	0
1319.75	1225.70068482393	323.463505198692	2.5890978993217e-17	0	27	27	0
1320	1225.95068482393	323.463505198692	2.5890978993217e-17	0	27	27	0
1320.25	1226.20068482393	323.463505198692	2.5890978993217e-17	0	27	27	0
1320.5	1226.45068482393	323.463505198692	2.5890978993217e-17	0	27	27	0
1320.75	1226.70068482393	323.463505198692	2.5890978993217e-17	0	27	27	0
1321	1226.95068482393	323.463505198692	2.5890978993217e-17	0	27	27	0
1321.25	1227.20068482393	323.463505198692	2.5890978993217e-17	0	27	27	0
1321.5	1227.45068482393	323.463505198692	2.5890978993217e-17	0	27	27	0
1321.75	1227.70068482393	323.463505198692	2.5890978993217e-17	0	27	27	0
1322	1227.95068482393	323.463505198692	2.5890978993217e-17	0	27	27	0
1322.25	1228.20068482393	323.463505198692	2.5890978993217e-17	0	27	27	0
1322.5	1228.45068482393	323.463505198692	2.5890978993217e-17	0	27	27	0
1322.75	1228.70068482393	323.463505198692	2.5890978993217e-17	0	27	27	0
1323	1228.95068482393	323.463505198692	2.5890978993217e-17	0	27	27	0
1323.25	1229.20068482393	323.463505198692	2.5890978993217e-17	0	27	27	0
1323.5	1229.45068482393	323.463505198692	2.5890978993217e-17	0	27	27	0
1323.75	1229.70068482393	323.463505198692	2.5890978993217e-17	0	27	27	0
1324	1229.95068482393	323.463505198692	2.5890978993217e-17	0	27	27	0
1324.25	1230.20068482393	323.463505198692	2.5890978993217e-17	0	27	27	0
1324.5	1230.45068482393	323.463505198692	2.5890978993217e-17	0	27	27	0
1324.75	1230.70068482393	323.463505198692	2.5890978993217e-17	0	27	27	0
1325	1230.95068482393	323.463505198692	2.5890978993217e-17	0	27	27	0
1325.25	1231.20068482393	323.463505198692	2.5890978993217e-17	0	27	27	0
1325.5	1231.45068482393	323.463505198692	2.5890978993217e-17	0	27	27	0
1325.75	1231.70068482393	323.463505198692	2.5890978993217e-17	0	27	27	0
1326	1231.95068482393	323.463505198692	2.5890978993217e-17	0	27	27	0
1326.25	1232.20068482393	323.463505198692	2.5890978993217e-17	0	27	27	0
1326.5	1232.45068482393	323.463505198692	2.5890978993217e-17	0	27	27	0
1326.75	1232.70068482393	323.463505198692	2.5890978993217e-17	0	27	27	0
1327	1232.95068482393	323.463505198692	2.5890978993217e-17	0	27	27	0
1327.25	1233.20068482393	323.463505198692	2.5890978993217e-17	0	27	27	0
1327.5	1233.45068482393	323.463505198692	2.5890978993217e-17	0	27	27	0
1327.75	1233.70068482393	323.463505198692	2.5890978993217e-17	0	27	27	0
1328	1233.95068482393	323.463505198692	2.5890978993217e-17	0	27	27	0
1328.25	1234.20068482393	323.463505198692	2.5890978993217e-17	0	27	27	0
1328.5	1234.45068482393	323.463505198692	2.5890978993217e-17	0	27	27	0
1328.75	1234.70068482393	323.463505198692	2.5890978993217e-17	0	27	27	0
1329	1234.95068482393	323.463505198692	2.5890978993217e-17	0	27	27	0
1329.25	1235.20068482393	323.463505198692	2.5890978993217e-17	0	27	27	0
1329.5	1235.45068482393	323.463505198692	2.5890978993217e-17	0	27	27	0
1329.75	1235.70068482393	323.463505198692	2.5890978993217e-17	0	27	27	0
1330	1235.95068482393	323.463505198692	2.5890978993217e-17	0	27	27	0
1330.25	1236.20068482393	323.463505198692	2.5890978993217e-17	0	27	27	0
1330.5	1236.45068482393	323.463505198692	2.5890978993217e-17	0	27	27	0
1330.75	1236.70068482393	323.463505198692	2.5890978993217e-17	0	27	27	0
1331	1236.95068482393	323.463505198692	2.5890978993217e-17	0	27	27	0
1331.25	1237.20068482393	323.463505198692	2.5890978993217e-17	0	27	27	0
1331.5	1237.45068482393	323.463505198692	2.5890978993217e-17	0	27	27	0
1331.75	1237.70068482393	323.463505198692	2.5890978993217e-17	0	27	27	0
1332	1237.95068482393	323.463505198692	2.5890978993217e-17	0	27	27	0
1332.25	1238.20068482393	323.463505198692	2.5890978993217e-17	0	27	27	0
1332.5	1238.45068482393	323.463505198692	2.5890978993217e-17	0	27	27	0
1332.75	1238.70068482393	323.463505198692	2.5890978993217e-17	0	27	27	0
1333	1238.95068482393	323.463505198692	2.5890978993217e-17	0	27	27	0
1333.25	1239.20068482393	323.463505198692	2.5890978993217e-17	0	27	27	0
1333.5	1239.45068482393	323.463505198692	2.5890978993217e-17	0	27	27	0
1333.75	1239.70068482393	323.463505198692	2.5890978993217e-17	0	27	27	0
1334	1239.95068482393	323.463505198692	2.5890978993217e-17	0	27	27	0
1334.25	1240.20068482393	323.463505198692	2.5890978993217e-17	0	27	27	0
1334.5	1240.45068482393	323.463505198692	2.5890978993217e-17	0	27	27	0
1334.75	1240.70068482393	323.463505198692	2.5890978993217e-17	0	27	27	0
1335	1240.95068482393	323.463505198692	2.5890978993217e-17	0	27	27	0
1335.25	1241.20068482393	323.463505198692	2.5890978993217e-17	0	27	27	0
1335.5	1241.45068482393	323.463505198692	2.5890978993217e-17	0	27	27	0
1335.75	1241.70068482393	323.463505198692	2.5890978993217e-17	0	27	27	0
1336	1241.95068482393	323.463505198692	2.5890978993217e-17	0	27	27	0
1336.25	1242.20068482393	323.463505198692	2.5890978993217e-17	0	27	27	0
1336.5	1242.45068482393	323.463505198692	2.5890978993217e-17	0	27	27	0
1336.75	1242.70068482393	323.463505198692	2.5890978993217e-17	0	27	27	0
1337	1242.95068482393	323.463505198692	2.5890978993217e-17	0	27	27	0
1337.25	1243.20068482393	323.463505198692	2.5890978993217e-17	0	27	27	0
1337.5	1243.45068482393	323.463505198692	2.5890978993217e-17	0	27	27	0
1337.75	1243.70068482393	323.463505198692	2.5890978993217e-17	0	27	27	0
1338	1243.95068482393	323.463505198692	2.5890978993217e-17	0	27	27	0
1338.25	1244.20068482393	323.463505198692	2.5890978993217e-17	0	27	27	0
1338.5	1244.45068482393	323.463505198692	2.5890978993217e-17	0	27	27	0
1338.75	1244.70068482393	323.463505198692	2.5890978993217e-17	0	27	27	0
1339	1244.95068482393	323.463505198692	2.5890978993217e-17	0	27	27	0
1339.25	1245.20068482393	323.463505198692	2.5890978993217e-17	0	27	27	0
1339.5	1245.45068482393	323.463505198692	2.5890978993217e-17	0	27	27	0
1339.75	1245.70068482393	323.463505198692	2.5890978993217e-17	0	27	27	0
1340	1245.95068482393	323.463505198692	2.5890978993217e-17	0	27	27	0
1340.25	1246.20068482393	323.463505198692	2.5890978993217e-17	0	27	27	0
1340.5	1246.45068482393	323.463505198692	2.5890978993217e-17	0	27	27	0
1340.75	1246.70068482393	323.463505198692	2.5890978993217e-17	0	27	27	0
1341	1246.95068482393	323.463505198692	2.5890978993217e-17	0	27	27	0
1341.25	1247.20068482393	323.463505198692	2.5890978993217e-17	0	27	27	0
1341.5	1247.45068482393	323.463505198692	2.5890978993217e-17	0	27	27	0
1341.75	1247.70068482393	323.463505198692	2.5890978993217e-17	0	27	27	0
1342	1247.95068482393	323.463505198692	2.5890978993217e-17	0	27	27	0
1342.25	1248.20068482393	323.463505198692	2.5890978993217e-17	0	27	27	0
1342.5	1248.45068482393	323.463505198692	2.5890978993217e-17	0	27	27	0
1342.75	1248.70068482393	323.463505198692	2.5890978993217e-17	0	27	27	0
1343	1248.95068482393	323.463505198692	2.5890978993217e-17	0	27	27	0
1343.25	1249.20068482393	323.463505198692	2.5890978993217e-17	0	27	27	0
1343.5	1249.45068482393	323.463505198692	2.5890978993217e-17	0	27	27	0
1343.75	1249.70068482393	323.463505198692	2.5890978993217e-17	0	27	27	0
1344	1249.95068482393	323.463505198692	2.5890978993217e-17	0	27	27	0
1344.25	1250.20068482393	323.463505198692	2.5890978993217e-17	0	27	27	0
1344.5	1250.45068482393	323.463505198692	2.5890978993217e-17	0	27	27	0
1344.75	1250.70068482393	323.463505198692	2.5890978993217e-17	0	27	27	0
1345	1250.95068482393	323.463505198692	2.5890978993217e-17	0	27	27	0
1345.25	1251.20068482393	323.463505198692	2.5890978993217e-17	0	27	27	0
1345.5	1251.45068482393	323.463505198692	2.5890978993217e-17	0	27	27	0
1345.75	1251.70068482393	323.463505198692	2.5890978993217e-17	0	27	27	0
1346	1251.95068482393	323.463505198692	2.5890978993217e-17	0	27	27	0
1346.25	1252.20068482393	323.463505198692	2.5890978993217e-17	0	27	27	0
1346.5	1252.45068482393	323.463505198692	2.5890978993217e-17	0	27	27	0
1346.75	1252.70068482393	323.463505198692	2.5890978993217e-17	0	27	27	0
1347	1252.95068482393	323.463505198692	2.5890978993217e-17	0	27	27	0
1347.25	1253.20068482393	323.463505198692	2.5890978993217e-17	0	27	27	0
1347.5	1253.45068482393	323.463505198692	2.5890978993217e-17	0	27	27	0
1347.75	1253.70068482393	323.463505198692	2.5890978993217e-17	0	27	27	0
1348	1253.95068482393	323.463505198692	2.5890978993217e-17	0	27	27	0
1348.25	1254.20068482393	323.463505198692	2.5890978993217e-17	0	27	27	0
1348.5	1254.45068482393	323.463505198692	2.5890978993217e-17	0	27	27	0
1348.75	1254.70068482393	323.463505198692	2.5890978993217e-17	0	27	27	0
1349	1254.95068482393	323.463505198692	2.5890978993217e-17	0	27	27	0
1349.25	1255.20068482393	323.463505198692	2.5890978993217e-17	0	27	27	0
1349.5	1255.45068482393	323.463505198692	2.5890978993217e-17	0	27	27	0
1349.75	1255.70068482393	323.463505198692	2.5890978993217e-17	0	27	27	0
1350	1255.95068482393	323.463505198692	2.5890978993217e-17	0	27	27	0
1350.25	1256.20068482393	323.463505198692	2.5890978993217e-17	0	27	27	0
1350.5	1256.45068482393	323.463505198692	2.5890978993217e-17	0	27	27	0
1350.75	1256.70068482393	323.463505198692	2.5890978993217e-17	0	27	27	0
1351	1256.95068482393	323.463505198692	2.5890978993217e-17	0	27	27	0
1351.25	1257.20068482393	323.463505198692	2.5890978993217e-17	0	27	27	0
1351.5	1257.45068482393	323.463505198692	2.5890978993217e-17	0	27	27	0
1351.75	1257.70068482393	323.463505198692	2.5890978993217e-17	0	27	27	0
1352	1257.95068482393	323.463505198692	2.5890978993217e-17	0	27	27	0
1352.25	1258.20068482393	323.463505198692	2.5890978993217e-17	0	27	27	0
1352.5	1258.45068482393	323.463505198692	2.5890978993217e-17	0	27	27	0
1352.75	1258.70068482393	323.463505198692	2.5890978993217e-17	0	27	27	0
1353	1258.95068482393	323.463505198692	2.5890978993217e-17	0	27	27	0
1353.25	1259.20068482393	323.463505198692	2.5890978993217e-17	0	27	27	0
1353.5	1259.45068482393	323.463505198692	2.5890978993217e-17	0	27	27	0
1353.75	1259.70068482393	323.463505198692	2.5890978993217e-17	0	27	27	0
1354	1259.95068482393	323.463505198692	2.5890978993217e-17	0	27	27	0
1354.25	1260.20068482393	323.463505198692	2.5890978993217e-17	0	27	27	0
1354.5	1260.45068482393	323.463505198692	2.5890978993217e-17	0	27	27	0
1354.75	1260.70068482393	323.463505198692	2.5890978993217e-17	0	27	27	0
1355	1260.95068482393	323.463505198692	2.5890978993217e-17	0	27	27	0
1355.25	1261.20068482393	323.463505198692	2.5890978993217e-17	0	27	27	0
1355.5	1261.45068482393	323.463505198692	2.5890978993217e-17	0	27	27	0
1355.75	1261.70068482393	323.463505198692	2.5890978993217e-17	0	27	27	0
1356	1261.95068482393	323.463505198692	2.5890978993217e-17	0	27	27	0
1356.25	1262.20068482393	323.463505198692	2.5890978993217e-17	0	27	27	0
1356.5	1262.45068482393	323.463505198692	2.5890978993217e-17	0	27	27	0
1356.75	1262.70068482393	323.463505198692	2.5890978993217e-17	0	27	27	0
1357	1262.95068482393	323.463505198692	2.5890978993217e-17	0	27	27	0
1357.25	1263.20068482393	323.463505198692	2.5890978993217e-17	0	27	27	0
1357.5	1263.45068482393	323.463505198692	2.5890978993217e-17	0	27	27	0
1357.75	1263.70068482393	323.463505198692	2.5890978993217e-17	0	27	27	0
1358	1263.95068482393	323.463505198692	2.5890978993217e-17	0	27	27	0
1358.25	1264.20068482393	323.463505198692	2.5890978993217e-17	0	27	27	0
1358.5	1264.45068482393	323.463505198692	2.5890978993217e-17	0	27	27	0
1358.75	1264.70068482393	323.463505198692	2.5890978993217e-17	0	27	27	0
1359	1264.95068482393	323.463505198692	2.5890978993217e-17	0	27	27	0
1359.25	1265.20068482393	323.463505198692	2.5890978993217e-17	0	27	27	0
1359.5	1265.45068482393	323.463505198692	2.5890978993217e-17	0	27	27	0
1359.75	1265.70068482393	323.463505198692	2.5890978993217e-17	0	27	27	0
1360	1265.95068482393	323.463505198692	2.5890978993217e-17	0	27	27	0
1360.25	1266.20068482393	323.463505198692	2.5890978993217e-17	0	27	27	0
1360.5	1266.45068482393	323.463505198692	2.5890978993217e-17	0	27	27	0
1360.75	1266.70068482393	323.463505198692	2.5890978993217e-17	0	27	27	0
1361	1266.95068482393	323.463505198692	2.5890978993217e-17	0	27	27	0
1361.25	1267.20068482393	323.463505198692	2.5890978993217e-17	0	27	27	0
1361.5	1267.45068482393	323.463505198692	2.5890978993217e-17	0	27	27	0
1361.75	1267.70068482393	323.463505198692	2.5890978993217e-17	0	27	27	0
1362	1267.95068482393	323.463505198692	2.5890978993217e-17	0	27	27	0
1362.25	1268.20068482393	323.463505198692	2.5890978993217e-17	0	27	27	0
1362.5	1268.45068482393	323.463505198692	2.5890978993217e-17	0	27	27	0
1362.75	1268.70068482393	323.463505198692	2.5890978993217e-17	0	27	27	0
1363	1268.95068482393	323.463505198692	2.5890978993217e-17	0	27	27	0
1363.25	1269.20068482393	323.463505198692	2.5890978993217e-17	0	27	27	0
1363.5	1269.45068482393	323.463505198692	2.5890978993217e-17	0	27	27	0
1363.75	1269.70068482393	323.463505198692	2.5890978993217e-17	0	27	27	0
1364	1269.95068482393	323.463505198692	2.5890978993217e-17	0	27	27	0
1364.25	1270.20068482393	323.463505198692	2.5890978993217e-17	0	27	27	0
1364.5	1270.45068482393	323.463505198692	2.5890978993217e-17	0	27	27	0
1364.75	1270.70068482393	323.463505198692	2.5890978993217e-17	0	27	27	0
1365	1270.95068482393	323.463505198692	2.5890978993217e-17	0	27	27	0
1365.25	1271.20068482393	323.463505198692	2.5890978993217e-17	0	27	27	0
1365.5	1271.45068482393	323.463505198692	2.5890978993217e-17	0	27	27	0
1365.75	1271.70068482393	323.463505198692	2.5890978993217e-17	0	27	27	0
1366	1271.95068482393	323.463505198692	2.5890978993217e-17	0	27	27	0
1366.25	1272.20068482393	323.463505198692	2.5890978993217e-17	0	27	27	0
1366.5	1272.45068482393	323.463505198692	2.5890978993217e-17	0	27	27	0
1366.75	1272.70068482393	323.463505198692	2.5890978993217e-17	0	27	27	0
1367	1272.95068482393	323.463505198692	2.5890978993217e-17	0	27	27	0
1367.25	1273.20068482393	323.463505198692	2.5890978993217e-17	0	27	27	0
1367.5	1273.45068482393	323.463505198692	2.5890978993217e-17	0	27	27	0
1367.75	1273.70068482393	323.463505198692	2.5890978993217e-17	0	27	27	0
1368	1273.95068482393	323.463505198692	2.5890978993217e-17	0	27	27	0
1368.25	1274.20068482393	323.463505198692	2.5890978993217e-17	0	27	27	0
1368.5	1274.45068482393	323.463505198692	2.5890978993217e-17	0	27	27	0
1368.75	1274.70068482393	323.463505198692	2.5890978993217e-17	0	27	27	0
1369	1274.95068482393	323.463505198692	2.5890978993217e-17	0	27	27	0
1369.25	1275.20068482393	323.463505198692	2.5890978993217e-17	0	27	27	0
1369.5	1275.45068482393	323.463505198692	2.5890978993217e-17	0	27	27	0
1369.75	1275.70068482393	323.463505198692	2.5890978993217e-17	0	27	27	0
1370	1275.95068482393	323.463505198692	2.5890978993217e-17	0	27	27	0
1370.25	1276.20068482393	323.463505198692	2.5890978993217e-17	0	27	27	0
1370.5	1276.45068482393	323.463505198692	2.5890978993217e-17	0	27	27	0
1370.75	1276.70068482393	323.463505198692	2.5890978993217e-17	0	27	27	0
1371	1276.95068482393	323.463505198692	2.5890978993217e-17	0	27	27	0
1371.25	1277.20068482393	323.463505198692	2.5890978993217e-17	0	27	27	0
1371.5	1277.45068482393	323.463505198692	2.5890978993217e-17	0	27	27	0
1371.75	1277.70068482393	323.463505198692	2.5890978993217e-17	0	27	27	0
1372	1277.95068482393	323.463505198692	2.5890978993217e-17	0	27	27	0
1372.25	1278.20068482393	323.463505198692	2.5890978993217e-17	0	27	27	0
1372.5	1278.45068482393	323.463505198692	2.5890978993217e-17	0	27	27	0
1372.75	1278.70068482393	323.463505198692	2.5890978993217e-17	0	27	27	0
1373	1278.95068482393	323.463505198692	2.5890978993217e-17	0	27	27	0
1373.25	1279.20068482393	323.463505198692	2.5890978993217e-17	0	27	27	0
1373.5	1279.45068482393	323.463505198692	2.5890978993217e-17	0	27	27	0
1373.75	1279.70068482393	323.463505198692	2.5890978993217e-17	0	27	27	0
1374	1279.95068482393	323.463505198692	2.5890978993217e-17	0	27	27	0
1374.25	1280.20068482393	323.463505198692	2.5890978993217e-17	0	27	27	0
1374.5	1280.45068482393	323.463505198692	2.5890978993217e-17	0	27	27	0
1374.75	1280.70068482393	323.463505198692	2.5890978993217e-17	0	27	27	0
1375	1280.95068482393	323.463505198692	2.5890978993217e-17	0	27	27	0
1375.25	1281.20068482393	323.463505198692	2.5890978993217e-17	0	27	27	0
1375.5	1281.45068482393	323.463505198692	2.5890978993217e-17	0	27	27	0
1375.75	1281.70068482393	323.463505198692	2.5890978993217e-17	0	27	27	0
1376	1281.95068482393	323.463505198692	2.5890978993217e-17	0	27	27	0
1376.25	1282.20068482393	323.463505198692	2.5890978993217e-17	0	27	27	0
1376.5	1282.45068482393	323.463505198692	2.5890978993217e-17	0	27	27	0
1376.75	1282.70068482393	323.463505198692	2.5890978993217e-17	0	27	27	0
1377	1282.95068482393	323.463505198692	2.5890978993217e-17	0	27	27	0
1377.25	1283.20068482393	323.463505198692	2.5890978993217e-17	0	27	27	0
1377.5	1283.45068482393	323.463505198692	2.5890978993217e-17	0	27	27	0
1377.75	1283.70068482393	323.463505198692	2.5890978993217e-17	0	27	27	0
1378	1283.95068482393	323.463505198692	2.5890978993217e-17	0	27	27	0
1378.25	1284.20068482393	323.463505198692	2.5890978993217e-17	0	27	27	0
1378.5	1284.45068482393	323.463505198692	2.5890978993217e-17	0	27	27	0
1378.75	1284.70068482393	323.463505198692	2.5890978993217e-17	0	27	27	0
1379	1284.95068482393	323.463505198692	2.5890978993217e-17	0	27	27	0
1379.25	1285.20068482393	323.463505198692	2.5890978993217e-17	0	27	27	0
1379.5	1285.45068482393	323.463505198692	2.5890978993217e-17	0	27	27	0
1379.75	1285.70068482393	323.463505198692	2.5890978993217e-17	0	27	27	0
1380	1285.95068482393	323.463505198692	2.5890978993217e-17	0	27	27	0
1380.25	1286.20068482393	323.463505198692	2.5890978993217e-17	0	27	27	0
1380.5	1286.45068482393	323.463505198692	2.5890978993217e-17	0	27	27	0
1380.75	1286.70068482393	323.463505198692	2.5890978993217e-17	0	27	27	0
1381	1286.95068482393	323.463505198692	2.5890978993217e-17	0	27	27	0
1381.25	1287.20068482393	323.463505198692	2.5890978993217e-17	0	27	27	0
1381.5	1287.45068482393	323.463505198692	2.5890978993217e-17	0	27	27	0
1381.75	1287.70068482393	323.463505198692	2.5890978993217e-17	0	27	27	0
1382	1287.95068482393	323.463505198692	2.5890978993217e-17	0	27	27	0
1382.25	1288.20068482393	323.463505198692	2.5890978993217e-17	0	27	27	0
1382.5	1288.45068482393	323.463505198692	2.5890978993217e-17	0	27	27	0
1382.75	1288.70068482393	323.463505198692	2.5890978993217e-17	0	27	27	0
1383	1288.95068482393	323.463505198692	2.5890978993217e-17	0	27	27	0
1383.25	1289.20068482393	323.463505198692	2.5890978993217e-17	0	27	27	0
1383.5	1289.45068482393	323.463505198692	2.5890978993217e-17	0	27	27	0
1383.75	1289.70068482393	323.463505198692	2.5890978993217e-17	0	27	27	0
1384	1289.95068482393	323.463505198692	2.5890978993217e-17	0	27	27	0
1384.25	1290.20068482393	323.463505198692	2.5890978993217e-17	0	27	27	0
1384.5	1290.45068482393	323.463505198692	2.5890978993217e-17	0	27	27	0
1384.75	1290.70068482393	323.463505198692	2.5890978993217e-17	0	27	27	0
1385	1290.95068482393	323.463505198692	2.5890978993217e-17	0	27	27	0
1385.25	1291.20068482393	323.463505198692	2.5890978993217e-17	0	27	27	0
1385.5	1291.45068482393	323.463505198692	2.5890978993217e-17	0	27	27	0
1385.75	1291.70068482393	323.463505198692	2.5890978993217e-17	0	27	27	0
1386	1291.95068482393	323.463505198692	2.5890978993217e-17	0	27	27	0
1386.25	1292.20068482393	323.463505198692	2.5890978993217e-17	0	27	27	0
1386.5	1292.45068482393	323.463505198692	2.5890978993217e-17	0	27	27	0
1386.75	1292.70068482393	323.463505198692	2.5890978993217e-17	0	27	27	0
1387	1292.95068482393	323.463505198692	2.5890978993217e-17	0	27	27	0
1387.25	1293.20068482393	323.463505198692	2.5890978993217e-17	0	27	27	0
1387.5	1293.45068482393	323.463505198692	2.5890978993217e-17	0	27	27	0
1387.75	1293.70068482393	323.463505198692	2.5890978993217e-17	0	27	27	0
1388	1293.95068482393	323.463505198692	2.5890978993217e-17	0	27	27	0
1388.25	1294.20068482393	323.463505198692	2.5890978993217e-17	0	27	27	0
1388.5	1294.45068482393	323.463505198692	2.5890978993217e-17	0	27	27	0
1388.75	1294.70068482393	323.463505198692	2.5890978993217e-17	0	27	27	0
1389	1294.95068482393	323.463505198692	2.5890978993217e-17	0	27	27	0
1389.25	1295.20068482393	323.463505198692	2.5890978993217e-17	0	27	27	0
1389.5	1295.45068482393	323.463505198692	2.5890978993217e-17	0	27	27	0
1389.75	1295.70068482393	323.463505198692	2.5890978993217e-17	0	27	27	0
1390	1295.95068482393	323.463505198692	2.5890978993217e-17	0	27	27	0
1390.25	1296.20068482393	323.463505198692	2.5890978993217e-17	0	27	27	0
1390.5	1296.45068482393	323.463505198692	2.5890978993217e-17	0	27	27	0
1390.75	1296.70068482393	323.463505198692	2.5890978993217e-17	0	27	27	0
1391	1296.95068482393	323.463505198692	2.5890978993217e-17	0	27	27	0
1391.25	1297.20068482393	323.463505198692	2.5890978993217e-17	0	27	27	0
1391.5	1297.45068482393	323.463505198692	2.5890978993217e-17	0	27	27	0
1391.75	1297.70068482393	323.463505198692	2.5890978993217e-17	0	27	27	0
1392	1297.95068482393	323.463505198692	2.5890978993217e-17	0	27	27	0
1392.25	1298.20068482393	323.463505198692	2.5890978993217e-17	0	27	27	0
1392.5	1298.45068482393	323.463505198692	2.5890978993217e-17	0	27	27	0
1392.75	1298.70068482393	323.463505198692	2.5890978993217e-17	0	27	27	0
1393	1298.95068482393	323.463505198692	2.5890978993217e-17	0	27	27	0
1393.25	1299.20068482393	323.463505198692	2.5890978993217e-17	0	27	27	0
1393.5	1299.45068482393	323.463505198692	2.5890978993217e-17	0	27	27	0
1393.75	1299.70068482393	323.463505198692	2.5890978993217e-17	0	27	27	0
1394	1299.95068482393	323.463505198692	2.5890978993217e-17	0	27	27	0
1394.25	1300.20068482393	323.463505198692	2.5890978993217e-17	0	27	27	0
1394.5	1300.45068482393	323.463505198692	2.5890978993217e-17	0	27	27	0
1394.75	1300.70068482393	323.463505198692	2.5890978993217e-17	0	27	27	0
1395	1300.95068482393	323.463505198692	2.5890978993217e-17	0	27	27	0
1395.25	1301.20068482393	323.463505198692	2.5890978993217e-17	0	27	27	0
1395.5	1301.45068482393	323.463505198692	2.5890978993217e-17	0	27	27	0
1395.75	1301.70068482393	323.463505198692	2.5890978993217e-17	0	27	27	0
1396	1301.95068482393	323.463505198692	2.5890978993217e-17	0	27	27	0
1396.25	1302.20068482393	323.463505198692	2.5890978993217e-17	0	27	27	0
1396.5	1302.45068482393	323.463505198692	2.5890978993217e-17	0	27	27	0
1396.75	1302.70068482393	323.463505198692	2.5890978993217e-17	0	27	27	0
1397	1302.95068482393	323.463505198692	2.5890978993217e-17	0	27	27	0
1397.25	1303.20068482393	323.463505198692	2.5890978993217e-17	0	27	27	0
1397.5	1303.45068482393	323.463505198692	2.5890978993217e-17	0	27	27	0
1397.75	1303.70068482393	323.463505198692	2.5890978993217e-17	0	27	27	0
1398	1303.95068482393	323.463505198692	2.5890978993217e-17	0	27	27	0
1398.25	1304.20068482393	323.463505198692	2.5890978993217e-17	0	27	27	0
1398.5	1304.45068482393	323.463505198692	2.5890978993217e-17	0	27	27	0
1398.75	1304.70068482393	323.463505198692	2.5890978993217e-17	0	27	27	0
1399	1304.95068482393	323.463505198692	2.5890978993217e-17	0	27	27	0
1399.25	1305.20068482393	323.463505198692	2.5890978993217e-17	0	27	27	0
1399.5	1305.45068482393	323.463505198692	2.5890978993217e-17	0	27	27	0
1399.75	1305.70068482393	323.463505198692	2.5890978993217e-17	0	27	27	0
1400	1305.95068482393	323.463505198692	2.5890978993217e-17	0	27	27	0
