station_m	X_ref_m	Y_ref_m	psi_ref_rad	curvature_1pm	local_speed_limit_mps	vx_ref_mps	yaw_rate_ref_radps
0	0	0	0	0	15	5	0
0.25	0.25	0	0	0	15	5.0146262282301	0
0.5	0.5	0	0	0	15	5.02920790301867	0
0.75	0.75	0	0	0	15	5.04374541106173	0
1	1	0	0	0	15	5.058239133446	0
1.25	1.25	0	0	0	15	5.07268944576238	0
1.5	1.5	0	0	0	15	5.0870967182164	0
1.75	1.75	0	0	0	15	5.10146131573587	0
2	2	0	0	0	15	5.11578359807575	0
2.25	2.25	0	0	0	15	5.13006391992043	0
2.5	2.5	0	0	0	15	5.14430263098329	0
2.75	2.75	0	0	0	15	5.1585000761039	0
3	3	0	0	0	15	5.1726565953427	0
3.25	3.25	0	0	0	15	5.18677252407337	0
3.5	3.5	0	0	0	15	5.20084819307287	0
3.75	3.75	0	0	0	15	5.21488392860934	0
4	4	0	0	0	15	5.22888005252775	0
4.25	4.25	0	0	0	15	5.24283688233357	0
4.5	4.5	0	0	0	15	5.25675473127437	0
4.75	4.75	0	0	0	15	5.27063390841944	0
5	5	0	0	0	15	5.2844747187375	0
5.25	5.25	0	0	0	15	5.29827746317262	0
5.5	5.5	0	0	0	15	5.31204243871832	0
5.75	5.75	0	0	0	15	5.32576993848983	0
6	6	0	0	0	15	5.33946025179481	0
6.25	6.25	0	0	0	15	5.35311366420233	0
6.5	6.5	0	0	0	15	5.36673045761023	0
6.75	6.75	0	0	0	15	5.38031091031102	0
7	7	0	0	0	15	5.39385529705617	0
7.25	7.25	0	0	0	15	5.40736388911898	0
7.5	7.5	0	0	0	15	5.42083695435602	0
7.75	7.75	0	0	0	15	5.43427475726719	0
8	8	0	0	0	15	5.44767755905436	0
8.25	8.25	0	0	0	15	5.46104561767883	0
8.5	8.5	0	0	0	15	5.47437918791736	0
8.75	8.75	0	0	0	15	5.48767852141707	0
9	9	0	0	0	15	5.50094386674908	0
9.25	9.25	0	0	0	15	5.51417546946099	0
9.5	9.5	0	0	0	15	5.52737357212818	0
9.75	9.75	0	0	0	15	5.54053841440405	0
10	10	0	0	0	15	5.55367023306913	0
10.25	10.25	0	0	0	15	5.56676926207916	0
10.5	10.5	0	0	0	15	5.57983573261211	0
10.75	10.75	0	0	0	15	5.59286987311423	0
11	11	0	0	0	15	5.6058719093451	0
11.25	11.25	0	0	0	15	5.61884206442174	0
11.5	11.5	0	0	0	15	5.63178055886179	0
11.75	11.75	0	0	0	15	5.64468761062578	0
12	12	0	0	0	15	5.65756343515854	0
12.25	12.25	0	0	0	15	5.67040824542972	0
12.5	12.5	0	0	0	15	5.68322225197351	0
12.75	12.75	0	0	0	15	5.6960056629275	0
13	13	0	0	0	15	5.70875868407079	0
13.25	13.25	0	0	0	15	5.72148151886132	0
13.5	13.5	0	0	0	15	5.73417436847238	0
13.75	13.75	0	0	0	15	5.74683743182848	0
14	14	0	0	0	15	5.75947090564042	0
14.25	14.25	0	0	0	15	5.77207498443972	0
14.5	14.5	0	0	0	15	5.78464986061231	0
14.75	14.75	0	0	0	15	5.79719572443159	0
15	15	0	0	0	15	5.80971276409081	0
15.25	15.25	0	0	0	15	5.82220116573488	0
15.5	15.5	0	0	0	15	5.83466111349143	0
15.75	15.75	0	0	0	15	5.8470927895014	0
16	16	0	0	0	15	5.85949637394897	0
16.25	16.25	0	0	0	15	5.87187204509091	0
16.5	16.5	0	0	0	15	5.88421997928537	0
16.75	16.75	0	0	0	15	5.89654035102015	0
17	17	0	0	0	15	5.90883333294041	0
17.25	17.25	0	0	0	15	5.92109909587582	0
17.5	17.5	0	0	0	15	5.93333780886725	0
17.75	17.75	0	0	0	15	5.94554963919294	0
18	18	0	0	0	15	5.95773475239418	0
18.25	18.25	0	0	0	15	5.96989331230048	0
18.5	18.5	0	0	0	15	5.98202548105433	0
18.75	18.75	0	0	0	15	5.99413141913545	0
19	19	0	0	0	15	6.00621128538463	0
19.25	19.25	0	0	0	15	6.01826523702709	0
19.5	19.5	0	0	0	15	6.03029342969547	0
19.75	19.75	0	0	0	15	6.04229601745236	0
20	20	0	0	0	15	6.05427315281243	0
20.25	20.25	0	0	0	15	6.06622498676414	0
20.5	20.5	0	0	0	15	6.07815166879112	0
20.75	20.75	0	0	0	15	6.0900533468931	0
21	21	0	0	0	15	6.10193016760653	0
21.25	21.25	0	0	0	15	6.11378227602473	0
21.5	21.5	0	0	0	15	6.12560981581784	0
21.75	21.75	0	0	0	15	6.13741292925224	0
22	22	0	0	0	15	6.14919175720981	0
22.25	22.25	0	0	0	15	6.16094643920668	0
22.5	22.5	0	0	0	15	6.17267711341177	0
22.75	22.75	0	0	0	15	6.18438391666499	0
23	23	0	0	0	15	6.19606698449508	0
23.25	23.25	0	0	0	15	6.20772645113717	0
23.5	23.5	0	0	0	15	6.21936244955005	0
23.75	23.75	0	0	0	15	6.23097511143315	0
24	24	0	0	0	15	6.24256456724317	0
24.25	24.25	0	0	0	15	6.25413094621052	0
24.5	24.5	0	0	0	15	6.2656743763554	0
24.75	24.75	0	0	0	15	6.27719498450365	0
25	25	0	0	0	15	6.28869289630234	0
25.25	25.25	0	0	0	15	6.30016823623508	0
25.5	25.5	0	0	0	15	6.31162112763708	0
25.75	25.75	0	0	0	15	6.32305169270996	0
26	26	0	0	0	15	6.33446005253633	0
26.25	26.25	0	0	0	15	6.34584632709408	0
26.5	26.5	0	0	0	15	6.35721063527052	0
26.75	26.75	0	0	0	15	6.36855309487622	0
27	27	0	0	0	15	6.37987382265863	0
27.25	27.25	0	0	0	15	6.39117293431553	0
27.5	27.5	0	0	0	15	6.40245054450817	0
27.75	27.75	0	0	0	15	6.41370676687432	0
28	28	0	0	0	15	6.42494171404101	0
28.25	28.25	0	0	0	15	6.43615549763709	0
28.5	28.5	0	0	0	15	6.44734822830565	0
28.75	28.75	0	0	0	15	6.45852001571614	0
29	29	0	0	0	15	6.46967096857636	0
29.25	29.25	0	0	0	15	6.48080119464429	0
29.5	29.5	0	0	0	15	6.49191080073967	0
29.75	29.75	0	0	0	15	6.50299989275542	0
30	30	0	0	0	15	6.5140685756689	0
30.25	30.25	0	0	0	15	6.52511695355296	0
30.5	30.5	0	0	0	15	6.53614512958688	0
30.75	30.75	0	0	0	15	6.54715320606708	0
31	31	0	0	0	15	6.55814128441765	0
31.25	31.25	0	0	0	15	6.56910946520082	0
31.5	31.5	0	0	0	15	6.58005784812718	0
31.75	31.75	0	0	0	15	6.59098653206573	0
32	32	0	0	0	15	6.60189561505387	0
32.25	32.25	0	0	0	15	6.61278519430716	0
32.5	32.5	0	0	0	15	6.62365536622897	0
32.75	32.75	0	0	0	15	6.63450622641995	0
33	33	0	0	0	15	6.64533786968739	0
33.25	33.25	0	0	0	15	6.65615039005446	0
33.5	33.5	0	0	0	15	6.66694388076922	0
33.75	33.75	0	0	0	15	6.67771843431364	0
34	34	0	0	0	15	6.68847414241232	0
34.25	34.25	0	0	0	15	6.69921109604125	0
34.5	34.5	0	0	0	15	6.7099293854363	0
34.75	34.75	0	0	0	15	6.72062910010165	0
35	35	0	0	0	15	6.73131032881814	0
35.25	35.25	0	0	0	15	6.74197315965138	0
35.5	35.5	0	0	0	15	6.75261767995987	0
35.75	35.75	0	0	0	15	6.76324397640291	0
36	36	0	0	0	15	6.77385213494845	0
36.25	36.25	0	0	0	15	6.78444224088079	0
36.5	36.5	0	0	0	15	6.79501437880822	0
36.75	36.75	0	0	0	15	6.80556863267046	0
37	37	0	0	0	15	6.81610508574613	0
37.25	37.25	0	0	0	15	6.82662382065996	0
37.5	37.5	0	0	0	15	6.83712491939004	0
37.75	37.75	0	0	0	15	6.84760846327486	0
38	38	0	0	0	15	6.85807453302032	0
38.25	38.25	0	0	0	15	6.86852320870657	0
38.5	38.5	0	0	0	15	6.87895456979488	0
38.75	38.75	0	0	0	15	6.88936869513425	0
39	39	0	0	0	15	6.89976566296808	0
39.25	39.25	0	0	0	15	6.91014555094063	0
39.5	39.5	0	0	0	15	6.92050843610346	0
39.75	39.75	0	0	0	15	6.93085439492179	0
40	40	0	0	0	15	6.9411835032807	0
40.25	40.25	0	0	0	15	6.95149583649131	0
40.5	40.5	0	0	0	15	6.96179146929687	0
40.75	40.75	0	0	0	15	6.97207047587875	0
41	41	0	0	0	15	6.98233292986232	0
41.25	41.25	0	0	0	15	6.99257890432283	0
41.5	41.5	0	0	0	15	7.00280847179113	0
41.75	41.75	0	0	0	15	7.01302170425937	0
42	42	0	0	0	15	7.02321867318659	0
42.25	42.25	0	0	0	15	7.03339944950424	0
42.5	42.5	0	0	0	15	7.04356410362166	0
42.75	42.75	0	0	0	15	7.05371270543142	0
43	43	0	0	0	15	7.06384532431466	0
43.25	43.25	0	0	0	15	7.07396202914634	0
43.5	43.5	0	0	0	15	7.08406288830038	0
43.75	43.75	0	0	0	15	7.09414796965476	0
44	44	0	0	0	15	7.10421734059659	0
44.25	44.25	0	0	0	15	7.11427106802706	0
44.5	44.5	0	0	0	15	7.12430921836636	0
44.75	44.75	0	0	0	15	7.13433185755849	0
45	45	0	0	0	15	7.14433905107607	0
45.25	45.25	0	0	0	15	7.15433086392506	0
45.5	45.5	0	0	0	15	7.16430736064939	0
45.75	45.75	0	0	0	15	7.17426860533559	0
46	46	0	0	0	15	7.18421466161731	0
46.25	46.25	0	0	0	15	7.19414559267981	0
46.5	46.5	0	0	0	15	7.20406146126437	0
46.75	46.75	0	0	0	15	7.21396232967268	0
47	47	0	0	0	15	7.22384825977116	0
47.25	47.25	0	0	0	15	7.23371931299517	0
47.5	47.5	0	0	0	15	7.24357555035326	0
47.75	47.75	0	0	0	15	7.25341703243134	0
48	48	0	0	0	15	7.2632438193967	0
48.25	48.25	0	0	0	15	7.27305597100216	0
48.5	48.5	0	0	0	15	7.28285354659	0
48.75	48.75	0	0	0	15	7.29263660509594	0
49	49	0	0	0	15	7.30240520505302	0
49.25	49.25	0	0	0	15	7.3121594045955	0
49.5	49.5	0	0	0	15	7.3218992614626	0
49.75	49.75	0	0	0	15	7.33162483300231	0
50	50	0	0	0	15	7.34133617617508	0
50.25	50.25	0	0	0	15	7.3510333475575	0
50.5	50.5	0	0	0	15	7.36071640334592	0
50.75	50.75	0	0	0	15	7.37038539936003	0
51	51	0	0	0	15	7.38004039104639	0
51.25	51.25	0	0	0	15	7.38968143348194	0
51.5	51.5	0	0	0	15	7.39930858137741	0
51.75	51.75	0	0	0	15	7.4089218890808	0
52	52	0	0	0	15	7.4185214105807	0
52.25	52.25	0	0	0	15	7.42810719950962	0
52.5	52.5	0	0	0	15	7.4376793091473	0
52.75	52.75	0	0	0	15	7.44723779242395	0
53	53	0	0	0	15	7.45678270192347	0
53.25	53.25	0	0	0	15	7.4663140898866	0
53.5	53.5	0	0	0	15	7.47583200821411	0
53.75	53.75	0	0	0	15	7.48533650846984	0
54	54	0	0	0	15	7.49482764188381	0
54.25	54.25	0	0	0	15	7.5043054593552	0
54.5	54.5	0	0	0	15	7.5137700114554	0
54.75	54.75	0	0	0	15	7.52322134843094	0
55	55	0	0	0	15	7.53265952020641	0
55.25	55.25	0	0	0	15	7.54208457638734	0
55.5	55.5	0	0	0	15	7.55149656626311	0
55.75	55.75	0	0	0	15	7.56089553880968	0
56	56	0	0	0	15	7.5702815426925	0
56.25	56.25	0	0	0	15	7.57965462626917	0
56.5	56.5	0	0	0	15	7.58901483759222	0
56.75	56.75	0	0	0	15	7.59836222441178	0
57	57	0	0	0	15	7.60769683417828	0
57.25	57.25	0	0	0	15	7.61701871404505	0
57.5	57.5	0	0	0	15	7.62632791087096	0
57.75	57.75	0	0	0	15	7.63562447122296	0
58	58	0	0	0	15	7.64490844137867	0
58.25	58.25	0	0	0	15	7.65417986732887	0
58.5	58.5	0	0	0	15	7.66343879478001	0
58.75	58.75	0	0	0	15	7.67268526915663	0
59	59	0	0	0	15	7.68191933560388	0
59.25	59.25	0	0	0	15	7.69114103898985	0
59.5	59.5	0	0	0	15	7.700350423908	0
59.75	59.75	0	0	0	15	7.70954753467947	0
60	60	0	0	0	15	7.71873241535547	0
60.25	60.25	0	0	0	15	7.72790510971956	0
60.5	60.5	0	0	0	15	7.73706566128988	0
60.75	60.75	0	0	0	15	7.74621411332151	0
61	61	0	0	0	15	7.75535050880858	0
61.25	61.25	0	0	0	15	7.76447489048658	0
61.5	61.5	0	0	0	15	7.77358730083448	0
61.75	61.75	0	0	0	15	7.78268778207689	0
62	62	0	0	0	15	7.79177637618624	0
62.25	62.25	0	0	0	15	7.80085312488483	0
62.5	62.5	0	0	0	15	7.80991806964698	0
62.75	62.75	0	0	0	15	7.81897125170105	0
63	63	0	0	0	15	7.82801271203151	0
63.25	63.25	0	0	0	15	7.83704249138094	0
63.5	63.5	0	0	0	15	7.84606063025206	0
63.75	63.75	0	0	0	15	7.85506716890971	0
64	64	0	0	0	15	7.86406214738276	0
64.25	64.25	0	0	0	15	7.87304560546611	0
64.5	64.5	0	0	0	15	7.88201758272257	0
64.75	64.75	0	0	0	15	7.89097811848479	0
65	65	0	0	0	15	7.89992725185708	0
65.25	65.25	0	0	0	15	7.90886502171733	0
65.5	65.5	0	0	0	15	7.91779146671882	0
65.75	65.75	0	0	0	15	7.92670662529205	0
66	66	0	0	0	15	7.93561053564651	0
66.25	66.25	0	0	0	15	7.94450323577251	0
66.5	66.5	0	0	0	15	7.9533847634429	0
66.75	66.75	0	0	0	15	7.96225515621486	0
67	67	0	0	0	15	7.97111445143156	0
67.25	67.25	0	0	0	15	7.97996268622396	0
67.5	67.5	0	0	0	15	7.98879989751241	0
67.75	67.75	0	0	0	15	7.99762612200839	0
68	68	0	0	0	15	8.00644139621613	0
68.25	68.25	0	0	0	15	8.01524575643429	0
68.5	68.5	0	0	0	15	8.02403923875753	0
68.75	68.75	0	0	0	15	8.03282187907816	0
69	69	0	0	0	15	8.04159371308772	0
69.25	69.25	0	0	0	15	8.05035477627855	0
69.5	69.5	0	0	0	15	8.05910510394534	0
69.75	69.75	0	0	0	15	8.06784473118671	0
70	70	0	0	0	15	8.0765736929067	0
70.25	70.25	0	0	0	15	8.08529202381628	0
70.5	70.5	0	0	0	15	8.09399975843489	0
70.75	70.75	0	0	0	15	8.10269693109188	0
71	71	0	0	0	15	8.11138357592801	0
71.25	71.25	0	0	0	15	8.12005972689687	0
71.5	71.5	0	0	0	15	8.12872541776635	0
71.75	71.75	0	0	0	15	8.13738068212003	0
72	72	0	0	0	15	8.14602555335865	0
72.25	72.25	0	0	0	15	8.15466006470145	0
72.5	72.5	0	0	0	15	8.16328424918755	0
72.75	72.75	0	0	0	15	8.17189813967738	0
73	73	0	0	0	15	8.18050176885397	0
73.25	73.25	0	0	0	15	8.18909516922435	0
73.5	73.5	0	0	0	15	8.19767837312082	0
73.75	73.75	0	0	0	15	8.20625141270232	0
74	74	0	0	0	15	8.21481431995571	0
74.25	74.25	0	0	0	15	8.22336712669705	0
74.5	74.5	0	0	0	15	8.23190986457291	0
74.75	74.75	0	0	0	15	8.24044256506163	0
75	75	0	0	0	15	8.24896525947453	0
75.25	75.25	0	0	0	15	8.25747797895723	0
75.5	75.5	0	0	0	15	8.2659807544908	0
75.75	75.75	0	0	0	15	8.27447361689306	0
76	76	0	0	0	15	8.28295659681971	0
76.25	76.25	0	0	0	15	8.29142972476558	0
76.5	76.5	0	0	0	15	8.29989303106579	0
76.75	76.75	0	0	0	15	8.30834654589695	0
77	77	0	0	0	15	8.31679029927826	0
77.25	77.25	0	0	0	15	8.32522432107275	0
77.5	77.5	0	0	0	15	8.33364864098835	0
77.75	77.75	0	0	0	15	8.34206328857905	0
78	78	0	0	0	15	8.35046829324601	0
78.25	78.25	0	0	0	15	8.35886368423869	0
78.5	78.5	0	0	0	15	8.36724949065591	0
78.75	78.75	0	0	0	15	8.37562574144698	0
79	79	0	0	0	15	8.38399246541273	0
79.25	79.25	0	0	0	15	8.39234969120665	0
79.5	79.5	0	0	0	15	8.40069744733586	0
79.75	79.75	0	0	0	15	8.40903576216223	0
80	80	0	0	0	15	8.41736466390339	0
80.25	80.25	0	0	0	15	8.42568418063376	0
80.5	80.5	0	0	0	15	8.43399434028556	0
80.75	80.75	0	0	0	15	8.44229517064986	0
81	81	0	0	0	15	8.45058669937753	0
81.25	81.25	0	0	0	15	8.45886895398026	0
81.5	81.5	0	0	0	15	8.46714196183155	0
81.75	81.75	0	0	0	15	8.47540575016767	0
82	82	0	0	0	15	8.48366034608862	0
82.25	82.25	0	0	0	15	8.49190577655912	0
82.5	82.5	0	0	0	15	8.5001420684095	0
82.75	82.75	0	0	0	15	8.50836924833671	0
83	83	0	0	0	15	8.51658734290519	0
83.25	83.25	0	0	0	15	8.52479637854783	0
83.5	83.5	0	0	0	15	8.53299638156687	0
83.75	83.75	0	0	0	15	8.54118737813481	0
84	84	0	0	0	15	8.54936939429531	0
84.25	84.25	0	0	0	15	8.55754245596406	0
84.5	84.5	0	0	0	15	8.56570658892971	0
84.75	84.75	0	0	0	15	8.5738618188547	0
85	85	0	0	0	15	8.58200817127613	0
85.25	85.25	0	0	0	15	8.59014567160665	0
85.5	85.5	0	0	0	15	8.59827434513529	0
85.75	85.75	0	0	0	15	8.60639421702829	0
86	86	0	0	0	15	8.61450531232997	0
86.25	86.25	0	0	0	15	8.62260765596355	0
86.5	86.5	0	0	0	15	8.63070127273193	0
86.75	86.75	0	0	0	15	8.63878618731859	0
87	87	0	0	0	15	8.6468624242883	0
87.25	87.25	0	0	0	15	8.654930008088	0
87.5	87.5	0	0	0	15	8.66298896304755	0
87.75	87.75	0	0	0	15	8.67103931338054	0
88	88	0	0	0	15	8.67908108318505	0
88.25	88.25	0	0	0	15	8.68711429644443	0
88.5	88.5	0	0	0	15	8.69513897702808	0
88.75	88.75	0	0	0	15	8.7031551486922	0
89	89	0	0	0	15	8.71116283508055	0
89.25	89.25	0	0	0	15	8.71916205972517	0
89.5	89.5	0	0	0	15	8.72715284604718	0
89.75	89.75	0	0	0	15	8.73513521735743	0
90	90	0	0	0	15	8.71528008928732	0
90.25	90.25	0	0	0	15	8.68915485474405	0
90.5	90.5	0	0	0	15	8.6629544676188	0
90.75	90.75	0	0	0	15	8.63667824345404	0
91	91	0	0	0	15	8.61032548744542	0
91.25	91.25	0	0	0	15	8.58389549422171	0
91.5	91.5	0	0	0	15	8.5573875476187	0
91.75	91.75	0	0	0	15	8.53080092044693	0
92	92	0	0	0	15	8.50413487425278	0
92.25	92.25	0	0	0	15	8.47738865907309	0
92.5	92.5	0	0	0	15	8.45056151318263	0
92.75	92.75	0	0	0	15	8.42365266283462	0
93	93	0	0	0	15	8.3966613219937	0
93.25	93.25	0	0	0	15	8.36958669206129	0
93.5	93.5	0	0	0	15	8.342427961593	0
93.75	93.75	0	0	0	15	8.31518430600779	0
94	94	0	0	0	15	8.28785488728871	0
94.25	94.25	0	0	0	15	8.26043885367465	0
94.5	94.5	0	0	0	15	8.23293533934313	0
94.75	94.75	0	0	0	15	8.20534346408349	0
95	95	0	0	0	15	8.17766233296027	0
95.25	95.25	0	0	0	15	8.14989103596649	0
95.5	95.5	0	0	0	15	8.12202864766621	0
95.75	95.75	0	0	0	15	8.09407422682631	0
96	96	0	0	0	15	8.0660268160367	0
96.25	96.25	0	0	0	15	8.0378854413189	0
96.5	96.5	0	0	0	15	8.00964911172219	0
96.75	96.75	0	0	0	15	7.98131681890719	0
97	97	0	0	0	15	7.95288753671607	0
97.25	97.25	0	0	0	15	7.9243602207291	0
97.5	97.5	0	0	0	15	7.89573380780686	0
97.75	97.75	0	0	0	15	7.86700721561765	0
98	98	0	0	0	15	7.83817934214943	0
98.25	98.25	0	0	0	15	7.80924906520563	0
98.5	98.5	0	0	0	15	7.78021524188436	0
98.75	98.75	0	0	0	15	7.75107670804011	0
99	99	0	0	0	15	7.7218322777274	0
99.25	99.25	0	0	0	15	7.69248074262549	0
99.5	99.5	0	0	0	15	7.66302087144355	0
99.75	99.75	0	0	0	15	7.6334514093052	0
100	100	0	0	0	15	7.60377107711181	0
100.25	100.25	0	0	0	15	7.57397857088348	0
100.5	100.5	0	0	0	15	7.5440725610768	0
100.75	100.75	0	0	0	15	7.51405169187839	0
101	101	0	0	0	15	7.48391458047317	0
101.25	101.25	0	0	0	15	7.45365981628613	0
101.5	101.5	0	0	0	15	7.42328596019665	0
101.75	101.75	0	0	0	15	7.39279154372389	0
102	102	0	0	0	15	7.36217506818211	0
102.25	102.25	0	0	0	15	7.33143500380449	0
102.5	102.5	0	0	0	15	7.30056978883399	0
102.75	102.75	0	0	0	15	7.26957782857978	0
103	103	0	0	0	15	7.23845749443758	0
103.25	103.25	0	0	0	15	7.20720712287217	0
103.5	103.5	0	0	0	15	7.17582501436042	0
103.75	103.75	0	0	0	15	7.14430943229278	0
104	104	0	0	0	15	7.11265860183129	0
104.25	104.25	0	0	0	15	7.08087070872208	0
104.5	104.5	0	0	0	15	7.0489438980599	0
104.75	104.75	0	0	0	15	7.01687627300255	0
105	105	0	0	0	15	6.98466589343245	0
105.25	105.25	0	0	0	15	6.95231077456297	0
105.5	105.5	0	0	0	15	6.91980888548633	0
105.75	105.75	0	0	0	15	6.88715814766044	0
106	106	0	0	0	15	6.85435643333122	0
106.25	106.25	0	0	0	15	6.82140156388712	0
106.5	106.5	0	0	0	15	6.78829130814232	0
106.75	106.75	0	0	0	15	6.75502338054456	0
107	107	0	0	0	15	6.72159543930386	0
107.25	107.25	0	0	0	15	6.68800508443748	0
107.5	107.5	0	0	0	15	6.65424985572669	0
107.75	107.75	0	0	0	15	6.62032723058042	0
108	108	0	0	0	15	6.58623462180051	0
108.25	108.25	0	0	0	15	6.55196937524293	0
108.5	108.5	0	0	0	15	6.5175287673691	0
108.75	108.75	0	0	0	15	6.48291000268081	0
109	109	0	0	0	15	6.44811021103205	0
109.25	109.25	0	0	0	15	6.41312644481024	0
109.5	109.5	0	0	0	15	6.37795567597926	0
109.75	109.75	0	0	0	15	6.34259479297577	0
110	110	0	0	0	15	6.30704059744979	0
110.25	110.25	0	0	0	15	6.27128980084006	0
110.5	110.5	0	0	0	15	6.23533902077358	0
110.75	110.75	0	0	0	15	6.1991847772784	0
111	111	0	0	0	15	6.16282348879756	0
111.25	111.25	0	0	0	15	6.12625146799129	0
111.5	111.5	0	0	0	15	6.08946491731355	0
111.75	111.75	0	0	0	15	6.05245992434798	0
112	112	0	0	0	15	6.01523245688693	0
112.25	112.25	0	0	0	15	5.97777835773627	0
112.5	112.5	0	0	0	15	5.94009333922678	0
112.75	112.75	0	0	0	15	5.90217297741191	0
113	113	0	0	0	15	5.86401270592957	0
113.25	113.25	0	0	0	15	5.82560780950379	0
113.5	113.5	0	0	0	15	5.78695341706033	0
113.75	113.75	0	0	0	15	5.74804449442757	0
114	114	0	0	0	15	5.70887583659191	0
114.25	114.25	0	0	0	15	5.66944205947391	0
114.5	114.5	0	0	0	15	5.62973759118848	0
114.75	114.75	0	0	0	15	5.58975666274894	0
115	115	0	0	0	15	5.54949329817108	0
115.25	115.25	0	0	0	15	5.50894130392929	0
115.5	115.5	0	0	0	15	5.46809425771203	0
115.75	115.75	0	0	0	15	5.426945496419	0
116	116	0	0	0	15	5.3854881033364	0
116.25	116.25	0	0	0	15	5.34371489442065	0
116.5	116.5	0	0	0	15	5.30161840361345	0
116.75	116.75	0	0	0	15	5.25919086710331	0
117	117	0	0	0	15	5.21642420643975	0
117.25	117.25	0	0	0	15	5.17331001039604	0
117.5	117.5	0	0	0	15	5.12983951546562	0
117.75	117.75	0	0	0	15	5.08600358486377	0
118	118	0	0	0	15	5.04179268589253	0
118.25	118.25	0	0	0	15	4.99719686550996	0
118.5	118.5	0	0	0	15	4.95220572392653	0
118.75	118.75	0	0	0	15	4.90680838603051	0
119	119	0	0	0	15	4.86099347041991	0
119.25	119.25	0	0	0	15	4.81474905579154	0
119.5	119.5	0	0	0	15	4.76806264440599	0
119.75	119.75	0	0	0	15	4.72092112231164	0
120	120	0	0	0	15	4.67331071596913	0
120.25	120.25	0	0	0	15	4.62521694487011	0
120.5	120.5	0	0	0	15	4.57662456968855	0
120.75	120.75	0	0	0	15	4.5275175354389	0
121	121	0	0	0	15	4.47787890904045	0
121.25	121.25	0	0	0	15	4.42769081060002	0
121.5	121.5	0	0	0	15	4.37693433762296	0
121.75	121.75	0	0	0	15	4.32558948124207	0
122	122	0	0	0	15	4.27363503341245	0
122.25	122.25	0	0	0	15	4.22104848385202	0
122.5	122.5	0	0	0	15	4.16780590530832	0
122.75	122.75	0	0	0	15	4.11388182549342	0
123	123	0	0	0	15	4.05924908374339	0
123.25	123.25	0	0	0	15	4.00387867011466	0
123.5	123.5	0	0	0	15	3.94773954421334	0
123.75	123.75	0	0	0	15	3.89079843054747	0
124	124	0	0	0	15	3.83301958657324	0
124.25	124.25	0	0	0	15	3.77436453884593	0
124.5	124.5	0	0	0	15	3.71479178174551	0
124.75	124.75	0	0	0	15	3.65425643207714	0
125	125	0	0	0	15	3.59270983138105	0
125.25	125.25	0	0	0	15	3.53009908593867	0
125.5	125.5	0	0	0	15	3.46636653211307	0
125.75	125.75	0	0	0	15	3.40144911165466	0
126	126	0	0	0	15	3.33527763771819	0
126.25	126.25	0	0	0	15	3.26777592727298	0
126.5	126.5	0	0	0	15	3.19885976892294	0
126.75	126.75	0	0	0	15	3.12843568628529	0
127	127	0	0	0	15	3.05639944514587	0
127.25	127.25	0	0	0	15	2.9826342363561	0
127.5	127.5	0	0	0	15	2.9070084439965	0
127.75	127.75	0	0	0	15	2.82937287689273	0
128	128	0	0	0	15	2.74955729680812	0
128.25	128.25	0	0	0	15	2.66736601176723	0
128.5	128.5	0	0	0	15	2.58257220709481	0
128.75	128.75	0	0	0	15	2.49491054193859	0
129	129	0	0	0	15	2.40406731487458	0
129.25	129.25	0	0	0	15	2.30966714546483	0
129.5	129.5	0	0	0	15	2.21125453281996	0
129.75	129.75	0	0	0	15	2.10826765476952	0
130	130	0	0	0	2	2	0
130.25	130.25	0	0	0	15	2.03700381949027	0
130.5	130.5	0	0	0	15	2.07334233365567	0
130.75	130.75	0	0	0	15	2.10904993269424	0
131	131	0	0	0	15	2.14415813821867	0
131.25	131.25	0	0	0	15	2.1786959275375	0
131.5	131.5	0	0	0	15	2.21269001226991	0
131.75	131.75	0	0	0	15	2.24616507891665	0
132	132	0	0	0	15	2.27914399755008	0
132.25	132.25	0	0	0	15	2.31164800364019	0
132.5	132.5	0	0	0	15	2.34369685712603	0
132.75	132.75	0	0	0	15	2.37530898211936	0
133	133	0	0	0	15	2.406501590047	0
133.25	133.25	0	0	0	15	2.43729078857022	0
133.5	133.5	0	0	0	15	2.46769167823886	0
133.75	133.75	0	0	0	15	2.49771843852732	0
134	134	0	0	0	15	2.52738440464436	0
134.25	134.25	0	0	0	15	2.55670213629775	0
134.5	134.5	0	0	0	15	2.58568347942058	0
134.75	134.75	0	0	0	15	2.61433962172009	0
135	135	0	0	0	15	2.64268114278833	0
135.25	135.25	0	0	0	15	2.67071805941158	0
135.5	135.5	0	0	0	15	2.69845986662903	0
135.75	135.75	0	0	0	15	2.72591557501834	0
136	136	0	0	0	15	2.75309374462333	0
136.25	136.25	0	0	0	15	2.78000251588621	0
136.5	136.5	0	0	0	15	2.80664963790147	0
136.75	136.75	0	0	0	15	2.83304249426939	0
137	137	0	0	0	15	2.85918812679405	0
137.25	137.25	0	0	0	15	2.8850932572413	0
137.5	137.5	0	0	0	15	2.91076430734748	0
137.75	137.75	0	0	0	15	2.93620741724777	0
138	138	0	0	0	15	2.96142846247402	0
138.25	138.25	0	0	0	15	2.9864330696556	0
138.5	138.5	0	0	0	15	3.01122663104223	0
138.75	138.75	0	0	0	15	3.03581431795487	0
139	139	0	0	0	15	3.06020109326011	0
139.25	139.25	0	0	0	15	3.08439172295308	0
139.5	139.5	0	0	0	15	3.10839078692567	0
139.75	139.75	0	0	0	15	3.13220268898904	0
140	140	0	0	0	15	3.15583166621248	0
140.25	140.25	0	0	0	15	3.17928179763486	0
140.5	140.5	0	0	0	15	3.20255701239942	0
140.75	140.75	0	0	0	15	3.22566109735786	0
141	141	0	0	0	15	3.24859770418546	0
141.25	141.25	0	0	0	15	3.2713703560451	0
141.5	141.5	0	0	0	15	3.29398245383471	0
141.75	141.75	0	0	0	15	3.31643728204949	0
142	142	0	0	0	15	3.33873801428754	0
142.25	142.25	0	0	0	15	3.3608877184251	0
142.5	142.5	0	0	0	15	3.38288936148528	0
142.75	142.75	0	0	0	15	3.40474581422224	0
143	143	0	0	0	15	3.42645985544077	0
143.25	143.25	0	0	0	15	3.44803417606987	0
143.5	143.5	0	0	0	15	3.46947138300705	0
143.75	143.75	0	0	0	15	3.49077400274908	0
144	144	0	0	0	15	3.5119444848235	0
144.25	144.25	0	0	0	15	3.53298520503394	0
144.5	144.5	0	0	0	15	3.55389846853169	0
144.75	144.75	0	0	0	15	3.57468651272456	0
145	145	0	0	0	15	3.59535151003353	0
145.25	145.25	0	0	0	15	3.6158955705068	0
145.5	145.5	0	0	0	15	3.63632074430018	0
145.75	145.75	0	0	0	15	3.65662902403199	0
146	146	0	0	0	15	3.6768223470203	0
146.25	146.25	0	0	0	15	3.69690259740945	0
146.5	146.5	0	0	0	15	3.71687160819258	0
146.75	146.75	0	0	0	15	3.7367311631363	0
147	147	0	0	0	15	3.75648299861317	0
147.25	147.25	0	0	0	15	3.77612880534745	0
147.5	147.5	0	0	0	15	3.79567023007897	0
147.75	147.75	0	0	0	15	3.81510887714978	0
148	148	0	0	0	15	3.834446310018	0
148.25	148.25	0	0	0	15	3.85368405270284	0
148.5	148.5	0	0	0	15	3.87282359116457	0
148.75	148.75	0	0	0	15	3.89186637462302	0
149	149	0	0	0	15	3.91081381681796	0
149.25	149.25	0	0	0	15	3.9296672972143	0
149.5	149.5	0	0	0	15	3.94842816215526	0
149.75	149.75	0	0	0	15	3.96709772596609	0
150	150	0	0	0	15	3.98567727201085	0
150.25	150.249999999999	8.02777673663213e-07	6.42222138931674e-06	5.13777711145339e-05	15	4.00416805370491	0.00020572522976738
150.5	150.499999999936	6.41727199753458e-06	3.84937332054298e-05	0.00020519432341437	15	4.0225712954851	0.000825408795363133
150.75	150.749999999134	2.64421998106001e-05	0.0001217056894704	0.000460501326705391	15	4.04088819373992	0.00186083437428538
151	150.99999999406	7.68096539487057e-05	0.000281233946360337	0.000815724728414108	15	4.05911991770164	0.00331112449246746
151.25	151.249999972892	0.000179686874925249	0.000541783844680253	0.00126867445814522	15	4.07726761030228	0.00517272527621331
151.5	151.499999905436	0.000363339575644984	0.00092743789322264	0.00181655793019387	15	4.09533238899517	0.00743940852800898
151.75	151.74999972709	0.00066195765279974	0.00146150729209251	0.00245599726076513	15	4.1133153465438	0.0101022912237747
152	151.99999931579	0.0011154443420445	0.00216638821140701	0.00318305009375088	15	4.13121755177953	0.0131498724154971
152.25	152.249998461073	0.0017691700874018	0.00306342371145914	0.00399323390666615	15	4.14904005032969	0.0165680874090924
152.5	152.499996824746	0.00267369259732592	0.00417277215565377	0.00488155364689087	15	4.16678386531739	0.0203403789735462
152.75	152.749993892887	0.00388444474969147	0.00551328292749391	0.00584253252783027	15	4.18444999803443	0.0244477852245955
153	152.999988919312	0.00546139218535423	0.00710238021786338	0.00687024579512545	15	4.20203942858857	0.028869043715212
153.25	153.249980860913	0.00746866259501525	0.00895595559909583	0.00795835725473418	15	4.21955311652632	0.0335807111566434
153.5	153.499968305675	0.0099741488574426	0.0110882700481469	0.00910015833767422	15	4.23699200143234	0.0385572980884935
153.75	153.749949394454	0.013049088329502	0.0135118660229289	0.0102886094605818	15	4.25435700350664	0.043771417714971
154	153.999921737958	0.0167676207209341	0.0162374901338871	0.0115163834270842	15	4.27164902412038	0.0491939480277004
154.25	154.249882330623	0.0212063271104593	0.0192740268875729	0.0127759106024016	15	4.28886894635143	0.0547942062440021
154.5	154.499827463347	0.0264437527755656	0.0226284439107059	0.0140594255826628	15	4.30601763550045	0.0605401345039523
154.75	154.749752637229	0.0325599166169975	0.0263057489924391	0.0153590150712026	15	4.32309593958841	0.066398495690393
155	154.99965248063	0.039635810060916	0.0303089592096727	0.0166666666666667	15	4.34010468983632	0.0723350781639387
155.25	155.249520671961	0.0477528884168708	0.0346390823257724	0.0179743182621307	15	4.35704470112804	0.0783149081404058
155.5	155.499349870636	0.0569925577575319	0.0392951105773726	0.0192739077506705	15	4.37391677245671	0.0843024683814411
155.75	155.749131658614	0.0674356604653561	0.0442740268875729	0.0205574227309318	15	4.39072168735568	0.0902619218208406
156	155.998856494858	0.0791619626602315	0.0495708234672205	0.0218169499062491	15	4.40746021431455	0.0961573387094865
156.25	156.248513684869	0.0922496467782798	0.0551785326895955	0.0230447238727515	15	4.42413310718083	0.10195292583128
156.5	156.49809136728	0.106774812612532	0.0610882700481469	0.0242331749956591	15	4.44074110554801	0.107613256321162
156.75	156.747576519163	0.122810990147883	0.0672892889324292	0.0253749760785991	15	4.45728493513044	0.113103498604435
157	156.996954981433	0.140428667522046	0.07376904688453	0.0264630875382079	15	4.47376530812562	0.118389642974326
157.25	157.246211505314	0.159694837417664	0.0805132829274939	0.0274908008055031	15	4.49018292356445	0.123438724331982
157.5	157.495329820457	0.180672565134758	0.0875061054889871	0.0284517796864425	15	4.50653846764992	0.128219039630054
157.75	157.744292724825	0.203420581504302	0.0947300903781258	0.0293400994266672	15	4.52283261408456	0.132700358587414
158	157.993082196031	0.227992903680248	0.102166388211407	0.0301502832395825	15	4.53906602438736	0.136854126278444
158.25	158.241679523329	0.254438486687023	0.109794840625426	0.0308773360725682	15	4.5552393482003	0.140653656245367
158.5	158.49006545899	0.282800908401428	0.117594104559889	0.0315167754031395	15	4.57135322358517	0.144074312836151
158.75	158.738220387361	0.313118090412054	0.12554178384468	0.0320646588751881	15	4.58740827731079	0.147093681533185
159	158.986124509448	0.345422056927165	0.133614567279694	0.0325176086049192	15	4.60340512513117	0.149691726108895
159.25	159.233758040502	0.379738733595794	0.141788372356137	0.0328728320066279	15	4.619344372055	0.151850931523326
159.5	159.481101417734	0.416087787770248	0.150038493733205	0.033128139009919	15	4.63522661260657	0.153556431564906
159.75	159.728135514974	0.454482511376059	0.158339755554723	0.0332819555622188	15	4.65105243107875	0.154796120328713
160	159.974841860893	0.494929747173315	0.166666666666667	0.0333333333333333	15	4.66682240177805	0.155560746725935
160.25	160.221202720747	0.537430649890104	0.175	0.0333333333333333	15	4.68253708926226	0.156084569642075
160.5	160.467200856365	0.581983060293525	0.183333333333333	0.0333333333333333	15	4.69819704857083	0.156606568285694
160.75	160.71281918464	0.628583884484093	0.191666666666667	0.0333333333333333	15	4.7138028254483	0.157126760848277
161	160.958040648843	0.677229886312188	0.2	0.0333333333333333	15	4.72935495656104	0.157645165218701
161.25	161.202848219805	0.727917687602789	0.208333333333333	0.0333333333333333	15	4.74485396970751	0.15816179899025
161.5	161.447224897099	0.780643768390066	0.216666666666667	0.0333333333333333	15	4.76030038402234	0.158676679467411
161.75	161.691153710218	0.83540446716182	0.225	0.0333333333333333	15	4.77569471017435	0.159189823672478
162	161.934617719762	0.892195981113754	0.233333333333333	0.0333333333333333	15	4.79103745055882	0.159701248351961
162.25	162.177600018604	0.951014366413557	0.241666666666667	0.0333333333333333	15	4.80632909948422	0.160210969982807
162.5	162.420083733072	1.01185553847477	0.25	0.0333333333333333	15	4.82157014335343	0.160719004778448
162.75	162.662052024117	1.07471527224047	0.258333333333333	0.0333333333333333	15	4.83676106083994	0.161225368694665
163	162.903488088481	1.1395892024766	0.266666666666667	0.0333333333333333	15	4.85190232305887	0.161730077435296
163.25	163.144375159869	1.20647282407521	0.275	0.0333333333333333	15	4.86699439373327	0.162233146457776
163.5	163.384696510108	1.27536149236723	0.283333333333333	0.0333333333333333	15	4.88203772935566	0.162734590978522
163.75	163.624435450314	1.34625042344504	0.291666666666667	0.0333333333333333	15	4.89703277934514	0.163234425978171
164	163.863575332043	1.41913469449469	0.3	0.0333333333333333	15	4.91197998620004	0.163732666206668
164.25	164.102099548457	1.49400924413778	0.308333333333334	0.0333333333333333	15	4.92687978564646	0.164229326188215
164.5	164.339991535469	1.57086887278287	0.316666666666667	0.0333333333333333	15	4.94173260678264	0.164724420226088
164.75	164.577234772898	1.64970824298666	0.325	0.0333333333333333	15	4.95653887221948	0.165217962407316
165	164.813812785615	1.73052187982455	0.333333333333334	0.0333333333333333	15	4.97129899821717	0.165709966607239
165.25	165.049709144685	1.81330417127092	0.341666666666667	0.0333333333333333	15	4.98601339481821	0.16620044649394
165.5	165.284907468514	1.89804936858878	0.35	0.0333333333333333	15	5.00068246597682	0.166689415532561
165.75	165.519391423977	1.98475158672906	0.358333333333334	0.0333333333333333	15	5.01530660968495	0.167176886989498
166	165.753144727561	2.07340480473922	0.366666666666667	0.0333333333333333	15	5.0298862180949	0.167662873936497
166.25	165.986151146491	2.16400286618143	0.375	0.0333333333333333	15	5.04442167763876	0.168147389254625
166.5	166.218394499861	2.25653947956003	0.383333333333334	0.0333333333333333	15	5.05891336914471	0.168630445638157
166.75	166.449858659752	2.35100821875852	0.391666666666667	0.0333333333333333	15	5.0733616679503	0.169112055598343
167	166.680527552359	2.44740252348575	0.4	0.0333333333333333	15	5.08776694401278	0.169592231467093
167.25	166.910385159099	2.54571569973151	0.408333333333334	0.0333333333333333	15	5.10212956201663	0.170070985400554
167.5	167.139415517732	2.64594092023142	0.416666666666667	0.0333333333333333	15	5.11644988147833	0.170548329382611
167.75	167.367602723465	2.74807122494099	0.425000000000001	0.0333333333333333	15	5.13072825684845	0.171024275228282
168	167.594930930054	2.852099521519	0.433333333333334	0.0333333333333333	15	5.14496503761116	0.171498834587039
168.25	167.821384350911	2.95801858581998	0.441666666666667	0.0333333333333333	15	5.15916056838126	0.171972018946042
168.5	168.046947260193	3.06582106239593	0.450000000000001	0.0333333333333333	15	5.17331518899881	0.172443839633294
168.75	168.271603993902	3.17549946500708	0.458333333333334	0.0333333333333333	15	5.18742923462132	0.172914307820711
169	168.495338950965	3.28704617714177	0.466666666666667	0.0333333333333333	15	5.20150303581374	0.173383434527125
169.25	168.718136594322	3.40045345254537	0.475000000000001	0.0333333333333333	15	5.21553691863622	0.173851230621207
169.5	168.939981452005	3.51571341575822	0.483333333333334	0.0333333333333333	15	5.22953120472974	0.174317706824325
169.75	169.160858118209	3.63281806266253	0.491666666666667	0.0333333333333333	15	5.24348621139956	0.174782873713319
170	169.380751254366	3.75175926103822	0.500000000000001	0.0333333333333333	15	5.25740225169683	0.175246741723228
170.25	169.599645590207	3.87252875112763	0.508333333333334	0.0333333333333333	15	5.27127963449806	0.175709321149935
170.5	169.817525924826	3.99511814620917	0.516666666666667	0.0333333333333333	15	5.2851186645828	0.17617062215276
170.75	170.03437712773	4.11951893317966	0.525000000000001	0.0333333333333333	15	5.29891964270941	0.17663065475698
171	170.250184139897	4.24572247314555	0.533333333333334	0.0333333333333333	15	5.31268286568911	0.177089428856304
171.25	170.464931974813	4.37372000202285	0.541666666666667	0.0333333333333333	15	5.32640862645819	0.177546954215273
171.5	170.678605719522	4.5035026311457	0.550000000000001	0.0333333333333333	15	5.3400972141486	0.17800324047162
171.75	170.891190535655	4.63506134788369	0.558333333333334	0.0333333333333333	15	5.35374891415685	0.178458297138562
172	171.102671660463	4.7683870162677	0.566666666666667	0.0333333333333333	15	5.36736400821137	0.178912133607046
172.25	171.313034407841	4.90347037762433	0.575000000000001	0.0333333333333333	15	5.38094277443827	0.179364759147942
172.5	171.522264169351	5.04030205121888	0.583333333333334	0.0333333333333333	15	5.39448548742555	0.179816182914185
172.75	171.730346415231	5.17887253490679	0.591666666666667	0.0333333333333333	15	5.407992418286	0.180266413942867
173	171.937266695409	5.3191722057935	0.6	0.0333333333333333	15	5.42146383471845	0.180715461157282
173.25	172.143010640505	5.46119132090268	0.608333333333334	0.0333333333333333	15	5.43490000106784	0.181163333368928
173.5	172.347563962827	5.60492001785285	0.616666666666667	0.0333333333333333	15	5.4483011783838	0.18161003927946
173.75	172.550912457366	5.75034831554228	0.625	0.0333333333333333	15	5.46166762447802	0.182055587482601
174	172.753042002779	5.89746611484207	0.633333333333334	0.0333333333333333	15	5.47499959398022	0.182499986466007
174.25	172.953938562376	6.04626319929749	0.641666666666667	0.0333333333333333	15	5.48829733839304	0.182943244613101
174.5	173.153588185085	6.19672923583748	0.65	0.0333333333333333	15	5.50156110614556	0.183385370204852
174.75	173.35197700643	6.3488537754922	0.658333333333334	0.0333333333333333	15	5.51479114264576	0.183826371421525
175	173.54909124949	6.50262625411864	0.666666666666667	0.0333333333333333	15	5.52798769033177	0.184266256344392
175.25	173.744917225855	6.65803599313424	0.675	0.0333333333333333	15	5.54115098872207	0.184705032957402
175.5	173.939441336576	6.81507220025847	0.683333333333333	0.0333333333333333	15	5.55428127446451	0.185142709148817
175.75	174.132650073114	6.97372397026229	0.691666666666667	0.0333333333333333	15	5.56737878138436	0.185579292712812
176	174.324530018273	7.13398028572542	0.7	0.0333333333333333	15	5.58044374053131	0.186014791351044
176.25	174.515067847134	7.29583001780147	0.708333333333333	0.0333333333333333	15	5.59347638022543	0.186449212674181
176.5	174.704250327979	7.45926192699075	0.716666666666667	0.0333333333333333	15	5.60647692610221	0.186882564203407
176.75	174.892064323213	7.62426466392082	0.725	0.0333333333333333	15	5.6194456011566	0.187314853371887
177	175.078496790271	7.79082677013457	0.733333333333333	0.0333333333333333	15	5.63238262578617	0.187746087526206
177.25	175.263534782531	7.95893667888602	0.741666666666667	0.0333333333333333	15	5.64528821783333	0.188176273927778
177.5	175.447165450206	8.1285827159435	0.75	0.0333333333333333	15	5.65816259262669	0.188605419754223
177.75	175.62937604124	8.2997531004004	0.758333333333333	0.0333333333333333	15	5.67100596302154	0.189033532100718
178	175.810153902193	8.47243594549326	0.766666666666666	0.0333333333333333	15	5.68381853943956	0.189460617981319
178.25	175.989486479119	8.64661925942722	0.775	0.0333333333333333	15	5.69660052990761	0.189886684330254
178.5	176.167361318439	8.82229094620882	0.783333333333333	0.0333333333333333	15	5.70935214009583	0.190311738003194
178.75	176.343766067806	8.99943880648597	0.791666666666666	0.0333333333333333	15	5.72207357335488	0.190735785778496
179	176.518688476961	9.17805053839511	0.8	0.0333333333333333	15	5.7347650307525	0.191158834358417
179.25	176.692116398584	9.35811373841553	0.808333333333333	0.0333333333333333	15	5.74742671110928	0.191580890370309
179.5	176.864037789139	9.53961590223071	0.816666666666666	0.0333333333333333	15	5.76005881103374	0.192001960367791
179.75	177.03444070971	9.72254442559665	0.825	0.0333333333333333	15	5.77266152495666	0.192422050831889
180	177.203313326829	9.9068866052172	0.833333333333333	0.0333333333333333	15	5.78523504516484	0.192841168172161
180.25	177.3706439133	10.0926296396262	0.841666666666666	0.0333333333333333	15	5.79777956183402	0.193259318727801
180.5	177.536420849009	10.2797606300764	0.85	0.0333333333333333	15	5.81029526306135	0.193676508768712
180.75	177.700632621736	10.4682665814354	0.858333333333333	0.0333333333333333	15	5.82278233489702	0.194092744496567
181	177.863267827952	10.6581344030879	0.866666666666666	0.0333333333333333	15	5.83524096137544	0.194508032045848
181.25	178.024315173611	10.8493509098447	0.874999999999999	0.0333333333333333	15	5.84767132454573	0.194922377484858
181.5	178.183763474933	11.0419028228587	0.883333333333333	0.0333333333333333	15	5.86007360450161	0.19533578681672
181.75	178.341601659185	11.2357767705466	0.891666666666666	0.0333333333333333	15	5.87244797941075	0.195748265980358
182	178.497818765445	11.4309592895177	0.899999999999999	0.0333333333333333	15	5.88479462554353	0.196159820851451
182.25	178.652403945365	11.6274368255088	0.908333333333333	0.0333333333333333	15	5.89711371730131	0.196570457243377
182.5	178.805346463925	11.8251957343257	0.916666666666666	0.0333333333333333	15	5.90940542724403	0.196980180908134
182.75	178.956635700179	12.0242222827902	0.924999999999999	0.0333333333333333	15	5.92166992611745	0.197388997537248
183	179.10626114799	12.2245026496942	0.933333333333333	0.0333333333333333	15	5.93390738287973	0.197796912762658
183.25	179.254212416764	12.4260229267594	0.941666666666666	0.0333333333333333	15	5.94611796472762	0.198203932157587
183.5	179.400479232164	12.628769119603	0.949999999999999	0.0333333333333333	15	5.95830183712208	0.198610061237403
183.75	179.545051436833	12.8327271487099	0.958333333333332	0.0333333333333333	15	5.9704591638135	0.19901530546045
184	179.687918991092	13.03788285041	0.966666666666666	0.0333333333333333	15	5.98259010686633	0.199419670228878
184.25	179.82907197364	13.244221977862	0.974999999999999	0.0333333333333333	15	5.99469482668343	0.199823160889448
184.5	179.968500582245	13.4517302020427	0.983333333333332	0.0333333333333333	15	6.00677348202978	0.200225782734326
184.75	180.106195134419	13.6603931127422	0.991666666666666	0.0333333333333333	15	6.01882623005591	0.200627541001864
185	180.242146068096	13.8701962195645	0.999999999999999	0.0333333333333333	15	6.0308532263208	0.20102844087736
185.25	180.376343942294	14.0811249529337	1.00833333333333	0.0333333333333333	15	6.04285462481444	0.201428487493815
185.5	180.50877943777	14.2931646651057	1.01666666666667	0.0333333333333333	15	6.05483057797988	0.201827685932663
185.75	180.639443357668	14.5063006311859	1.025	0.0333333333333333	15	6.06678123673503	0.202226041224501
186	180.768326628157	14.7205180501511	1.03333333333333	0.0333333333333333	15	6.07870675049391	0.202623558349797
186.25	180.895420299061	14.9358020458778	1.04166666666667	0.0333333333333333	15	6.09060726718762	0.203020242239587
186.5	181.020715544483	15.152137668175	1.05	0.0333333333333333	15	6.10248293328491	0.203416097776164
186.75	181.144203663414	15.3695098938225	1.05833333333333	0.0333333333333333	15	6.11433389381237	0.203811129793746
187	181.265876080339	15.5879036276143	1.06666666666667	0.0333333333333333	15	6.12616029237428	0.204205343079143
187.25	181.385724345835	15.8073037034066	1.075	0.0333333333333333	15	6.13796227117213	0.204598742372404
187.5	181.503740137153	16.0276948851711	1.08333333333333	0.0333333333333333	15	6.14973997102371	0.204991332367457
187.75	181.6199152588	16.2490618680534	1.09166666666667	0.0333333333333333	15	6.16149353138199	0.205383117712733
188	181.734241643105	16.4713892794351	1.1	0.0333333333333333	15	6.17322309035358	0.205774103011786
188.25	181.846711350782	16.6946616800022	1.10833333333333	0.0333333333333333	15	6.18492878471688	0.206164292823896
188.5	181.95731657148	16.9188635648164	1.11666666666667	0.0333333333333333	15	6.19661074993998	0.206553691664666
188.75	182.066049624326	17.1439793643927	1.125	0.0333333333333333	15	6.20826912019816	0.206942304006605
189	182.172902958457	17.3699934457797	1.13333333333333	0.0333333333333333	15	6.21990402839118	0.207330134279706
189.25	182.277869153544	17.596890113646	1.14166666666667	0.0333333333333333	15	6.23151560616016	0.207717186872005
189.5	182.380940920312	17.8246536113697	1.15	0.0333333333333333	15	6.24310398390433	0.208103466130144
189.75	182.48211110104	18.0532681221329	1.15833333333333	0.0333333333333333	15	6.25466929079735	0.208488976359912
190	182.581372670062	18.2827177700197	1.16666666666667	0.0333333333333333	15	6.26621165480342	0.208873721826781
190.25	182.678718734252	18.512986621119	1.175	0.0333333333333333	15	6.27773120269312	0.209257706756437
190.5	182.774142533508	18.7440586846308	1.18333333333333	0.0333333333333333	15	6.28922806005898	0.209640935335299
190.75	182.867637441214	18.975917913977	1.19166666666667	0.0333333333333333	15	6.30070235133075	0.210023411711025
191	182.959196964706	19.2085482079154	1.2	0.0333333333333333	15	6.31215419979052	0.210405139993017
191.25	183.048814745721	19.441933411658	1.20833333333333	0.0333333333333333	15	6.32358372758743	0.210786124252914
191.5	183.136484560838	19.6760573179926	1.21666666666667	0.0333333333333333	15	6.33499105575231	0.211166368525077
191.75	183.22220032191	19.9109036684089	1.225	0.0333333333333333	15	6.34637630421194	0.211545876807065
192	183.305956076489	20.1464561542268	1.23333333333333	0.0333333333333333	15	6.35773959180313	0.211924653060104
192.25	183.387746008235	20.3826984177295	1.24166666666666	0.0333333333333333	15	6.36908103628664	0.212302701209555
192.5	183.467564437327	20.6196140532992	1.25	0.0333333333333333	15	6.3804007543607	0.212680025145357
192.75	183.545405820848	20.8571866085564	1.25833333333333	0.0333333333333333	15	6.3916988616745	0.213056628722483
193	183.62126475318	21.0953995855025	1.26666666666666	0.0333333333333333	15	6.40297547284134	0.213432515761378
193.25	183.69513596637	21.3342364416653	1.275	0.0333333333333333	15	6.4142307014516	0.213807690048387
193.5	183.767014330504	21.5736805912481	1.28333333333333	0.0333333333333333	15	6.42546466008552	0.214182155336184
193.75	183.836894854058	21.8137154062811	1.29166666666666	0.0333333333333333	15	6.43667746032577	0.214555915344192
194	183.904772684244	22.0543242177764	1.3	0.0333333333333333	15	6.44786921276979	0.214928973758993
194.25	183.970643107352	22.2954903168856	1.30833333333333	0.0333333333333333	15	6.45904002704195	0.215301334234732
194.5	184.034501549074	22.5371969560596	1.31666666666666	0.0333333333333333	15	6.47019001180555	0.215673000393518
194.75	184.096343574822	22.7794273502124	1.325	0.0333333333333333	15	6.4813192747746	0.21604397582582
195	184.156164890035	23.0221646778862	1.33333333333333	0.0333333333333333	15	6.4924279227254	0.216414264090847
195.25	184.213961340479	23.2653920824197	1.34166666666666	0.0333333333333333	15	6.50351606150796	0.216783868716932
195.5	184.269728912534	23.5090926731186	1.35	0.0333333333333333	15	6.51458379605725	0.217152793201908
195.75	184.323463733477	23.7532495264288	1.35833333333333	0.0333333333333333	15	6.52563123040426	0.217521041013475
196	184.375162071742	23.9978456871112	1.36666666666666	0.0333333333333333	15	6.53665846768689	0.217888615589563
196.25	184.424820337189	24.2428641694198	1.375	0.0333333333333333	15	6.54766561016068	0.218255520338689
196.5	184.472435081347	24.4882879582806	1.38333333333333	0.0333333333333333	15	6.55865275920934	0.218621758640311
196.75	184.518002997655	24.7341000104736	1.39166666666666	0.0333333333333333	15	6.56962001535519	0.218987333845173
197	184.561520921693	24.9802832558161	1.4	0.0333333333333333	15	6.58056747826938	0.219352249275646
197.25	184.602986032925	25.2268205644544	1.40833169850518	0.0333202547081445	15	6.59149524678195	0.219630300530299
197.5	184.642397447284	25.4736945007422	1.41664887076463	0.0332171233674636	15	6.6024034188918	0.219312848887093
197.75	184.679758992243	25.7208869661577	1.42492750530527	0.033011952957637	15	6.61329209177643	0.218317687428836
198	184.715080770279	25.968379131683	1.43314225047778	0.0327060084224673	15	6.62416136180159	0.216649877290865
198.25	184.748379301291	26.2161516237648	1.44126814853206	0.0323011760117507	15	6.63501132453077	0.214318668633628
198.5	184.779677426907	26.4641847411765	1.44928078949002	0.0317999516519198	15	6.64584207473452	0.211337456662852
198.75	184.80900417173	26.7124586665856	1.45715646164124	0.0312054255578268	15	6.65665370639968	0.207723711699287
199	184.836394562537	26.9609536695363	1.46487229773353	0.0305212631805419	15	6.66744631273845	0.203498883653224
199.25	184.861889406744	27.2096502978183	1.47240641595718	0.0297516826086281	15	6.67821998619729	0.198688281419939
199.5	184.885535031874	27.4585295545116	1.47973805485354	0.0289014285622228	15	6.68897481846575	0.193320927870395
199.75	184.907382988025	27.7075730583659	1.48684770131635	0.0279757431402602	15	6.69971090048513	0.187429391265973
200	184.927489715669	27.956763185585	1.49371721089653	0.0269803335011884	15	6.71042832245702	0.18104959407571
200.25	184.945916181333	28.2060831915274	1.50032991966873	0.0259213366764394	15	6.72112717385174	0.174220600318577
200.5	184.962727483961	28.4555173112944	1.50667074696999	0.0248052817335902	15	6.73180754341659	0.166984382690756
200.75	184.977992434907	28.7050508386462	1.512726288377	0.0236390495224892	15	6.74246951918409	0.159385570867867
201	184.991783114668	28.9546701831524	1.51848489834887	0.0224298302525296	15	6.75311318847996	0.151471182493724
201.25	185.004174409573	29.2043629059351	1.52393676202577	0.0211850791626167	15	6.76373863793114	0.14329033847982
201.5	185.015243531692	29.4541177347883	1.52907395574074	0.0199124705571416	15	6.77434595347353	0.134893964342433
201.75	185.025069525309	29.7039245598541	1.5338904958718	0.0186198504913425	15	6.78493522035979	0.126334479396543
202	185.033732763277	29.9537744113807	1.53838237573294	0.0173151883977647	15	6.79550652316687	0.117665475706873
202.25	185.041314436589	30.2036594213949	1.54254759027666	0.0160065279520593	15	6.80605994580355	0.108941388765896
202.5	185.047896040446	30.4535727713598	1.5463861484558	0.0147019374810479	15	6.81659557151779	0.100217161926042
202.75	185.053558860083	30.7035086280786	1.54990007316828	0.0134094602188045	15	6.82711348290407	0.0915479066582661
203	185.058383459518	30.9534620702239	1.55309338878531	0.0121370647174433	15	6.8376137619105	0.0829885607411887
203.25	185.062449176337	31.2034290079312	1.55597209633979	0.0108925957183446	15	6.84809648984595	0.0745935465041063
203.5	185.06583362554	31.4534060978887	1.55854413652792	0.00968372578671564	15	6.85856174738699	0.0664164312529529
203.75	185.068612215369	31.7033906562889	1.56081934075222	0.00851790800767509	15	6.86900961458483	0.0585095920008693
204	185.070857677968	31.9533805718809	1.56280937050762	0.00740233003550446	15	6.87944017087202	0.0509238866043019
204.25	185.072639617578	32.2033742211827	1.56452764548448	0.00634386977936948	15	6.88985349506923	0.0437083333716529
204.5	185.074024078911	32.453370387687	1.56598926083174	0.005349052998723	15	6.90024966539178	0.0369098011646012
204.75	185.075073138166	32.7033681866266	1.56721089409031	0.00442401306982783	15	6.91062875945618	0.0305727119525622
205	185.075844519083	32.9533669965668	1.56821070237047	0.00357445317145261	15	6.92099085428653	0.024738757708699
205.25	185.076391236249	33.2033663987667	1.56900821040726	0.00280561112287815	15	6.93133602632089	0.019446633451852
205.5	185.076761267739	33.45336612492	1.56962419018399	0.00212222709099985	15	6.94166435141745	0.014731788143206
205.75	185.076997259021	33.7033660135362	1.57008053286607	0.00152851436562249	15	6.95197590486074	0.010626195040041
206	185.077136259875	33.9533659748937	1.57040011383466	0.00102813338312752	15	6.96227076136771	0.00715814299213478
206.25	185.077209495887	34.2033659641667	1.57060665165239	0.000624169158665592	15	6.97254899509368	0.00435205004002224
206.5	185.0772421759	34.4533659620307	1.57072456183047	0.000319112266012254	15	6.98281067963826	0.00222830053911393
206.75	185.077253336582	34.7033659617816	1.57077880629902	0.000114843482352421	15	6.99305588805121	0.000803106890468901
207	185.077255725055	34.9533659617702	1.5707947395084	1.26221926636194e-05	15	7.00328469283816	8.839680867118e-05
207.25	185.077255924655	35.2033659617701	1.57079631728248	0	15	7.0134971659663	0
207.5	185.077255927033	35.4533659617701	1.57079631728248	0	15	7.02369337886995	0
207.75	185.077255929411	35.7033659617701	1.57079631728248	0	15	7.03387340245613	0
208	185.077255931789	35.9533659617701	1.57079631728248	0	15	7.04403730710997	0
208.25	185.077255934168	36.2033659617701	1.57079631728248	0	15	7.05418516270011	0
208.5	185.077255936546	36.4533659617701	1.57079631728248	0	15	7.06431703858398	0
208.75	185.077255938924	36.7033659617701	1.57079631728248	0	15	7.07443300361308	0
209	185.077255941302	36.9533659617701	1.57079631728248	0	15	7.0845331261381	0
209.25	185.07725594368	37.2033659617701	1.57079631728248	0	15	7.09461747401407	0
209.5	185.077255946058	37.4533659617701	1.57079631728248	0	15	7.10468611460532	0
209.75	185.077255948436	37.7033659617701	1.57079631728248	0	15	7.11473911479054	0
210	185.077255950814	37.9533659617701	1.57079631728248	0	15	7.1247765409676	0
210.25	185.077255953192	38.2033659617701	1.57079631728248	0	15	7.13479845905846	0
210.5	185.07725595557	38.4533659617701	1.57079631728248	0	15	7.14480493451388	0
210.75	185.077255957949	38.7033659617701	1.57079631728248	0	15	7.15479603231818	0
211	185.077255960327	38.9533659617701	1.57079631728248	0	15	7.1647718169939	0
211.25	185.077255962705	39.2033659617701	1.57079631728248	0	15	7.17473235260636	0
211.5	185.077255965083	39.4533659617701	1.57079631728248	0	15	7.1846777027682	0
211.75	185.077255967461	39.7033659617701	1.57079631728248	0	15	7.19460793064392	0
212	185.077255969839	39.9533659617701	1.57079631728248	0	15	7.20452309895422	0
212.25	185.077255972217	40.2033659617701	1.57079631728248	0	15	7.21442326998041	0
212.5	185.077255974595	40.4533659617701	1.57079631728248	0	15	7.22430850556872	0
212.75	185.077255976973	40.7033659617701	1.57079631728248	0	15	7.23417886713454	0
213	185.077255979351	40.9533659617701	1.57079631728248	0	15	7.24403441566665	0
213.25	185.07725598173	41.2033659617701	1.57079631728248	0	15	7.25387521173134	0
213.5	185.077255984108	41.4533659617701	1.57079631728248	0	15	7.26370131547652	0
213.75	185.077255986486	41.7033659617701	1.57079631728248	0	15	7.27351278663578	0
214	185.077255988864	41.9533659617701	1.57079631728248	0	15	7.28330968453238	0
214.25	185.077255991242	42.2033659617701	1.57079631728248	0	15	7.29309206808318	0
214.5	185.07725599362	42.4533659617701	1.57079631728248	0	15	7.30285999580258	0
214.75	185.077255995998	42.7033659617701	1.57079631728248	0	15	7.31261352580631	0
215	185.077255998376	42.9533659617701	1.57079631728248	0	15	7.3223527158153	0
215.25	185.077256000754	43.2033659617701	1.57079631728248	0	15	7.33207762315941	0
215.5	185.077256003133	43.4533659617701	1.57079631728248	0	15	7.34178830478112	0
215.75	185.077256005511	43.7033659617701	1.57079631728248	0	15	7.35148481723921	0
216	185.077256007889	43.9533659617701	1.57079631728248	0	15	7.36116721671242	0
216.25	185.077256010267	44.2033659617701	1.57079631728248	0	15	7.37083555900296	0
216.5	185.077256012645	44.4533659617701	1.57079631728248	0	15	7.3804898995401	0
216.75	185.077256015023	44.7033659617701	1.57079631728248	0	15	7.39013029338364	0
217	185.077256017401	44.9533659617701	1.57079631728248	0	15	7.39975679522733	0
217.25	185.077256019779	45.2033659617701	1.57079631728248	0	15	7.40936945940236	0
217.5	185.077256022157	45.4533659617701	1.57079631728248	0	15	7.41896833988065	0
217.75	185.077256024535	45.7033659617701	1.57079631728248	0	15	7.42855349027819	0
218	185.077256026914	45.9533659617701	1.57079631728248	0	15	7.43812496385838	0
218.25	185.077256029292	46.2033659617701	1.57079631728248	0	15	7.44768281353521	0
218.5	185.07725603167	46.4533659617701	1.57079631728248	0	15	7.45722709187653	0
218.75	185.077256034048	46.7033659617701	1.57079631728248	0	15	7.46675785110718	0
219	185.077256036426	46.9533659617701	1.57079631728248	0	15	7.47627514311214	0
219.25	185.077256038804	47.2033659617701	1.57079631728248	0	15	7.48577901943964	0
219.5	185.077256041182	47.4533659617701	1.57079631728248	0	15	7.49526953130421	0
219.75	185.07725604356	47.7033659617701	1.57079631728248	0	15	7.50474672958971	0
220	185.077256045938	47.9533659617701	1.57079631728248	0	15	7.51421066485232	0
220.25	185.077256048316	48.2033659617701	1.57079631728248	0	15	7.5236613873235	0
220.5	185.077256050695	48.4533659617701	1.57079631728248	0	15	7.53309894691291	0
220.75	185.077256053073	48.7033659617701	1.57079631728248	0	15	7.54252339321129	0
221	185.077256055451	48.9533659617701	1.57079631728248	0	15	7.55193477549335	0
221.25	185.077256057829	49.2033659617701	1.57079631728248	0	15	7.56133314272054	0
221.5	185.077256060207	49.4533659617701	1.57079631728248	0	15	7.57071854354389	0
221.75	185.077256062585	49.7033659617701	1.57079631728248	0	15	7.58009102630672	0
222	185.077256064963	49.9533659617701	1.57079631728248	0	15	7.58945063904741	0
222.25	185.077256067341	50.2033659617701	1.57079631728248	0	15	7.59879742950208	0
222.5	185.077256069719	50.4533659617701	1.57079631728248	0	15	7.60813144510726	0
222.75	185.077256072097	50.7033659617701	1.57079631728248	0	15	7.6174527330025	0
223	185.077256074476	50.9533659617701	1.57079631728248	0	15	7.62676134003299	0
223.25	185.077256076854	51.2033659617701	1.57079631728248	0	15	7.63605731275218	0
223.5	185.077256079232	51.4533659617701	1.57079631728248	0	15	7.64534069742425	0
223.75	185.07725608161	51.7033659617701	1.57079631728248	0	15	7.65461154002667	0
224	185.077256083988	51.9533659617701	1.57079631728248	0	15	7.66386988625271	0
224.25	185.077256086366	52.2033659617701	1.57079631728248	0	15	7.67311578151385	0
224.5	185.077256088744	52.4533659617701	1.57079631728248	0	15	7.68234927094225	0
224.75	185.077256091122	52.7033659617701	1.57079631728248	0	15	7.69157039939317	0
225	185.0772560935	52.9533659617701	1.57079631728248	0	15	7.70077921144733	0
225.25	185.077256095878	53.2033659617701	1.57079631728248	0	15	7.70997575141324	0
225.5	185.077256098257	53.4533659617701	1.57079631728248	0	15	7.71916006332959	0
225.75	185.077256100635	53.7033659617701	1.57079631728248	0	15	7.72833219096751	0
226	185.077256103013	53.9533659617701	1.57079631728248	0	15	7.73749217783285	0
226.25	185.077256105391	54.2033659617701	1.57079631728248	0	15	7.74664006716847	0
226.5	185.077256107769	54.4533659617701	1.57079631728248	0	15	7.75577590195642	0
226.75	185.077256110147	54.7033659617701	1.57079631728248	0	15	7.76489972492017	0
227	185.077256112525	54.9533659617701	1.57079631728248	0	15	7.77401157852679	0
227.25	185.077256114903	55.2033659617701	1.57079631728248	0	15	7.78311150498911	0
227.5	185.077256117281	55.4533659617701	1.57079631728248	0	15	7.79219954626784	0
227.75	185.077256119659	55.7033659617701	1.57079631728248	0	15	7.8012757440737	0
228	185.077256122038	55.9533659617701	1.57079631728248	0	15	7.81034013986949	0
228.25	185.077256124416	56.2033659617701	1.57079631728248	0	15	7.81939277487217	0
228.5	185.077256126794	56.4533659617701	1.57079631728248	0	15	7.82843369005488	0
228.75	185.077256129172	56.7033659617701	1.57079631728248	0	15	7.837462926149	0
229	185.07725613155	56.9533659617701	1.57079631728248	0	15	7.84648052364611	0
229.25	185.077256133928	57.2033659617701	1.57079631728248	0	15	7.85548652280001	0
229.5	185.077256136306	57.4533659617701	1.57079631728248	0	15	7.86448096362864	0
229.75	185.077256138684	57.7033659617701	1.57079631728248	0	15	7.87346388591603	0
230	185.077256141062	57.9533659617701	1.57079631728248	0	15	7.88243532921424	0
230.25	185.07725614344	58.2033659617701	1.57079631728248	0	15	7.89139533284521	0
230.5	185.077256145819	58.4533659617701	1.57079631728248	0	15	7.90034393590269	0
230.75	185.077256148197	58.7033659617701	1.57079631728248	0	15	7.90928117725405	0
231	185.077256150575	58.9533659617701	1.57079631728248	0	15	7.91820709554216	0
231.25	185.077256152953	59.2033659617701	1.57079631728248	0	15	7.92712172918716	0
231.5	185.077256155331	59.4533659617701	1.57079631728248	0	15	7.93602511638832	0
231.75	185.077256157709	59.7033659617701	1.57079631728248	0	15	7.94491729512576	0
232	185.077256160087	59.9533659617701	1.57079631728248	0	15	7.95379830316224	0
232.25	185.077256162465	60.2033659617701	1.57079631728248	0	15	7.96266817804494	0
232.5	185.077256164843	60.4533659617701	1.57079631728248	0	15	7.9715269571071	0
232.75	185.077256167221	60.7033659617701	1.57079631728248	0	15	7.98037467746983	0
233	185.0772561696	60.9533659617701	1.57079631728248	0	15	7.98921137604371	0
233.25	185.077256171978	61.2033659617701	1.57079631728248	0	15	7.99803708953053	0
233.5	185.077256174356	61.4533659617701	1.57079631728248	0	15	8.00685185442491	0
233.75	185.077256176734	61.7033659617701	1.57079631728248	0	15	8.01565570701596	0
234	185.077256179112	61.9533659617701	1.57079631728248	0	15	8.02444868338888	0
234.25	185.07725618149	62.2033659617701	1.57079631728248	0	15	8.03323081942659	0
234.5	185.077256183868	62.4533659617701	1.57079631728248	0	15	8.04200215081132	0
234.75	185.077256186246	62.7033659617701	1.57079631728248	0	15	8.05076271302615	0
235	185.077256188624	62.9533659617701	1.57079631728248	0	15	8.05951254135663	0
235.25	185.077256191003	63.2033659617701	1.57079631728248	0	15	8.06825167089224	0
235.5	185.077256193381	63.4533659617701	1.57079631728248	0	15	8.07698013652802	0
235.75	185.077256195759	63.7033659617701	1.57079631728248	0	15	8.08569797296598	0
236	185.077256198137	63.9533659617701	1.57079631728248	0	15	8.09440521471667	0
236.25	185.077256200515	64.2033659617701	1.57079631728248	0	15	8.10310189610061	0
236.5	185.077256202893	64.4533659617701	1.57079631728248	0	15	8.11178805124982	0
236.75	185.077256205271	64.7033659617701	1.57079631728248	0	15	8.12046371410919	0
237	185.077256207649	64.9533659617701	1.57079631728248	0	15	8.129128918438	0
237.25	185.077256210027	65.2033659617701	1.57079631728248	0	15	8.1377836978113	0
237.5	185.077256212405	65.4533659617701	1.57079631728248	0	15	8.14642808562131	0
237.75	185.077256214784	65.7033659617701	1.57079631728248	0	15	8.15506211507886	0
238	185.077256217162	65.9533659617701	1.57079631728248	0	15	8.16368581921472	0
238.25	185.07725621954	66.2033659617701	1.57079631728248	0	15	8.17229923088101	0
238.5	185.077256221918	66.4533659617701	1.57079631728248	0	15	8.18090238275255	0
238.75	185.077256224296	66.7033659617701	1.57079631728248	0	15	8.18949530732818	0
239	185.077256226674	66.9533659617701	1.57079631728248	0	15	8.19807803693211	0
239.25	185.077256229052	67.2033659617701	1.57079631728248	0	15	8.20665060371522	0
239.5	185.07725623143	67.4533659617701	1.57079631728248	0	15	8.21521303965639	0
239.75	185.077256233808	67.7033659617701	1.57079631728248	0	15	8.22376537656375	0
240	185.077256236186	67.9533659617701	1.57079631728248	0	15	8.23230764607602	0
240.25	185.077256238565	68.2033659617701	1.57079631728248	0	15	8.24083987966371	0
240.5	185.077256240943	68.4533659617701	1.57079631728248	0	15	8.2493621086304	0
240.75	185.077256243321	68.7033659617701	1.57079631728248	0	15	8.25787436411402	0
241	185.077256245699	68.9533659617701	1.57079631728248	0	15	8.266376677088	0
241.25	185.077256248077	69.2033659617701	1.57079631728248	0	15	8.27486907836258	0
241.5	185.077256250455	69.4533659617701	1.57079631728248	0	15	8.28335159858595	0
241.75	185.077256252833	69.7033659617701	1.57079631728248	0	15	8.29182426824545	0
242	185.077256255211	69.9533659617701	1.57079631728248	0	15	8.30028711766882	0
242.25	185.077256257589	70.2033659617701	1.57079631728248	0	15	8.30874017702527	0
242.5	185.077256259967	70.4533659617701	1.57079631728248	0	15	8.31718347632674	0
242.75	185.077256262346	70.7033659617701	1.57079631728248	0	15	8.32561704542898	0
243	185.077256264724	70.9533659617701	1.57079631728248	0	15	8.33404091403272	0
243.25	185.077256267102	71.2033659617701	1.57079631728248	0	15	8.34245511168483	0
243.5	185.07725626948	71.4533659617701	1.57079631728248	0	15	8.35085966777937	0
243.75	185.077256271858	71.7033659617701	1.57079631728248	0	15	8.35925461155874	0
244	185.077256274236	71.9533659617701	1.57079631728248	0	15	8.36763997211478	0
244.25	185.077256276614	72.2033659617701	1.57079631728248	0	15	8.37601577838985	0
244.5	185.077256278992	72.4533659617701	1.57079631728248	0	15	8.38438205917792	0
244.75	185.07725628137	72.7033659617701	1.57079631728248	0	15	8.3927388431256	0
245	185.077256283748	72.9533659617701	1.57079631728248	0	15	8.40108615873324	0
245.25	185.077256286127	73.2033659617701	1.57079631728248	0	15	8.40942403435596	0
245.5	185.077256288505	73.4533659617701	1.57079631728248	0	15	8.4177524982047	0
245.75	185.077256290883	73.7033659617701	1.57079631728248	0	15	8.42607157834723	0
246	185.077256293261	73.9533659617701	1.57079631728248	0	15	8.43438130270917	0
246.25	185.077256295639	74.2033659617701	1.57079631728248	0	15	8.44268169907503	0
246.5	185.077256298017	74.4533659617701	1.57079631728248	0	15	8.45097279508918	0
246.75	185.077256300395	74.7033659617701	1.57079631728248	0	15	8.45925461825685	0
247	185.077256302773	74.9533659617701	1.57079631728248	0	15	8.46752719594513	0
247.25	185.077256305151	75.2033659617701	1.57079631728248	0	15	8.4757905553839	0
247.5	185.077256307529	75.4533659617701	1.57079631728248	0	15	8.48404472366686	0
247.75	185.077256309908	75.7033659617701	1.57079631728248	0	15	8.49228972775242	0
248	185.077256312286	75.9533659617701	1.57079631728248	0	15	8.50052559446471	0
248.25	185.077256314664	76.2033659617701	1.57079631728248	0	15	8.50875235049446	0
248.5	185.077256317042	76.4533659617701	1.57079631728248	0	15	8.51697002239996	0
248.75	185.07725631942	76.7033659617701	1.57079631728248	0	15	8.525178636608	0
249	185.077256321798	76.9533659617701	1.57079631728248	0	15	8.53337821941475	0
249.25	185.077256324176	77.2033659617701	1.57079631728248	0	15	8.5415687969867	0
249.5	185.077256326554	77.4533659617701	1.57079631728248	0	15	8.54975039536151	0
249.75	185.077256328932	77.7033659617701	1.57079631728248	0	15	8.55792304044895	0
250	185.07725633131	77.9533659617701	1.57079631728248	0	15	8.56608675803175	0
250.25	185.077256333689	78.2033659617701	1.57079631728248	0	15	8.57424157376651	0
250.5	185.077256336067	78.4533659617701	1.57079631728248	0	15	8.5823875131845	0
250.75	185.077256338445	78.7033659617701	1.57079631728248	0	15	8.59052460169259	0
251	185.077256340823	78.9533659617701	1.57079631728248	0	15	8.59865286457408	0
251.25	185.077256343201	79.2033659617701	1.57079631728248	0	15	8.60677232698951	0
251.5	185.077256345579	79.4533659617701	1.57079631728248	0	15	8.61488301397753	0
251.75	185.077256347957	79.7033659617701	1.57079631728248	0	15	8.62298495045574	0
252	185.077256350335	79.9533659617701	1.57079631728248	0	15	8.63107816122147	0
252.25	185.077256352713	80.2033659617701	1.57079631728248	0	15	8.63916267095262	0
252.5	185.077256355091	80.4533659617701	1.57079631728248	0	15	8.64723850420849	0
252.75	185.07725635747	80.7033659617701	1.57079631728248	0	15	8.65530568543053	0
253	185.077256359848	80.9533659617701	1.57079631728248	0	15	8.66336423894316	0
253.25	185.077256362226	81.2033659617701	1.57079631728248	0	15	8.67141418895458	0
253.5	185.077256364604	81.4533659617701	1.57079631728248	0	15	8.67945555955749	0
253.75	185.077256366982	81.7033659617701	1.57079631728248	0	15	8.68748837472994	0
254	185.07725636936	81.9533659617701	1.57079631728248	0	15	8.69551265833603	0
254.25	185.077256371738	82.2033659617701	1.57079631728248	0	15	8.7035284341267	0
254.5	185.077256374116	82.4533659617701	1.57079631728248	0	15	8.71153572574048	0
254.75	185.077256376494	82.7033659617701	1.57079631728248	0	15	8.71953455670424	0
255	185.077256378873	82.9533659617701	1.57079631728248	0	15	8.72752495043393	0
255.25	185.077256381251	83.2033659617701	1.57079631728248	0	15	8.7355069302353	0
255.5	185.077256383629	83.4533659617701	1.57079631728248	0	15	8.74348051930466	0
255.75	185.077256386007	83.7033659617701	1.57079631728248	0	15	8.75144574072955	0
256	185.077256388385	83.9533659617701	1.57079631728248	0	15	8.75940261748952	0
256.25	185.077256390763	84.2033659617701	1.57079631728248	0	15	8.76735117245679	0
256.5	185.077256393141	84.4533659617701	1.57079631728248	0	15	8.77529142839697	0
256.75	185.077256395519	84.7033659617701	1.57079631728248	0	15	8.78322340796976	0
257	185.077256397897	84.9533659617701	1.57079631728248	0	15	8.79114713372964	0
257.25	185.077256400275	85.2033659617701	1.57079631728248	0	15	8.79906262812657	0
257.5	185.077256402654	85.4533659617701	1.57079631728248	0	15	8.80696991350664	0
257.75	185.077256405032	85.7033659617701	1.57079631728248	0	15	8.81486901211277	0
258	185.07725640741	85.9533659617701	1.57079631728248	0	15	8.82275994608536	0
258.25	185.077256409788	86.2033659617701	1.57079631728248	0	15	8.83064273746298	0
258.5	185.077256412166	86.4533659617701	1.57079631728248	0	15	8.838517408183	0
258.75	185.077256414544	86.7033659617701	1.57079631728248	0	15	8.84638398008226	0
259	185.077256416922	86.9533659617701	1.57079631728248	0	15	8.85424247489771	0
259.25	185.0772564193	87.2033659617701	1.57079631728248	0	15	8.86209291426706	0
259.5	185.077256421678	87.4533659617701	1.57079631728248	0	15	8.86993531972939	0
259.75	185.077256424056	87.7033659617701	1.57079631728248	0	15	8.87776971272583	0
260	185.077256426435	87.9533659617701	1.57079631728248	0	15	8.88559611460013	0
260.25	185.077256428813	88.2033659617701	1.57079631728248	0	15	8.89341454659932	0
260.5	185.077256431191	88.4533659617701	1.57079631728248	0	15	8.90122502987432	0
260.75	185.077256433569	88.7033659617701	1.57079631728248	0	15	8.90902758548054	0
261	185.077256435947	88.9533659617701	1.57079631728248	0	15	8.91682223437847	0
261.25	185.077256438325	89.2033659617701	1.57079631728248	0	15	8.92460899743433	0
261.5	185.077256440703	89.4533659617701	1.57079631728248	0	15	8.93238789542062	0
261.75	185.077256443081	89.7033659617701	1.57079631728248	0	15	8.94015894901673	0
262	185.077256445459	89.9533659617701	1.57079631728248	0	15	8.94792217880953	0
262.25	185.077256447837	90.2033659617701	1.57079631728248	0	15	8.95567760529395	0
262.5	185.077256450216	90.4533659617701	1.57079631728248	0	15	8.96342524887353	0
262.75	185.077256452594	90.7033659617701	1.57079631728248	0	15	8.97116512986103	0
263	185.077256454972	90.9533659617701	1.57079631728248	0	15	8.97889726847899	0
263.25	185.07725645735	91.2033659617701	1.57079631728248	0	15	8.98662168486027	0
263.5	185.077256459728	91.4533659617701	1.57079631728248	0	15	8.99433839904863	0
263.75	185.077256462106	91.7033659617701	1.57079631728248	0	15	9.00204743099927	0
264	185.077256464484	91.9533659617701	1.57079631728248	0	15	9.0097488005794	0
264.25	185.077256466862	92.2033659617701	1.57079631728248	0	15	9.01744252756878	0
264.5	185.07725646924	92.4533659617701	1.57079631728248	0	15	9.02512863166021	0
264.75	185.077256471618	92.7033659617701	1.57079631728248	0	15	9.03280713246017	0
265	185.077256473997	92.9533659617701	1.57079631728248	0	15	9.04047804948924	0
265.25	185.077256476375	93.2033659617701	1.57079631728248	0	15	9.04814140218272	0
265.5	185.077256478753	93.4533659617701	1.57079631728248	0	15	9.05579720989108	0
265.75	185.077256481131	93.7033659617701	1.57079631728248	0	15	9.06344549188053	0
266	185.077256483509	93.9533659617701	1.57079631728248	0	15	9.07108626733354	0
266.25	185.077256485887	94.2033659617701	1.57079631728248	0	15	9.07871955534929	0
266.5	185.077256488265	94.4533659617701	1.57079631728248	0	15	9.08634537494426	0
266.75	185.077256490643	94.7033659617701	1.57079631728248	0	15	9.09396374505265	0
267	185.077256493021	94.9533659617701	1.57079631728248	0	15	9.10157468452696	0
267.25	185.077256495399	95.2033659617701	1.57079631728248	0	15	9.10917821213843	0
267.5	185.077256497778	95.4533659617701	1.57079631728248	0	15	9.11677434657755	0
267.75	185.077256500156	95.7033659617701	1.57079631728248	0	15	9.12436310645455	0
268	185.077256502534	95.9533659617701	1.57079631728248	0	15	9.13194451029989	0
268.25	185.077256504912	96.2033659617701	1.57079631728248	0	15	9.13951857656472	0
268.5	185.07725650729	96.4533659617701	1.57079631728248	0	15	9.14708532362137	0
268.75	185.077256509668	96.7033659617701	1.57079631728248	0	15	9.15464476976384	0
269	185.077256512046	96.9533659617701	1.57079631728248	0	15	9.16219693320824	0
269.25	185.077256514424	97.2033659617701	1.57079631728248	0	15	9.16974183209326	0
269.5	185.077256516802	97.4533659617701	1.57079631728248	0	15	9.17727948448065	0
269.75	185.07725651918	97.7033659617701	1.57079631728248	0	15	9.18480990835568	0
270	185.077256521559	97.9533659617701	1.57079631728248	0	15	9.19233312162756	0
270.25	185.077256523937	98.2033659617701	1.57079631728248	0	15	9.19984914212993	0
270.5	185.077256526315	98.4533659617701	1.57079631728248	0	15	9.2073579876213	0
270.75	185.077256528693	98.7033659617701	1.57079631728248	0	15	9.21485967578548	0
271	185.077256531071	98.9533659617701	1.57079631728248	0	15	9.22235422423203	0
271.25	185.077256533449	99.2033659617701	1.57079631728248	0	15	9.2298416504967	0
271.5	185.077256535827	99.4533659617701	1.57079631728248	0	15	9.23732197204188	0
271.75	185.077256538205	99.7033659617701	1.57079631728248	0	15	9.24479520625698	0
272	185.077256540583	99.9533659617701	1.57079631728248	0	15	9.25226137045894	0
272.25	185.077256542961	100.20336596177	1.57079631728248	0	15	9.25972048189256	0
272.5	185.07725654534	100.45336596177	1.57079631728248	0	15	9.267172557731	0
272.75	185.077256547718	100.70336596177	1.57079631728248	0	15	9.27461761507617	0
273	185.077256550096	100.95336596177	1.57079631728248	0	15	9.28205567095913	0
273.25	185.077256552474	101.20336596177	1.57079631728248	0	15	9.28948674234052	0
273.5	185.077256554852	101.45336596177	1.57079631728248	0	15	9.29691084611097	0
273.75	185.07725655723	101.70336596177	1.57079631728248	0	15	9.30432799909151	0
274	185.077256559608	101.95336596177	1.57079631728248	0	15	9.31173821803395	0
274.25	185.077256561986	102.20336596177	1.57079631728248	0	15	9.31914151962131	0
274.5	185.077256564364	102.45336596177	1.57079631728248	0	15	9.32653792046819	0
274.75	185.077256566743	102.70336596177	1.57079631728248	0	15	9.33392743712118	0
275	185.077256569121	102.95336596177	1.57079631728248	0	15	9.34131008605925	0
275.25	185.077256571499	103.20336596177	1.57079631728248	0	15	9.34868588369415	0
275.5	185.077256573877	103.45336596177	1.57079631728248	0	15	9.35605484637076	0
275.75	185.077256576255	103.70336596177	1.57079631728248	0	15	9.36341699036751	0
276	185.077256578633	103.95336596177	1.57079631728248	0	15	9.37077233189675	0
276.25	185.077256581011	104.20336596177	1.57079631728248	0	15	9.3781208871051	0
276.5	185.077256583389	104.45336596177	1.57079631728248	0	15	9.38546267207386	0
276.75	185.077256585767	104.70336596177	1.57079631728248	0	15	9.39279770281939	0
277	185.077256588145	104.95336596177	1.57079631728248	0	15	9.40012599529341	0
277.25	185.077256590524	105.20336596177	1.57079631728248	0	15	9.40744756538347	0
277.5	185.077256592902	105.45336596177	1.57079631728248	0	15	9.4147624289132	0
277.75	185.07725659528	105.70336596177	1.57079631728248	0	15	9.42207060164276	0
278	185.077256597658	105.95336596177	1.57079631728248	0	15	9.42937209926917	0
278.25	185.077256600036	106.20336596177	1.57079631728248	0	15	9.43666693742665	0
278.5	185.077256602414	106.45336596177	1.57079631728248	0	15	9.44395513168699	0
278.75	185.077256604792	106.70336596177	1.57079631728248	0	15	9.45123669755989	0
279	185.07725660717	106.95336596177	1.57079631728248	0	15	9.45851165049332	0
279.25	185.077256609548	107.20336596177	1.57079631728248	0	15	9.46578000587385	0
279.5	185.077256611926	107.45336596177	1.57079631728248	0	15	9.47304177902702	0
279.75	185.077256614305	107.70336596177	1.57079631728248	0	15	9.48029698521763	0
280	185.077256616683	107.95336596177	1.57079631728248	0	15	9.48754563965016	0
280.25	185.077256619061	108.20336596177	1.57079631728248	0	15	9.49478775746901	0
280.5	185.077256621439	108.45336596177	1.57079631728248	0	15	9.5020233537589	0
280.75	185.077256623817	108.70336596177	1.57079631728248	0	15	9.50925244354518	0
281	185.077256626195	108.95336596177	1.57079631728248	0	15	9.51647504179416	0
281.25	185.077256628573	109.20336596177	1.57079631728248	0	15	9.52369116341342	0
281.5	185.077256630951	109.45336596177	1.57079631728248	0	15	9.53090082325219	0
281.75	185.077256633329	109.70336596177	1.57079631728248	0	15	9.53810403610157	0
282	185.077256635707	109.95336596177	1.57079631728248	0	15	9.54530081669497	0
282.25	185.077256638086	110.20336596177	1.57079631728248	0	15	9.55249117970833	0
282.5	185.077256640464	110.45336596177	1.57079631728248	0	15	9.55967513976048	0
282.75	185.077256642842	110.70336596177	1.57079631728248	0	15	9.56685271141346	0
283	185.07725664522	110.95336596177	1.57079631728248	0	15	9.57402390917278	0
283.25	185.077256647598	111.20336596177	1.57079631728248	0	15	9.58118874748781	0
283.5	185.077256649976	111.45336596177	1.57079631728248	0	15	9.588347240752	0
283.75	185.077256652354	111.70336596177	1.57079631728248	0	15	9.59549940330324	0
284	185.077256654732	111.95336596177	1.57079631728248	0	15	9.60264524942415	0
284.25	185.07725665711	112.20336596177	1.57079631728248	0	15	9.60978479334237	0
284.5	185.077256659488	112.45336596177	1.57079631728248	0	15	9.61691804923085	0
284.75	185.077256661867	112.70336596177	1.57079631728248	0	15	9.62404503120818	0
285	185.077256664245	112.95336596177	1.57079631728248	0	15	9.63116575333884	0
285.25	185.077256666623	113.20336596177	1.57079631728248	0	15	9.63828022963353	0
285.5	185.077256669001	113.45336596177	1.57079631728248	0	15	9.64538847404943	0
285.75	185.077256671379	113.70336596177	1.57079631728248	0	15	9.65249050049051	0
286	185.077256673757	113.95336596177	1.57079631728248	0	15	9.65958632280779	0
286.25	185.077256676135	114.20336596177	1.57079631728248	0	15	9.66667595479966	0
286.5	185.077256678513	114.45336596177	1.57079631728248	0	15	9.67375941021212	0
286.75	185.077256680891	114.70336596177	1.57079631728248	0	15	9.6808367027391	0
287	185.077256683269	114.95336596177	1.57079631728248	0	15	9.68790784602268	0
287.25	185.077256685648	115.20336596177	1.57079631728248	0	15	9.69497285365345	0
287.5	185.077256688026	115.45336596177	1.57079631728248	0	15	9.70203173917071	0
287.75	185.077256690404	115.70336596177	1.57079631728248	0	15	9.70908451606277	0
288	185.077256692782	115.95336596177	1.57079631728248	0	15	9.71613119776721	0
288.25	185.07725669516	116.20336596177	1.57079631728248	0	15	9.72317179767119	0
288.5	185.077256697538	116.45336596177	1.57079631728248	0	15	9.73020632911165	0
288.75	185.077256699916	116.70336596177	1.57079631728248	0	15	9.73723480537563	0
289	185.077256702294	116.95336596177	1.57079631728248	0	15	9.74425723970049	0
289.25	185.077256704672	117.20336596177	1.57079631728248	0	15	9.75127364527422	0
289.5	185.07725670705	117.45336596177	1.57079631728248	0	15	9.75828403523564	0
289.75	185.077256709429	117.70336596177	1.57079631728248	0	15	9.76528842267472	0
290	185.077256711807	117.95336596177	1.57079631728248	0	15	9.77228682063278	0
290.25	185.077256714185	118.20336596177	1.57079631728248	0	15	9.77927924210277	0
290.5	185.077256716563	118.45336596177	1.57079631728248	0	15	9.78626570002956	0
290.75	185.077256718941	118.70336596177	1.57079631728248	0	15	9.79324620731009	0
291	185.077256721319	118.95336596177	1.57079631728248	0	15	9.80022077679374	0
291.25	185.077256723697	119.20336596177	1.57079631728248	0	15	9.80718942128247	0
291.5	185.077256726075	119.45336596177	1.57079631728248	0	15	9.81415215353115	0
291.75	185.077256728453	119.70336596177	1.57079631728248	0	15	9.82110898624775	0
292	185.077256730831	119.95336596177	1.57079631728248	0	15	9.82805993209361	0
292.25	185.07725673321	120.20336596177	1.57079631728248	0	15	9.83500500368366	0
292.5	185.077256735588	120.45336596177	1.57079631728248	0	15	9.84194421358669	0
292.75	185.077256737966	120.70336596177	1.57079631728248	0	15	9.84887757432553	0
293	185.077256740344	120.95336596177	1.57079631728248	0	15	9.85580509837738	0
293.25	185.077256742722	121.20336596177	1.57079631728248	0	15	9.86272679817394	0
293.5	185.0772567451	121.45336596177	1.57079631728248	0	15	9.86964268610172	0
293.75	185.077256747478	121.70336596177	1.57079631728248	0	15	9.87655277450223	0
294	185.077256749856	121.95336596177	1.57079631728248	0	15	9.88345707567223	0
294.25	185.077256752234	122.20336596177	1.57079631728248	0	15	9.89035560186394	0
294.5	185.077256754613	122.45336596177	1.57079631728248	0	15	9.8972483652853	0
294.75	185.077256756991	122.70336596177	1.57079631728248	0	15	9.90413537810016	0
295	185.077256759369	122.95336596177	1.57079631728248	0	15	9.91101665242852	0
295.25	185.077256761747	123.20336596177	1.57079631728248	0	15	9.91789220034674	0
295.5	185.077256764125	123.45336596177	1.57079631728248	0	15	9.92476203388779	0
295.75	185.077256766503	123.70336596177	1.57079631728248	0	15	9.93162616504143	0
296	185.077256768881	123.95336596177	1.57079631728248	0	15	9.93848460575448	0
296.25	185.077256771259	124.20336596177	1.57079631728248	0	15	9.94533736793097	0
296.5	185.077256773637	124.45336596177	1.57079631728248	0	15	9.95218446343241	0
296.75	185.077256776015	124.70336596177	1.57079631728248	0	15	9.95902590407799	0
297	185.077256778394	124.95336596177	1.57079631728248	0	15	9.96586170164477	0
297.25	185.077256780772	125.20336596177	1.57079631728248	0	15	9.97269186786792	0
297.5	185.07725678315	125.45336596177	1.57079631728248	0	15	9.97951641444092	0
297.75	185.077256785528	125.70336596177	1.57079631728248	0	15	9.98633535301577	0
298	185.077256787906	125.95336596177	1.57079631728248	0	15	9.99314869520317	0
298.25	185.077256790284	126.20336596177	1.57079631728248	0	15	9.99995645257278	0
298.5	185.077256792662	126.45336596177	1.57079631728248	0	15	10.0067586366534	0
298.75	185.07725679504	126.70336596177	1.57079631728248	0	15	10.0135552589331	0
299	185.077256797418	126.95336596177	1.57079631728248	0	15	10.0203463308595	0
299.25	185.077256799796	127.20336596177	1.57079631728248	0	15	10.0271318638402	0
299.5	185.077256802175	127.45336596177	1.57079631728248	0	15	10.0339118692423	0
299.75	185.077256804553	127.70336596177	1.57079631728248	0	15	10.0406863583934	0
300	185.077256806931	127.95336596177	1.57079631728248	0	15	10.0474553425813	0
300.25	185.077256809309	128.20336596177	1.57079631728248	0	15	10.0542188330543	0
300.5	185.077256811687	128.45336596177	1.57079631728248	0	15	10.0609768410215	0
300.75	185.077256814065	128.70336596177	1.57079631728248	0	15	10.0677293776528	0
301	185.077256816443	128.95336596177	1.57079631728248	0	15	10.0744764540794	0
301.25	185.077256818821	129.20336596177	1.57079631728248	0	15	10.0812180813935	0
301.5	185.077256821199	129.45336596177	1.57079631728248	0	15	10.0879542706492	0
301.75	185.077256823577	129.70336596177	1.57079631728248	0	15	10.094685032862	0
302	185.077256825956	129.95336596177	1.57079631728248	0	15	10.1014103790092	0
302.25	185.077256828334	130.20336596177	1.57079631728248	0	15	10.1081303200303	0
302.5	185.077256830712	130.45336596177	1.57079631728248	0	15	10.114844866827	0
302.75	185.07725683309	130.70336596177	1.57079631728248	0	15	10.1215540302635	0
303	185.077256835468	130.95336596177	1.57079631728248	0	15	10.1282578211664	0
303.25	185.077256837846	131.20336596177	1.57079631728248	0	15	10.1349562503253	0
303.5	185.077256840224	131.45336596177	1.57079631728248	0	15	10.1416493284926	0
303.75	185.077256842602	131.70336596177	1.57079631728248	0	15	10.1483370663839	0
304	185.07725684498	131.95336596177	1.57079631728248	0	15	10.1550194746781	0
304.25	185.077256847358	132.20336596177	1.57079631728248	0	15	10.1616965640176	0
304.5	185.077256849737	132.45336596177	1.57079631728248	0	15	10.1683683450085	0
304.75	185.077256852115	132.70336596177	1.57079631728248	0	15	10.1750348282208	0
305	185.077256854493	132.95336596177	1.57079631728248	0	15	10.1816960241884	0
305.25	185.077256856871	133.20336596177	1.57079631728248	0	15	10.1883519434094	0
305.5	185.077256859249	133.45336596177	1.57079631728248	0	15	10.1950025963463	0
305.75	185.077256861627	133.70336596177	1.57079631728248	0	15	10.2016479934262	0
306	185.077256864005	133.95336596177	1.57079631728248	0	15	10.2082881450407	0
306.25	185.077256866383	134.20336596177	1.57079631728248	0	15	10.2149230615466	0
306.5	185.077256868761	134.45336596177	1.57079631728248	0	15	10.2215527532654	0
306.75	185.077256871139	134.70336596177	1.57079631728248	0	15	10.2281772304841	0
307	185.077256873518	134.95336596177	1.57079631728248	0	15	10.2347965034547	0
307.25	185.077256875896	135.20336596177	1.57079631728248	0	15	10.2414105823951	0
307.5	185.077256878274	135.45336596177	1.57079631728248	0	15	10.2480194774887	0
307.75	185.077256880652	135.70336596177	1.57079631728248	0	15	10.2546231988848	0
308	185.07725688303	135.95336596177	1.57079631728248	0	15	10.2612217566988	0
308.25	185.077256885408	136.20336596177	1.57079631728248	0	15	10.2678151610121	0
308.5	185.077256887786	136.45336596177	1.57079631728248	0	15	10.2744034218726	0
308.75	185.077256890164	136.70336596177	1.57079631728248	0	15	10.2809865492946	0
309	185.077256892542	136.95336596177	1.57079631728248	0	15	10.2875645532592	0
309.25	185.07725689492	137.20336596177	1.57079631728248	0	15	10.2941374437141	0
309.5	185.077256897299	137.45336596177	1.57079631728248	0	15	10.3007052305741	0
309.75	185.077256899677	137.70336596177	1.57079631728248	0	15	10.3072679237211	0
310	185.077256902055	137.95336596177	1.57079631728248	0	15	10.3138255330043	0
310.25	185.077256904433	138.20336596177	1.57079631728248	0	15	10.3203780682403	0
310.5	185.077256906811	138.45336596177	1.57079631728248	0	15	10.3269255392132	0
310.75	185.077256909189	138.70336596177	1.57079631728248	0	15	10.3334679556749	0
311	185.077256911567	138.95336596177	1.57079631728248	0	15	10.3400053273453	0
311.25	185.077256913945	139.20336596177	1.57079631728248	0	15	10.3465376639122	0
311.5	185.077256916323	139.45336596177	1.57079631728248	0	15	10.3530649750314	0
311.75	185.077256918701	139.70336596177	1.57079631728248	0	15	10.3595872703275	0
312	185.07725692108	139.95336596177	1.57079631728248	0	15	10.366104559393	0
312.25	185.077256923458	140.20336596177	1.57079631728248	0	15	10.3726168517895	0
312.5	185.077256925836	140.45336596177	1.57079631728248	0	15	10.3791241570471	0
312.75	185.077256928214	140.70336596177	1.57079631728248	0	15	10.3856264846648	0
313	185.077256930592	140.95336596177	1.57079631728248	0	15	10.3921238441108	0
313.25	185.07725693297	141.20336596177	1.57079631728248	0	15	10.3986162448224	0
313.5	185.077256935348	141.45336596177	1.57079631728248	0	15	10.4051036962061	0
313.75	185.077256937726	141.70336596177	1.57079631728248	0	15	10.4115862076382	0
314	185.077256940104	141.95336596177	1.57079631728248	0	15	10.4180637884642	0
314.25	185.077256942483	142.20336596177	1.57079631728248	0	15	10.4245364479997	0
314.5	185.077256944861	142.45336596177	1.57079631728248	0	15	10.43100419553	0
314.75	185.077256947239	142.70336596177	1.57079631728248	0	15	10.4374670403105	0
315	185.077256949617	142.95336596177	1.57079631728248	0	15	10.4439249915666	0
315.25	185.077256951995	143.20336596177	1.57079631728248	0	15	10.4503780584943	0
315.5	185.077256954373	143.45336596177	1.57079631728248	0	15	10.4568262502598	0
315.75	185.077256956751	143.70336596177	1.57079631728248	0	15	10.4632695759999	0
316	185.077256959129	143.95336596177	1.57079631728248	0	15	10.4697080448221	0
316.25	185.077256961507	144.20336596177	1.57079631728248	0	15	10.4761416658047	0
316.5	185.077256963885	144.45336596177	1.57079631728248	0	15	10.4825704479972	0
316.75	185.077256966264	144.70336596177	1.57079631728248	0	15	10.4889944004197	0
317	185.077256968642	144.95336596177	1.57079631728248	0	15	10.4954135320641	0
317.25	185.07725697102	145.20336596177	1.57079631728248	0	15	10.5018278518933	0
317.5	185.077256973398	145.45336596177	1.57079631728248	0	15	10.5082373688417	0
317.75	185.077256975776	145.70336596177	1.57079631728248	0	15	10.5146420918154	0
318	185.077256978154	145.95336596177	1.57079631728248	0	15	10.5210420296921	0
318.25	185.077256980532	146.20336596177	1.57079631728248	0	15	10.5274371913216	0
318.5	185.07725698291	146.45336596177	1.57079631728248	0	15	10.5338275855255	0
318.75	185.077256985288	146.70336596177	1.57079631728248	0	15	10.5402132210976	0
319	185.077256987666	146.95336596177	1.57079631728248	0	15	10.5465941068038	0
319.25	185.077256990045	147.20336596177	1.57079631728248	0	15	10.5529702513825	0
319.5	185.077256992423	147.45336596177	1.57079631728248	0	15	10.5593416635445	0
319.75	185.077256994801	147.70336596177	1.57079631728248	0	15	10.5657083519734	0
320	185.077256997179	147.95336596177	1.57079631728248	0	15	10.5720703253252	0
320.25	185.077256999557	148.20336596177	1.57079631728248	0	15	10.5784275922289	0
320.5	185.077257001935	148.45336596177	1.57079631728248	0	15	10.5847801612867	0
320.75	185.077257004313	148.70336596177	1.57079631728248	0	15	10.5911280410734	0
321	185.077257006691	148.95336596177	1.57079631728248	0	15	10.5974712401375	0
321.25	185.077257009069	149.20336596177	1.57079631728248	0	15	10.6038097670004	0
321.5	185.077257011447	149.45336596177	1.57079631728248	0	15	10.6101436301573	0
321.75	185.077257013826	149.70336596177	1.57079631728248	0	15	10.6164728380767	0
322	185.077257016204	149.95336596177	1.57079631728248	0	15	10.6227973992009	0
322.25	185.077257018582	150.20336596177	1.57079631728248	0	15	10.629117321946	0
322.5	185.07725702096	150.45336596177	1.57079631728248	0	15	10.6354326147019	0
322.75	185.077257023338	150.70336596177	1.57079631728248	0	15	10.6417432858325	0
323	185.077257025716	150.95336596177	1.57079631728248	0	15	10.6480493436761	0
323.25	185.077257028094	151.20336596177	1.57079631728248	0	15	10.6543507965449	0
323.5	185.077257030472	151.45336596177	1.57079631728248	0	15	10.6606476527256	0
323.75	185.07725703285	151.70336596177	1.57079631728248	0	15	10.6669399204794	0
324	185.077257035228	151.95336596177	1.57079631728248	0	15	10.6732276080421	0
324.25	185.077257037607	152.20336596177	1.57079631728248	0	15	10.679510723624	0
324.5	185.077257039985	152.45336596177	1.57079631728248	0	15	10.6857892754105	0
324.75	185.077257042363	152.70336596177	1.57079631728248	0	15	10.6920632715617	0
325	185.077257044741	152.95336596177	1.57079631728248	0	15	10.6983327202126	0
325.25	185.077257047119	153.20336596177	1.57079631728248	0	15	10.7045976294737	0
325.5	185.077257049497	153.45336596177	1.57079631728248	0	15	10.7108580074303	0
325.75	185.077257051875	153.70336596177	1.57079631728248	0	15	10.7171138621433	0
326	185.077257054253	153.95336596177	1.57079631728248	0	15	10.7233652016491	0
326.25	185.077257056631	154.20336596177	1.57079631728248	0	15	10.7296120339594	0
326.5	185.077257059009	154.45336596177	1.57079631728248	0	15	10.7358543670618	0
326.75	185.077257061388	154.70336596177	1.57079631728248	0	15	10.7420922089194	0
327	185.077257063766	154.95336596177	1.57079631728248	0	15	10.7483255674714	0
327.25	185.077257066144	155.20336596177	1.57079631728248	0	15	10.7545544506328	0
327.5	185.077257068522	155.45336596177	1.57079631728248	0	15	10.7607788662948	0
327.75	185.0772570709	155.70336596177	1.57079631728248	0	15	10.7669988223247	0
328	185.077257073278	155.95336596177	1.57079631728248	0	15	10.773214326566	0
328.25	185.077257075656	156.20336596177	1.57079631728248	0	15	10.7794253868387	0
328.5	185.077257078034	156.45336596177	1.57079631728248	0	15	10.7856320109392	0
328.75	185.077257080412	156.70336596177	1.57079631728248	0	15	10.7918342066404	0
329	185.07725708279	156.95336596177	1.57079631728248	0	15	10.7980319816921	0
329.25	185.077257085169	157.20336596177	1.57079631728248	0	15	10.8042253438207	0
329.5	185.077257087547	157.45336596177	1.57079631728248	0	15	10.8104143007294	0
329.75	185.077257089925	157.70336596177	1.57079631728248	0	15	10.8165988600984	0
330	185.077257092303	157.95336596177	1.57079631728248	0	15	10.8227790295852	0
330.25	185.077257094681	158.20336596177	1.57079631728248	0	15	10.8289548168242	0
330.5	185.077257097059	158.45336596177	1.57079631728248	0	15	10.8351262294271	0
330.75	185.077257099437	158.70336596177	1.57079631728248	0	15	10.8412932749829	0
331	185.077257101815	158.95336596177	1.57079631728248	0	15	10.8474559610583	0
331.25	185.077257104193	159.20336596177	1.57079631728248	0	15	10.8536142951973	0
331.5	185.077257106571	159.45336596177	1.57079631728248	0	15	10.8597682849215	0
331.75	185.07725710895	159.70336596177	1.57079631728248	0	15	10.8659179377304	0
332	185.077257111328	159.95336596177	1.57079631728248	0	15	10.8720632611012	0
332.25	185.077257113706	160.20336596177	1.57079631728248	0	15	10.8782042624891	0
332.5	185.077257116084	160.45336596177	1.57079631728248	0	15	10.8843409493273	0
332.75	185.077257118462	160.70336596177	1.57079631728248	0	15	10.8904733290269	0
333	185.07725712084	160.95336596177	1.57079631728248	0	15	10.8966014089775	0
333.25	185.077257123218	161.20336596177	1.57079631728248	0	15	10.9027251965468	0
333.5	185.077257125596	161.45336596177	1.57079631728248	0	15	10.9088446990807	0
333.75	185.077257127974	161.70336596177	1.57079631728248	0	15	10.914959923904	0
334	185.077257130353	161.95336596177	1.57079631728248	0	15	10.9210708783196	0
334.25	185.077257132731	162.20336596177	1.57079631728248	0	15	10.9271775696094	0
334.5	185.077257135109	162.45336596177	1.57079631728248	0	15	10.9332800050336	0
334.75	185.077257137487	162.70336596177	1.57079631728248	0	15	10.9393781918317	0
335	185.077257139865	162.95336596177	1.57079631728248	0	15	10.9454721372217	0
335.25	185.077257142243	163.20336596177	1.57079631728248	0	15	10.9515618484007	0
335.5	185.077257144621	163.45336596177	1.57079631728248	0	15	10.9576473325451	0
335.75	185.077257146999	163.70336596177	1.57079631728248	0	15	10.9637285968101	0
336	185.077257149377	163.95336596177	1.57079631728248	0	15	10.9698056483304	0
336.25	185.077257151755	164.20336596177	1.57079631728248	0	15	10.9504571226868	0
336.5	185.077257154134	164.45336596177	1.57079631728248	0	15	10.9293974876056	0
336.75	185.077257156512	164.70336596177	1.57079631728248	0	15	10.9083001193835	0
337	185.07725715889	164.95336596177	1.57079631728248	0	15	10.8871647982545	0
337.25	185.077257161268	165.20336596177	1.57079631728248	0	15	10.8659913023468	0
337.5	185.077257163646	165.45336596177	1.57079631728248	0	15	10.8447794076542	0
337.75	185.077257166024	165.70336596177	1.57079631728248	0	15	10.8235288880076	0
338	185.077257168402	165.95336596177	1.57079631728248	0	15	10.8022395150453	0
338.25	185.07725717078	166.20336596177	1.57079631728248	0	15	10.7809110581837	0
338.5	185.077257173158	166.45336596177	1.57079631728248	0	15	10.7595432845865	0
338.75	185.077257175536	166.70336596177	1.57079631728248	0	15	10.738135959134	0
339	185.077257177915	166.95336596177	1.57079631728248	0	15	10.7166888443918	0
339.25	185.077257180293	167.20336596177	1.57079631728248	0	15	10.6952017005786	0
339.5	185.077257182671	167.45336596177	1.57079631728248	0	15	10.6736742855339	0
339.75	185.077257185049	167.70336596177	1.57079631728248	0	15	10.6521063546848	0
340	185.077257187427	167.95336596177	1.57079631728248	0	15	10.630497661012	0
340.25	185.077257189805	168.20336596177	1.57079631728248	0	15	10.6088479550158	0
340.5	185.077257192183	168.45336596177	1.57079631728248	0	15	10.5871569846813	0
340.75	185.077257194561	168.70336596177	1.57079631728248	0	15	10.5654244954423	0
341	185.077257196939	168.95336596177	1.57079631728248	0	15	10.5436502301454	0
341.25	185.077257199317	169.20336596177	1.57079631728248	0	15	10.521833929013	0
341.5	185.077257201696	169.45336596177	1.57079631728248	0	15	10.4999753296059	0
341.75	185.077257204074	169.70336596177	1.57079631728248	0	15	10.4780741667847	0
342	185.077257206452	169.95336596177	1.57079631728248	0	15	10.4561301726712	0
342.25	185.07725720883	170.20336596177	1.57079631728248	0	15	10.4341430766084	0
342.5	185.077257211208	170.45336596177	1.57079631728248	0	15	10.4121126051201	0
342.75	185.077257213586	170.70336596177	1.57079631728248	0	15	10.3900384818698	0
343	185.077257215964	170.95336596177	1.57079631728248	0	15	10.3679204276188	0
343.25	185.077257218342	171.20336596177	1.57079631728248	0	15	10.345758160183	0
343.5	185.07725722072	171.45336596177	1.57079631728248	0	15	10.3235513943896	0
343.75	185.077257223098	171.70336596177	1.57079631728248	0	15	10.3012998420329	0
344	185.077257225477	171.95336596177	1.57079631728248	0	15	10.2790032118286	0
344.25	185.077257227855	172.20336596177	1.57079631728248	0	15	10.2566612093676	0
344.5	185.077257230233	172.45336596177	1.57079631728248	0	15	10.2342735370696	0
344.75	185.077257232611	172.70336596177	1.57079631728248	0	15	10.2118398941344	0
345	185.077257234989	172.95336596177	1.57079631728248	0	15	10.1893599764933	0
345.25	185.077257237367	173.20336596177	1.57079631728248	0	15	10.1668334767594	0
345.5	185.077257239745	173.45336596177	1.57079631728248	0	15	10.1442600841764	0
345.75	185.077257242123	173.70336596177	1.57079631728248	0	15	10.1216394845672	0
346	185.077257244501	173.95336596177	1.57079631728248	0	15	10.0989713602807	0
346.25	185.077257246879	174.20336596177	1.57079631728248	0	15	10.076255390138	0
346.5	185.077257249258	174.45336596177	1.57079631728248	0	15	10.0534912493772	0
346.75	185.077257251636	174.70336596177	1.57079631728248	0	15	10.0306786095976	0
347	185.077257254014	174.95336596177	1.57079631728248	0	15	10.0078171387024	0
347.25	185.077257256392	175.20336596177	1.57079631728248	0	15	9.98490650083999	0
347.5	185.07725725877	175.45336596177	1.57079631728248	0	15	9.96194635634463	0
347.75	185.077257261148	175.70336596177	1.57079631728248	0	15	9.93893636167559	0
348	185.077257263526	175.95336596177	1.57079631728248	0	15	9.91587616935498	0
348.25	185.077257265904	176.20336596177	1.57079631728248	0	15	9.89276542790447	0
348.5	185.077257268282	176.45336596177	1.57079631728248	0	15	9.86960378178059	0
348.75	185.07725727066	176.70336596177	1.57079631728248	0	15	9.84639087130869	0
349	185.077257273039	176.95336596177	1.57079631728248	0	15	9.82312633261556	0
349.25	185.077257275417	177.20336596177	1.57079631728248	0	15	9.79980979756057	0
349.5	185.077257277795	177.45336596177	1.57079631728248	0	15	9.77644089366542	0
349.75	185.077257280173	177.70336596177	1.57079631728248	0	15	9.75301924404233	0
350	185.077257282551	177.95336596177	1.57079631728248	0	15	9.72954446732074	0
350.25	185.077257284929	178.20336596177	1.57079631728248	0	15	9.70601617757241	0
350.5	185.077257287307	178.45336596177	1.57079631728248	0	15	9.68243398423493	0
350.75	185.077257289685	178.70336596177	1.57079631728248	0	15	9.65879749203357	0
351	185.077257292063	178.95336596177	1.57079631728248	0	15	9.63510630090136	0
351.25	185.077257294441	179.20336596177	1.57079631728248	0	15	9.61136000589755	0
351.5	185.07725729682	179.45336596177	1.57079631728248	0	15	9.58755819712418	0
351.75	185.077257299198	179.70336596177	1.57079631728248	0	15	9.56370045964079	0
352	185.077257301576	179.95336596177	1.57079631728248	0	15	9.53978637337734	0
352.25	185.077257303954	180.20336596177	1.57079631728248	0	15	9.51581551304508	0
352.5	185.077257306332	180.45336596177	1.57079631728248	0	15	9.49178744804549	0
352.75	185.07725730871	180.70336596177	1.57079631728248	0	15	9.4677017423771	0
353	185.077257311088	180.95336596177	1.57079631728248	0	15	9.44355795454032	0
353.25	185.077257313466	181.20336596177	1.57079631728248	0	15	9.41935563743994	0
353.5	185.077257315844	181.45336596177	1.57079631728248	0	15	9.39509433828552	0
353.75	185.077257318223	181.70336596177	1.57079631728248	0	15	9.37077359848946	0
354	185.077257320601	181.95336596177	1.57079631728248	0	15	9.34639295356269	0
354.25	185.077257322979	182.20336596177	1.57079631728248	0	15	9.32195193300796	0
354.5	185.077257325357	182.45336596177	1.57079631728248	0	15	9.29745006021062	0
354.75	185.077257327735	182.70336596177	1.57079631728248	0	15	9.27288685232684	0
355	185.077257330113	182.95336596177	1.57079631728248	0	15	9.24826182016923	0
355.25	185.077257332491	183.20336596177	1.57079631728248	0	15	9.22357446808965	0
355.5	185.077257334869	183.45336596177	1.57079631728248	0	15	9.19882429385934	0
355.75	185.077257337247	183.70336596177	1.57079631728248	0	15	9.17401078854611	0
356	185.077257339625	183.95336596177	1.57079631728248	0	15	9.14913343638855	0
356.25	185.077257342004	184.20336596177	1.57079631728248	0	15	9.12419171466726	0
356.5	185.077257344382	184.45336596177	1.57079631728248	0	15	9.0991850935729	0
356.75	185.07725734676	184.70336596177	1.57079631728248	0	15	9.07411303607097	0
357	185.077257349138	184.95336596177	1.57079631728248	0	15	9.04897499776334	0
357.25	185.077257147162	185.20336596177	1.57079795211063	1.30786251888097e-05	15	9.02377042674632	0.00011801851120128
357.5	185.077254720699	185.453365961758	1.57081411318451	0.000116209965869694	15	8.99849876346512	0.00104571523418076
357.75	185.077243436753	185.703365961504	1.5708688119772	0.000321380375696325	15	8.9731594405648	0.00288379735219174
358	185.077210491937	185.953365959333	1.57098740013803	0.000627324910866034	15	8.94775188273736	0.0056131476522896
358.25	185.077136794193	186.20336594847	1.57119483541708	0.00103215732158262	15	8.92227550656497	0.00920919198927833
358.5	185.076997080497	186.45336590943	1.57151552779246	0.00153338168141358	15	8.89672972035929	0.0136420823776867
358.75	185.076760072636	186.703365797085	1.57197318897457	0.00212790777550654	15	8.87111392399656	0.0188769122962766
359	185.076388670072	186.953365521205	1.57259068621561	0.00281207015279143	15	8.84542750874848	0.0248739626860319
359.25	185.075840178768	187.203364919519	1.5733899013253	0.00358165072470521	15	8.81966985710881	0.0315889769353745
359.5	185.075066574566	187.453363722589	1.57439159576227	0.00443190477111053	15	8.79384034261524	0.0389734629708207
359.75	185.074014799568	187.703361510118	1.5756152826328	0.00535759019307313	15	8.76793832966681	0.0469750204084929
360	185.072627089766	187.953357658611	1.57707910638595	0.00635299983214498	15	8.74196317333638	0.0555376905728236
360.25	185.070841331984	188.203351280668	1.57879973094708	0.0074119966568939	15	8.71591421917816	0.0646023270543225
360.5	185.068591448063	188.453341156508	1.58079223697916	0.00852805159974314	15	8.68979080303011	0.0741069843592141
360.75	185.065807804048	188.70332565868	1.58307002890548	0.00969428381084409	15	8.66359225081107	0.0839873221007922
361	185.062417642013	188.953302671225	1.58564475226694	0.0109035030808038	15	8.63731787831235	0.0941770220960603
361.25	185.058345532023	189.203269504866	1.58852622192338	0.0121482541707167	15	8.61096699098368	0.104608215662121
361.5	185.053513841631	189.453222810041	1.59172236154174	0.0134208627761917	15	8.58453888371334	0.115211918355199
361.75	185.047843220158	189.703158489871	1.59523915474401	0.0147134828419909	15	8.55803284060224	0.125918469361395
362	185.041253094945	189.953071615276	1.59908060821621	0.0160181449355687	15	8.53144813473169	0.136657972732419
362.25	185.033662176637	190.20295634462	1.60324872700581	0.0173268053812741	15	8.5047840279248	0.147360737661621
362.5	185.024988970466	190.452805850312	1.60774350216001	0.0186313958522855	15	8.47803977050113	0.157957715015626
362.75	185.01515229045	190.702612254806	1.61256291078086	0.0199238731145288	15	8.45121460102443	0.168380927374464
363	185.004071773296	190.952366578372	1.61770292849716	0.02119626861589	15	8.42430774604328	0.178563889888056
363.25	184.991668388788	191.2020587009	1.62315755427602	0.0224407376149888	15	8.39731841982424	0.188442019328788
363.5	184.977864943356	191.451677339816	1.62891884742122	0.0236496075466177	15	8.37024582407746	0.197953028808148
363.75	184.962586573502	191.701210045918	1.63497697653026	0.0248154253256582	15	8.34308914767421	0.207037305729419
364	184.945761225752	191.950643218678	1.64132028010819	0.0259310032978289	15	8.31584756635631	0.215638270667428
364.25	184.927320119805	192.19996214217	1.64793533846467	0.0269894635539638	15	8.28852024243701	0.223702714999545
364.5	184.907198191607	192.449151042416	1.65480705645074	0.0279842803346103	15	8.26110632449304	0.231181115258636
364.75	184.885334513138	192.698193166491	1.6619187565255	0.0289093202635055	15	8.23360494704756	0.238027922337381
365	184.861672685803	192.947070883306	1.66925228157868	0.0297588801618807	15	8.20601523024361	0.244201823843388
365.25	184.836161204475	193.195765805491	1.67678810687522	0.0305277222104552	15	8.17833627950774	0.2496659780845
365.5	184.808753789402	193.44425893135	1.68450546043182	0.0312111062423335	15	8.15056718520351	0.254388218352664
365.75	184.779409683417	193.692530805399	1.69238245108307	0.0318048189677108	15	8.12270702227438	0.25834122637119
366	184.748093912139	193.94056169555	1.70039620344781	0.0323051999502058	15	8.09475484987567	0.261502673973132
366.25	184.714777505141	194.188331784594	1.70852299896342	0.0327091641746677	15	8.06670971099513	0.263855332286326
366.5	184.679437676397	194.435821373273	1.71673842211867	0.0330142210673211	15	8.03857063206176	0.265387147912162
366.75	184.642057962646	194.68301109191	1.72501751098346	0.0332184898509809	15	8.01381693080062	0.266206896383419
367	184.602628318707	194.929882117303	1.73333491110741	0.0333207111406697	15	8.00151509341874	0.266616173115515
367.25	184.561144967637	195.176416357489	1.74166666666666	0.0333333333333333	15	8	0.266666666666667
367.5	184.517608822938	195.422596381262	1.75	0.0333333333333333	15	8	0.266666666666667
367.75	184.472022713449	195.66840506016	1.75833333333333	0.0333333333333333	15	8	0.266666666666667
368	184.424389804852	195.913825324235	1.76666666666666	0.0333333333333333	15	8	0.266666666666667
368.25	184.374713404969	196.158840130511	1.775	0.0333333333333333	15	8	0.266666666666667
368.5	184.322996963531	196.403432464171	1.78333333333333	0.0333333333333333	15	8	0.266666666666667
368.75	184.269244071936	196.647585339733	1.79166666666666	0.0333333333333333	15	8	0.266666666666667
369	184.213458463002	196.891281802235	1.8	0.0333333333333333	15	8	0.266666666666667
369.25	184.155644010708	197.134504928409	1.80833333333333	0.0333333333333333	15	8	0.266666666666667
369.5	184.095804729923	197.377237827858	1.81666666666666	0.0333333333333333	15	8	0.266666666666667
369.75	184.033944776128	197.619463644229	1.825	0.0333333333333333	15	8	0.266666666666667
370	183.970068445128	197.861165556381	1.83333333333333	0.0333333333333333	15	8	0.266666666666667
370.25	183.904180172755	198.102326779557	1.84166666666666	0.0333333333333333	15	8	0.266666666666667
370.5	183.836284534556	198.342930566546	1.85	0.0333333333333333	15	8	0.266666666666667
370.75	183.76638624548	198.582960208849	1.85833333333333	0.0333333333333333	15	8	0.266666666666667
371	183.694490159544	198.822399037837	1.86666666666666	0.0333333333333333	15	8	0.266666666666667
371.25	183.620601269505	199.06123042591	1.875	0.0333333333333333	15	8	0.266666666666667
371.5	183.544724706506	199.299437787651	1.88333333333333	0.0333333333333333	15	8	0.266666666666667
371.75	183.466865739722	199.537004580977	1.89166666666666	0.0333333333333333	15	8	0.266666666666667
372	183.387029775994	199.77391430829	1.9	0.0333333333333333	15	8	0.266666666666667
372.25	183.305222359455	200.010150517621	1.90833333333333	0.0333333333333333	15	8	0.266666666666667
372.5	183.221449171141	200.245696803773	1.91666666666666	0.0333333333333333	15	8	0.266666666666667
372.75	183.135716028603	200.480536809459	1.925	0.0333333333333333	15	8	0.266666666666667
373	183.048028885496	200.71465422644	1.93333333333333	0.0333333333333333	15	8	0.266666666666667
373.25	182.958393831169	200.948032796655	1.94166666666666	0.0333333333333333	15	8	0.266666666666667
373.5	182.866817090244	201.180656313354	1.95	0.0333333333333333	15	8	0.266666666666667
373.75	182.773305022179	201.41250862222	1.95833333333333	0.0333333333333333	15	8	0.266666666666667
374	182.67786412083	201.64357362249	1.96666666666666	0.0333333333333333	15	8	0.266666666666667
374.25	182.580501014	201.873835268077	1.975	0.0333333333333333	15	8	0.266666666666667
374.5	182.481222462976	202.103277568681	1.98333333333333	0.0333333333333333	15	8	0.266666666666667
374.75	182.380035362062	202.331884590901	1.99166666666666	0.0333333333333333	15	8	0.266666666666667
375	182.276946738099	202.559640459343	2	0.0333333333333333	15	8	0.266666666666667
375.25	182.171963749978	202.786529357716	2.00833333333333	0.0333333333333333	15	8	0.266666666666667
375.5	182.065093688143	203.01253552994	2.01666666666666	0.0333333333333333	15	8	0.266666666666667
375.75	181.956343974082	203.237643281232	2.025	0.0333333333333333	15	8	0.266666666666667
376	181.845722159815	203.4618369792	2.03333333333333	0.0333333333333333	15	8	0.266666666666667
376.25	181.733235927369	203.685101054926	2.04166666666666	0.0333333333333333	15	8	0.266666666666667
376.5	181.618893088241	203.907420004052	2.05	0.0333333333333333	15	8	0.266666666666667
376.75	181.502701582861	204.128778387849	2.05833333333333	0.0333333333333333	15	8	0.266666666666667
377	181.384669480037	204.349160834298	2.06666666666666	0.0333333333333333	15	8	0.266666666666667
377.25	181.264804976395	204.568552039151	2.075	0.0333333333333333	15	8	0.266666666666667
377.5	181.14311639581	204.786936766994	2.08333333333333	0.0333333333333333	15	8	0.266666666666667
377.75	181.019612188831	205.004299852311	2.09166666666666	0.0333333333333333	15	8	0.266666666666667
378	180.894300932087	205.220626200529	2.1	0.0333333333333333	15	8	0.266666666666667
378.25	180.7671913277	205.435900789072	2.10833333333333	0.0333333333333333	15	8	0.266666666666667
378.5	180.638292202674	205.650108668403	2.11666666666666	0.0333333333333333	15	8	0.266666666666667
378.75	180.507612508285	205.863234963061	2.125	0.0333333333333333	15	8	0.266666666666667
379	180.37516131946	206.075264872694	2.13333333333333	0.0333333333333333	15	8	0.266666666666667
379.25	180.240947834145	206.286183673088	2.14166666666666	0.0333333333333333	15	8	0.266666666666667
379.5	180.104981372667	206.495976717189	2.15	0.0333333333333333	15	8	0.266666666666667
379.75	179.967271377086	206.704629436119	2.15833333333333	0.0333333333333333	15	8	0.266666666666667
380	179.827827410541	206.912127340191	2.16666666666666	0.0333333333333333	15	8	0.266666666666667
380.25	179.686659156586	207.118456019911	2.175	0.0333333333333333	15	8	0.266666666666667
380.5	179.543776418513	207.323601146982	2.18333333333333	0.0333333333333333	15	8	0.266666666666667
380.75	179.399189118679	207.527548475297	2.19166666666666	0.0333333333333333	15	8	0.266666666666667
381	179.25290729781	207.730283841928	2.2	0.0333333333333333	15	8	0.266666666666667
381.25	179.104941114306	207.931793168113	2.20833333333333	0.0333333333333333	15	8	0.266666666666667
381.5	178.955300843538	208.132062460228	2.21666666666666	0.0333333333333333	15	8	0.266666666666667
381.75	178.803996877131	208.331077810766	2.225	0.0333333333333333	15	8	0.266666666666667
382	178.651039722245	208.528825399295	2.23333333333333	0.0333333333333333	15	8	0.266666666666667
382.25	178.496440000841	208.725291493423	2.24166666666666	0.0333333333333333	15	8	0.266666666666667
382.5	178.340208448951	208.920462449751	2.25	0.0333333333333333	15	8	0.266666666666667
382.75	178.182355915924	209.114324714818	2.25833333333333	0.0333333333333333	15	8	0.266666666666667
383	178.022893363679	209.306864826045	2.26666666666666	0.0333333333333333	15	8	0.266666666666667
383.25	177.861831865939	209.498069412669	2.275	0.0333333333333333	15	8	0.266666666666667
383.5	177.699182607467	209.687925196669	2.28333333333333	0.0333333333333333	15	8	0.266666666666667
383.75	177.534956883284	209.876418993693	2.29166666666666	0.0333333333333333	15	8	0.266666666666667
384	177.369166097888	210.06353771397	2.3	0.0333333333333333	15	8	0.266666666666667
384.25	177.201821764463	210.249268363219	2.30833333333333	0.0333333333333333	15	8	0.266666666666667
384.5	177.032935504074	210.433598043552	2.31666666666666	0.0333333333333333	15	8	0.266666666666667
384.75	176.862519044867	210.616513954373	2.325	0.0333333333333333	15	8	0.266666666666667
385	176.690584221249	210.79800339326	2.33333333333333	0.0333333333333333	15	8	0.266666666666667
385.25	176.51714297307	210.978053756853	2.34166666666666	0.0333333333333333	15	8	0.266666666666667
385.5	176.342207344791	211.156652541727	2.35	0.0333333333333333	15	8	0.266666666666667
385.75	176.165789484649	211.333787345261	2.35833333333333	0.0333333333333333	15	8	0.266666666666667
386	175.987901643813	211.509445866497	2.36666666666666	0.0333333333333333	15	8	0.266666666666667
386.25	175.808556175535	211.683615906998	2.375	0.0333333333333333	15	8	0.266666666666667
386.5	175.627765534289	211.856285371692	2.38333333333333	0.0333333333333333	15	8	0.266666666666667
386.75	175.445542274907	212.027442269714	2.39166666666666	0.0333333333333333	15	8	0.266666666666667
387	175.26189905171	212.197074715236	2.4	0.0333333333333333	15	8	0.266666666666667
387.25	175.076848617626	212.365170928296	2.40833333333333	0.0333333333333333	15	8	0.266666666666667
387.5	174.890403823304	212.531719235613	2.41666666666666	0.0333333333333333	15	8	0.266666666666667
387.75	174.702577616224	212.696708071399	2.425	0.0333333333333333	15	8	0.266666666666667
388	174.513383039799	212.860125978164	2.43333333333333	0.0333333333333333	15	8	0.266666666666667
388.25	174.322833232463	213.021961607505	2.44166666666666	0.0333333333333333	15	8	0.266666666666667
388.5	174.130941426767	213.182203720904	2.45	0.0333333333333333	15	8	0.266666666666667
388.75	173.937720948452	213.340841190501	2.45833333333333	0.0333333333333333	15	8	0.266666666666667
389	173.743185215531	213.497862999867	2.46666666666666	0.0333333333333333	15	8	0.266666666666667
389.25	173.54734773735	213.653258244774	2.475	0.0333333333333333	15	8	0.266666666666667
389.5	173.350222113655	213.807016133947	2.48333333333333	0.0333333333333333	15	8	0.266666666666667
389.75	173.151822033648	213.959125989818	2.49166666666666	0.0333333333333333	15	8	0.266666666666667
390	172.952161275031	214.109577249263	2.5	0.0333333333333333	15	8	0.266666666666667
390.25	172.751253703055	214.258359464339	2.50833333333333	0.0333333333333333	15	8	0.266666666666667
390.5	172.549113269554	214.405462303006	2.51666666666666	0.0333333333333333	15	8	0.266666666666667
390.75	172.345754011977	214.550875549849	2.525	0.0333333333333333	15	8	0.266666666666667
391	172.141190052412	214.694589106785	2.53333333333333	0.0333333333333333	15	8	0.266666666666667
391.25	171.935435596608	214.836592993763	2.54166666666666	0.0333333333333333	15	8	0.266666666666667
391.5	171.728504932986	214.976877349459	2.55	0.0333333333333333	15	8	0.266666666666667
391.75	171.520412431648	215.11543243196	2.55833333333333	0.0333333333333333	15	8	0.266666666666667
392	171.311172543378	215.252248619441	2.56666666666666	0.0333333333333333	15	8	0.266666666666667
392.25	171.100799798641	215.387316410834	2.575	0.0333333333333333	15	8	0.266666666666667
392.5	170.88930880657	215.520626426484	2.58333333333333	0.0333333333333333	15	8	0.266666666666667
392.75	170.676714253954	215.652169408805	2.59166666666666	0.0333333333333333	15	8	0.266666666666667
393	170.463030904218	215.781936222921	2.6	0.0333333333333333	15	8	0.266666666666667
393.25	170.248273596399	215.9099178573	2.60833333333333	0.0333333333333333	15	8	0.266666666666667
393.5	170.032457244112	216.036105424379	2.61666666666666	0.0333333333333333	15	8	0.266666666666667
393.75	169.815596834516	216.160490161184	2.625	0.0333333333333333	15	8	0.266666666666667
394	169.597707427276	216.283063429936	2.63333333333333	0.0333333333333333	15	8	0.266666666666667
394.25	169.378804153512	216.403816718651	2.64166666666666	0.0333333333333333	15	8	0.266666666666667
394.5	169.158902214753	216.522741641734	2.65	0.0333333333333333	15	8	0.266666666666667
394.75	168.938016881879	216.639829940556	2.65833333333333	0.0333333333333333	15	8	0.266666666666667
395	168.71616349406	216.755073484032	2.66666666666666	0.0333333333333333	15	8	0.266666666666667
395.25	168.493357457691	216.868464269186	2.67499999999999	0.0333333333333333	15	8	0.266666666666667
395.5	168.269614245326	216.979994421703	2.68333333333333	0.0333333333333333	15	8	0.266666666666667
395.75	168.044949394596	217.089656196477	2.69166666666666	0.0333333333333333	15	8	0.266666666666667
396	167.819378507139	217.197441978153	2.69999999999999	0.0333333333333333	15	8	0.266666666666667
396.25	167.592917247506	217.30334428165	2.70833333333333	0.0333333333333333	15	8	0.266666666666667
396.5	167.365581342086	217.407355752683	2.71666666666666	0.0333333333333333	15	8	0.266666666666667
396.75	167.137386578	217.509469168275	2.72499999999999	0.0333333333333333	15	8	0.266666666666667
397	166.908348802017	217.609677437259	2.73333333333333	0.0333333333333333	15	8	0.266666666666667
397.25	166.678483919445	217.707973600767	2.74166666666666	0.0333333333333333	15	8	0.266666666666667
397.5	166.447807893032	217.804350832716	2.74999999999999	0.0333333333333333	15	8	0.266666666666667
397.75	166.216336741853	217.898802440281	2.75833333333333	0.0333333333333333	15	8	0.266666666666667
398	165.984086540199	217.991321864361	2.76666666666666	0.0333333333333333	15	8	0.266666666666667
398.25	165.751073416466	218.081902680033	2.77499999999999	0.0333333333333333	15	8	0.266666666666667
398.5	165.517313552024	218.170538596999	2.78333333333333	0.0333333333333333	15	8	0.266666666666667
398.75	165.282823180106	218.257223460023	2.79166666666666	0.0333333333333333	15	8	0.266666666666667
399	165.047618584669	218.341951249357	2.79999999999999	0.0333333333333333	15	8	0.266666666666667
399.25	164.811716099272	218.424716081161	2.80833333333333	0.0333333333333333	15	8	0.266666666666667
399.5	164.575132105937	218.505512207911	2.81666666666666	0.0333333333333333	15	8	0.266666666666667
399.75	164.337883034014	218.584334018797	2.82499999999999	0.0333333333333333	15	8	0.266666666666667
400	164.099985359036	218.661176040114	2.83333333333333	0.0333333333333333	15	8	0.266666666666667
400.25	163.86145560158	218.736032935641	2.84166666666666	0.0333333333333333	15	8	0.266666666666667
400.5	163.622310326116	218.808899507012	2.84999999999999	0.0333333333333333	15	8	0.266666666666667
400.75	163.38256613986	218.879770694079	2.85833333333333	0.0333333333333333	15	8	0.266666666666667
401	163.142239691616	218.94864157526	2.86666666666666	0.0333333333333333	15	8	0.266666666666667
401.25	162.901347670625	219.015507367882	2.87499999999999	0.0333333333333333	15	8	0.266666666666667
401.5	162.659906805403	219.080363428515	2.88333333333333	0.0333333333333333	15	8	0.266666666666667
401.75	162.417933862579	219.14320525329	2.89166666666666	0.0333333333333333	15	8	0.266666666666667
402	162.175445645733	219.204028478219	2.89999999999999	0.0333333333333333	15	8	0.266666666666667
402.25	161.932458994226	219.26282887949	2.90833333333333	0.0333333333333333	15	8	0.266666666666667
402.5	161.688990782035	219.319602373766	2.91666666666666	0.0333333333333333	15	8	0.266666666666667
402.75	161.445057916576	219.374345018466	2.92499999999999	0.0333333333333333	15	8	0.266666666666667
403	161.200677337532	219.427053012039	2.93333333333333	0.0333333333333333	15	8	0.266666666666667
403.25	160.955866015681	219.477722694229	2.94166666666666	0.0333333333333333	15	8	0.266666666666667
403.5	160.710640951709	219.526350546329	2.94999999999999	0.0333333333333333	15	8	0.266666666666667
403.75	160.465019175036	219.572933191424	2.95833333333333	0.0333333333333333	15	8	0.266666666666667
404	160.219017742631	219.617467394626	2.96666666666666	0.0333333333333333	15	8	0.266666666666667
404.25	159.972653737839	219.659950063364	2.97499999949313	0.0333333292784542	15	8.00000048658554	0.26666665044715
404.5	159.725944401318	219.70037905387	2.98332679557277	0.0332810393586305	15	8.00628267021196	0.266457408663646
404.75	159.478907474046	219.738755564447	2.99162771503089	0.0331263163063213	15	8.01508722674492	0.265510314695908
405	159.231561434133	219.775086495333	2.99987726882425	0.0328701140405946	15	8.02388090473444	0.263745880386771
405.25	158.983925412583	219.809385195466	3.00805028459603	0.0325140121336147	15	8.03266374007648	0.261174126310094
405.5	158.736018975094	219.841671388361	3.01612206187174	0.032060206072054	15	8.04143576846616	0.257810087852211
405.75	158.487861907441	219.871971054597	3.02406852434589	0.0315114937211877	15	8.05019702539941	0.253673733020197
406	158.239474007843	219.900316271708	3.03186636832043	0.0308712580751244	15	8.05894754617447	0.248789849511842
406.25	157.990874889476	219.926745012638	3.03949320637976	0.0301434463995219	15	8.06768736589347	0.24318790168191
406.5	157.742083796017	219.951300904305	3.04692770541663	0.0293325458953824	15	8.07641651946393	0.236901858227401
406.75	157.493119432737	219.974032948131	3.05414971815779	0.0284435560339657	15	8.08513504160031	0.229969991597938
407	157.243999815286	219.994995204717	3.06114040737871	0.0274819577333864	15	8.09384296682548	0.222434650314964
407.25	156.994742137884	220.014246445103	3.06788236204125	0.0264536795669315	15	8.1025403294722	0.214342005553997
407.5	156.745362662172	220.031849771301	3.07435970463855	0.0253650612114345	15	8.11122716368461	0.20574177350671
407.75	156.495876627511	220.047872208976	3.08055818908511	0.0242228143610593	15	8.11990350341966	0.196686915193049
408	156.246298183067	220.062384275307	3.08646528854868	0.0230339813474741	15	8.12856938244857	0.187233315536969
408.25	155.996640341532	220.075459525206	3.0920702726823	0.0218058917215347	15	8.13722483435826	0.177439443651799
408.5	155.746914953903	220.087174079128	3.09736427378052	0.0205461170641662	15	8.14586989255271	0.167365996401855
408.75	155.497132704346	220.097606135786	3.10234034145167	0.0192624243050491	15	8.15450459025443	0.157075527414951
409	155.247303123766	220.106835473102	3.10699348546941	0.0179627278369143	15	8.16312896050579	0.146632063815198
409.25	154.997434620411	220.114942940726	3.11132070653911	0.0166550407206808	15	8.1717430361704	0.136100713026358
409.5	154.747534525541	220.122009947434	3.11532101478948	0.0153474252822704	15	8.18034684993451	0.125547262062426
409.75	154.497609151988	220.128117946668	3.11899543587548	0.0140479434056871	15	8.18894043430827	0.115037771773705
410	154.247663863289	220.133347923447	3.12234700465479	0.0127646068288215	15	8.19752382162714	0.104638168552969
410.25	153.997703150956	220.137779885776	3.12538074647695	0.0115053277484228	15	8.20609704405316	0.0944138360271955
410.5	153.74773071746	220.14149236363	3.12810364620035	0.0102778700387745	15	8.21466013357629	0.0844292092655991
410.75	153.497749562504	220.144561918481	3.1305246051283	0.00908980138482757	15	8.22321312201566	0.0747473740242302
411	153.247762070296	220.147062666265	3.13265438612951	0.00794844662490657	15	8.23175604102087	0.0654296735213065
411.25	152.997770095647	220.149065816551	3.13450554728146	0.00686084259064536	15	8.24028892207327	0.0565353251957834
411.5	152.747775046959	220.150639230596	3.13609236444561	0.00583369472258022	15	8.2488117964872	0.0481210498447249
411.75	152.497777964394	220.151847000833	3.13743074325204	0.00487333572887909	15	8.25732469541125	0.0402407154631033
412	152.2477795918	220.152749054237	3.13853812103591	0.00398568654208992	15	8.26582764982944	0.0329449980231599
412.25	151.9977804413	220.15340078185	3.1394333593305	0.00317621981462256	15	8.27432069056251	0.0262810613299061
412.5	151.747780849754	220.153852696638	3.14013662757958	0.00244992617802685	15	8.28280384826909	0.020292257975336
412.75	151.497781026677	220.154150121669	3.1406692787861	0.00181128347408955	15	8.29127715344689	0.0150178532871346
413	151.247781093501	220.154332910469	3.14105371786379	0.00126422914745068	15	8.29974063643389	0.0104927740288605
413.25	150.997781114427	220.154435201193	3.14131326350347	0.000812135969947988	15	8.30819432740954	0.00674738345860712
413.5	150.747781119428	220.154485206102	3.1414720044055	0.000457791246357022	15	8.3166382563959	0.00380728419289597
413.75	150.497781120215	220.154505037603	3.14155465076502	0.000203379629730297	15	8.32507245325876	0.00169315015302167
414	150.247781120276	220.154510571914	3.14158638192527	5.04696522847607e-05	15	8.33349694770886	0.000420588693266981
414.25	149.997781120277	220.154511351242	3.1415926906318	0	15	8.34191176930296	0
414.5	149.747781120277	220.154511341981	3.1415926906318	0	15	8.35031694744494	0
414.75	149.497781120277	220.154511332721	3.1415926906318	0	15	8.358712511387	0
415	149.247781120277	220.15451132346	3.1415926906318	0	15	8.36709849023066	0
415.25	148.997781120277	220.1545113142	3.1415926906318	0	15	8.37547491292791	0
415.5	148.747781120277	220.154511304939	3.1415926906318	0	15	8.38384180828225	0
415.75	148.497781120277	220.154511295679	3.1415926906318	0	15	8.39219920494981	0
416	148.247781120277	220.154511286418	3.1415926906318	0	15	8.40054713144035	0
416.25	147.997781120277	220.154511277158	3.1415926906318	0	15	8.40888561611834	0
416.5	147.747781120277	220.154511267897	3.1415926906318	0	15	8.417214687204	0
416.75	147.497781120277	220.154511258637	3.1415926906318	0	15	8.42553437277432	0
417	147.247781120277	220.154511249376	3.1415926906318	0	15	8.43384470076407	0
417.25	146.997781120277	220.154511240116	3.1415926906318	0	15	8.44214569896686	0
417.5	146.747781120277	220.154511230855	3.1415926906318	0	15	8.45043739503608	0
417.75	146.497781120277	220.154511221595	3.1415926906318	0	15	8.45871981648591	0
418	146.247781120277	220.154511212334	3.1415926906318	0	15	8.46699299069233	0
418.25	145.997781120277	220.154511203074	3.1415926906318	0	15	8.47525694489409	0
418.5	145.747781120277	220.154511193813	3.1415926906318	0	15	8.48351170619362	0
418.75	145.497781120277	220.154511184553	3.1415926906318	0	15	8.49175730155807	0
419	145.247781120277	220.154511175292	3.1415926906318	0	15	8.4999937578202	0
419.25	144.997781120277	220.154511166032	3.1415926906318	0	15	8.50822110167933	0
419.5	144.747781120277	220.154511156771	3.1415926906318	0	15	8.5164393597023	0
419.75	144.497781120277	220.154511147511	3.1415926906318	0	15	8.52464855832435	0
420	144.247781120277	220.15451113825	3.1415926906318	0	15	8.53284872385006	0
420.25	143.997781120277	220.15451112899	3.1415926906318	0	15	8.54103988245428	0
420.5	143.747781120277	220.154511119729	3.1415926906318	0	15	8.54922206018296	0
420.75	143.497781120277	220.154511110469	3.1415926906318	0	15	8.55739528295412	0
421	143.247781120277	220.154511101208	3.1415926906318	0	15	8.56555957655866	0
421.25	142.997781120277	220.154511091948	3.1415926906318	0	15	8.57371496666129	0
421.5	142.747781120277	220.154511082687	3.1415926906318	0	15	8.58186147880138	0
421.75	142.497781120277	220.154511073427	3.1415926906318	0	15	8.5899991383938	0
422	142.247781120277	220.154511064166	3.1415926906318	0	15	8.5981279707298	0
422.25	141.997781120277	220.154511054905	3.1415926906318	0	15	8.60624800097782	0
422.5	141.747781120277	220.154511045645	3.1415926906318	0	15	8.61435925418439	0
422.75	141.497781120277	220.154511036384	3.1415926906318	0	15	8.62246175527488	0
423	141.247781120277	220.154511027124	3.1415926906318	0	15	8.63055552905437	0
423.25	140.997781120277	220.154511017863	3.1415926906318	0	15	8.63864060020847	0
423.5	140.747781120277	220.154511008603	3.1415926906318	0	15	8.64671699330409	0
423.75	140.497781120277	220.154510999342	3.1415926906318	0	15	8.65478473279028	0
424	140.247781120277	220.154510990082	3.1415926906318	0	15	8.66284384299902	0
424.25	139.997781120277	220.154510980821	3.1415926906318	0	15	8.67089434814596	0
424.5	139.747781120277	220.154510971561	3.1415926906318	0	15	8.67893627233126	0
424.75	139.497781120277	220.1545109623	3.1415926906318	0	15	8.68696963954035	0
425	139.247781120277	220.15451095304	3.1415926906318	0	15	8.69499447364467	0
425.25	138.997781120277	220.154510943779	3.1415926906318	0	15	8.70301079840244	0
425.5	138.747781120277	220.154510934519	3.1415926906318	0	15	8.71101863745944	0
425.75	138.497781120277	220.154510925258	3.1415926906318	0	15	8.71901801434974	0
426	138.247781120277	220.154510915998	3.1415926906318	0	15	8.72700895249641	0
426.25	137.997781120277	220.154510906737	3.1415926906318	0	15	8.73499147521232	0
426.5	137.747781120277	220.154510897477	3.1415926906318	0	15	8.74296560570081	0
426.75	137.497781120277	220.154510888216	3.1415926906318	0	15	8.75093136705645	0
427	137.247781120277	220.154510878956	3.1415926906318	0	15	8.75888878226572	0
427.25	136.997781120277	220.154510869695	3.1415926906318	0	15	8.76683787420776	0
427.5	136.747781120277	220.154510860435	3.1415926906318	0	15	8.77477866565506	0
427.75	136.497781120277	220.154510851174	3.1415926906318	0	15	8.78271117927413	0
428	136.247781120277	220.154510841914	3.1415926906318	0	15	8.79063543762624	0
428.25	135.997781120277	220.154510832653	3.1415926906318	0	15	8.79855146316807	0
428.5	135.747781120277	220.154510823393	3.1415926906318	0	15	8.8064592782524	0
428.75	135.497781120277	220.154510814132	3.1415926906318	0	15	8.81435890512879	0
429	135.247781120277	220.154510804872	3.1415926906318	0	15	8.82225036594426	0
429.25	134.997781120277	220.154510795611	3.1415926906318	0	15	8.83013368274394	0
429.5	134.747781120277	220.154510786351	3.1415926906318	0	15	8.8380088774717	0
429.75	134.497781120277	220.15451077709	3.1415926906318	0	15	8.84587597197087	0
430	134.247781120277	220.15451076783	3.1415926906318	0	15	8.85373498798483	0
430.25	133.997781120277	220.154510758569	3.1415926906318	0	15	8.86158594715768	0
430.5	133.747781120277	220.154510749309	3.1415926906318	0	15	8.86942887103486	0
430.75	133.497781120277	220.154510740048	3.1415926906318	0	15	8.8772637810638	0
431	133.247781120277	220.154510730788	3.1415926906318	0	15	8.88509069859454	0
431.25	132.997781120277	220.154510721527	3.1415926906318	0	15	8.89290964488032	0
431.5	132.747781120277	220.154510712267	3.1415926906318	0	15	8.90072064107826	0
431.75	132.497781120277	220.154510703006	3.1415926906318	0	15	8.90852370824992	0
432	132.247781120277	220.154510693746	3.1415926906318	0	15	8.91631886736191	0
432.25	131.997781120277	220.154510684485	3.1415926906318	0	15	8.92410613928651	0
432.5	131.747781120277	220.154510675225	3.1415926906318	0	15	8.93188554480228	0
432.75	131.497781120277	220.154510665964	3.1415926906318	0	15	8.93965710459459	0
433	131.247781120277	220.154510656704	3.1415926906318	0	15	8.94742083925628	0
433.25	130.997781120277	220.154510647443	3.1415926906318	0	15	8.95517676928819	0
433.5	130.747781120277	220.154510638183	3.1415926906318	0	15	8.96292491509976	0
433.75	130.497781120277	220.154510628922	3.1415926906318	0	15	8.97066529700959	0
434	130.247781120277	220.154510619662	3.1415926906318	0	15	8.97839793524603	0
434.25	129.997781120277	220.154510610401	3.1415926906318	0	15	8.98612284994772	0
434.5	129.747781120277	220.154510601141	3.1415926906318	0	15	8.99384006116417	0
434.75	129.497781120277	220.15451059188	3.1415926906318	0	15	9.00154958885628	0
435	129.247781120277	220.15451058262	3.1415926906318	0	15	9.00925145289692	0
435.25	128.997781120277	220.154510573359	3.1415926906318	0	15	9.01694567307148	0
435.5	128.747781120277	220.154510564099	3.1415926906318	0	15	9.02463226907839	0
435.75	128.497781120277	220.154510554838	3.1415926906318	0	15	9.03231126052965	0
436	128.247781120277	220.154510545578	3.1415926906318	0	15	9.03998266695142	0
436.25	127.997781120277	220.154510536317	3.1415926906318	0	15	9.04764650778445	0
436.5	127.747781120277	220.154510527057	3.1415926906318	0	15	9.0553028023847	0
436.75	127.497781120277	220.154510517796	3.1415926906318	0	15	9.06295157002381	0
437	127.247781120277	220.154510508536	3.1415926906318	0	15	9.07059282988964	0
437.25	126.997781120277	220.154510499275	3.1415926906318	0	15	9.07822660108673	0
437.5	126.747781120277	220.154510490015	3.1415926906318	0	15	9.08585290263688	0
437.75	126.497781120277	220.154510480754	3.1415926906318	0	15	9.09347175347962	0
438	126.247781120277	220.154510471494	3.1415926906318	0	15	9.10108317247269	0
438.25	125.997781120277	220.154510462233	3.1415926906318	0	15	9.10868717839257	0
438.5	125.747781120277	220.154510452973	3.1415926906318	0	15	9.11628378993496	0
438.75	125.497781120277	220.154510443712	3.1415926906318	0	15	9.12387302571525	0
439	125.247781120277	220.154510434452	3.1415926906318	0	15	9.13145490426904	0
439.25	124.997781120277	220.154510425191	3.1415926906318	0	15	9.1390294440526	0
439.5	124.747781120277	220.154510415931	3.1415926906318	0	15	9.14659666344333	0
439.75	124.497781120277	220.15451040667	3.1415926906318	0	15	9.15415658074028	0
440	124.247781120277	220.15451039741	3.1415926906318	0	15	9.16170921416458	0
440.25	123.997781120277	220.154510388149	3.1415926906318	0	15	9.1692545818599	0
440.5	123.747781120277	220.154510378889	3.1415926906318	0	15	9.17679270189296	0
440.75	123.497781120277	220.154510369628	3.1415926906318	0	15	9.18432359225393	0
441	123.247781120277	220.154510360368	3.1415926906318	0	15	9.19184727085696	0
441.25	122.997781120277	220.154510351107	3.1415926906318	0	15	9.19936375554053	0
441.5	122.747781120277	220.154510341847	3.1415926906318	0	15	9.206873064068	0
441.75	122.497781120277	220.154510332586	3.1415926906318	0	15	9.214375214128	0
442	122.247781120277	220.154510323326	3.1415926906318	0	15	9.22187022333486	0
442.25	121.997781120277	220.154510314065	3.1415926906318	0	15	9.2293581092291	0
442.5	121.747781120277	220.154510304805	3.1415926906318	0	15	9.23683888927782	0
442.75	121.497781120277	220.154510295544	3.1415926906318	0	15	9.24431258087515	0
443	121.247781120277	220.154510286284	3.1415926906318	0	15	9.25177920134267	0
443.25	120.997781120277	220.154510277023	3.1415926906318	0	15	9.25923876792987	0
443.5	120.747781120277	220.154510267763	3.1415926906318	0	15	9.2666912978145	0
443.75	120.497781120277	220.154510258502	3.1415926906318	0	15	9.27413680810306	0
444	120.247781120277	220.154510249242	3.1415926906318	0	15	9.28157531583118	0
444.25	119.997781120277	220.154510239981	3.1415926906318	0	15	9.28900683796404	0
444.5	119.747781120277	220.154510230721	3.1415926906318	0	15	9.29643139139679	0
444.75	119.497781120277	220.15451022146	3.1415926906318	0	15	9.30384899295492	0
445	119.247781120277	220.1545102122	3.1415926906318	0	15	9.31125965939472	0
445.25	118.997781120277	220.154510202939	3.1415926906318	0	15	9.31866340740363	0
445.5	118.747781120277	220.154510193679	3.1415926906318	0	15	9.32606025360066	0
445.75	118.497781120277	220.154510184418	3.1415926906318	0	15	9.33345021453679	0
446	118.247781120277	220.154510175158	3.1415926906318	0	15	9.34083330669535	0
446.25	117.997781120277	220.154510165897	3.1415926906318	0	15	9.34820954649241	0
446.5	117.747781120277	220.154510156637	3.1415926906318	0	15	9.35557895027717	0
446.75	117.497781120277	220.154510147376	3.1415926906318	0	15	9.36294153433233	0
447	117.247781120277	220.154510138116	3.1415926906318	0	15	9.37029731487451	0
447.25	116.997781120277	220.154510128855	3.1415926906318	0	15	9.37764630805455	0
447.5	116.747781120277	220.154510119595	3.1415926906318	0	15	9.38498852995798	0
447.75	116.497781120277	220.154510110334	3.1415926906318	0	15	9.39232399660532	0
448	116.247781120277	220.154510101074	3.1415926906318	0	15	9.39965272395248	0
448.25	115.997781120277	220.154510091813	3.1415926906318	0	15	9.40697472789112	0
448.5	115.747781120277	220.154510082553	3.1415926906318	0	15	9.41429002424901	0
448.75	115.497781120277	220.154510073292	3.1415926906318	0	15	9.42159862879039	0
449	115.247781120277	220.154510064032	3.1415926906318	0	15	9.42890055721635	0
449.25	114.997781120277	220.154510054771	3.1415926906318	0	15	9.43619582516516	0
449.5	114.747781120277	220.154510045511	3.1415926906318	0	15	9.44348444821263	0
449.75	114.497781120277	220.15451003625	3.1415926906318	0	15	9.45076644187245	0
450	114.247781120277	220.15451002699	3.1415926906318	0	15	9.45804182159658	0
450.25	113.997781120277	220.154510017729	3.1415926906318	0	15	9.46531060277556	0
450.5	113.747781120277	220.154510008469	3.1415926906318	0	15	9.47257280073883	0
450.75	113.497781120277	220.154509999208	3.1415926906318	0	15	9.47982843075514	0
451	113.247781120277	220.154509989948	3.1415926906318	0	15	9.48707750803283	0
451.25	112.997781120277	220.154509980687	3.1415926906318	0	15	9.49432004772018	0
451.5	112.747781120277	220.154509971427	3.1415926906318	0	15	9.50155606490576	0
451.75	112.497781120277	220.154509962166	3.1415926906318	0	15	9.50878557461874	0
452	112.247781120277	220.154509952906	3.1415926906318	0	15	9.51600859182924	0
452.25	111.997781120277	220.154509943645	3.1415926906318	0	15	9.52322513144862	0
452.5	111.747781120277	220.154509934385	3.1415926906318	0	15	9.53043520832987	0
452.75	111.497781120277	220.154509925124	3.1415926906318	0	15	9.53763883726785	0
453	111.247781120277	220.154509915864	3.1415926906318	0	15	9.54483603299966	0
453.25	110.997781120277	220.154509906603	3.1415926906318	0	15	9.55202681020497	0
453.5	110.747781120277	220.154509897343	3.1415926906318	0	15	9.55921118350628	0
453.75	110.497781120277	220.154509888082	3.1415926906318	0	15	9.56638916746928	0
454	110.247781120277	220.154509878822	3.1415926906318	0	15	9.57356077660314	0
454.25	109.997781120277	220.154509869561	3.1415926906318	0	15	9.58072602536084	0
454.5	109.747781120277	220.154509860301	3.1415926906318	0	15	9.58788492813943	0
454.75	109.497781120277	220.15450985104	3.1415926906318	0	15	9.59503749928039	0
455	109.247781120277	220.15450984178	3.1415926906318	0	15	9.6021837530699	0
455.25	108.997781120277	220.154509832519	3.1415926906318	0	15	9.60932370373913	0
455.5	108.747781120277	220.154509823259	3.1415926906318	0	15	9.61645736546457	0
455.75	108.497781120277	220.154509813998	3.1415926906318	0	15	9.62358475236831	0
456	108.247781120277	220.154509804738	3.1415926906318	0	15	9.63070587851831	0
456.25	107.997781120277	220.154509795477	3.1415926906318	0	15	9.63782075792874	0
456.5	107.747781120277	220.154509786217	3.1415926906318	0	15	9.64492940456024	0
456.75	107.497781120277	220.154509776956	3.1415926906318	0	15	9.65203183232019	0
457	107.247781120277	220.154509767696	3.1415926906318	0	15	9.65912805506304	0
457.25	106.997781120277	220.154509758435	3.1415926906318	0	15	9.66621808659055	0
457.5	106.747781120277	220.154509749175	3.1415926906318	0	15	9.67330194065212	0
457.75	106.497781120277	220.154509739914	3.1415926906318	0	15	9.68037963094502	0
458	106.247781120277	220.154509730654	3.1415926906318	0	15	9.68745117111468	0
458.25	105.997781120277	220.154509721393	3.1415926906318	0	15	9.69451657475501	0
458.5	105.747781120277	220.154509712132	3.1415926906318	0	15	9.7015758554086	0
458.75	105.497781120277	220.154509702872	3.1415926906318	0	15	9.70862902656706	0
459	105.247781120277	220.154509693611	3.1415926906318	0	15	9.71567610167125	0
459.25	104.997781120277	220.154509684351	3.1415926906318	0	15	9.72271709411155	0
459.5	104.747781120277	220.15450967509	3.1415926906318	0	15	9.72975201722816	0
459.75	104.497781120277	220.15450966583	3.1415926906318	0	15	9.73678088431133	0
460	104.247781120277	220.154509656569	3.1415926906318	0	15	9.74380370860162	0
460.25	103.997781120277	220.154509647309	3.1415926906318	0	15	9.7508205032902	0
460.5	103.747781120277	220.154509638048	3.1415926906318	0	15	9.75783128151907	0
460.75	103.497781120277	220.154509628788	3.1415926906318	0	15	9.76483605638133	0
461	103.247781120277	220.154509619527	3.1415926906318	0	15	9.77183484092145	0
461.25	102.997781120277	220.154509610267	3.1415926906318	0	15	9.77882764813551	0
461.5	102.747781120277	220.154509601006	3.1415926906318	0	15	9.78581449097144	0
461.75	102.497781120277	220.154509591746	3.1415926906318	0	15	9.7927953823293	0
462	102.247781120277	220.154509582485	3.1415926906318	0	15	9.79977033506152	0
462.25	101.997781120277	220.154509573225	3.1415926906318	0	15	9.80673936197313	0
462.5	101.747781120277	220.154509563964	3.1415926906318	0	15	9.81370247582203	0
462.75	101.497781120277	220.154509554704	3.1415926906318	0	15	9.82065968931921	0
463	101.247781120277	220.154509545443	3.1415926906318	0	15	9.82761101512901	0
463.25	100.997781120277	220.154509536183	3.1415926906318	0	15	9.83455646586937	0
463.5	100.747781120277	220.154509526922	3.1415926906318	0	15	9.84149605411202	0
463.75	100.497781120277	220.154509517662	3.1415926906318	0	15	9.8484297923828	0
464	100.247781120277	220.154509508401	3.1415926906318	0	15	9.8553576931618	0
464.25	99.9977811202775	220.154509499141	3.1415926906318	0	15	9.8622797688837	0
464.5	99.7477811202775	220.15450948988	3.1415926906318	0	15	9.86919603193788	0
464.75	99.4977811202775	220.15450948062	3.1415926906318	0	15	9.87610649466878	0
465	99.2477811202775	220.154509471359	3.1415926906318	0	15	9.88301116937604	0
465.25	98.9977811202775	220.154509462099	3.1415926906318	0	15	9.88991006831475	0
465.5	98.7477811202775	220.154509452838	3.1415926906318	0	15	9.89680320369569	0
465.75	98.4977811202775	220.154509443578	3.1415926906318	0	15	9.90369058768556	0
466	98.2477811202775	220.154509434317	3.1415926906318	0	15	9.91057223240719	0
466.25	97.9977811202775	220.154509425057	3.1415926906318	0	15	9.91744814993975	0
466.5	97.7477811202775	220.154509415796	3.1415926906318	0	15	9.92431835231901	0
466.75	97.4977811202775	220.154509406536	3.1415926906318	0	15	9.93118285153752	0
467	97.2477811202775	220.154509397275	3.1415926906318	0	15	9.93804165954485	0
467.25	96.9977811202775	220.154509388015	3.1415926906318	0	15	9.9448947882478	0
467.5	96.7477811202775	220.154509378754	3.1415926906318	0	15	9.95174224951062	0
467.75	96.4977811202775	220.154509369494	3.1415926906318	0	15	9.95858405515522	0
468	96.2477811202775	220.154509360233	3.1415926906318	0	15	9.96542021696139	0
468.25	95.9977811202775	220.154509350973	3.1415926906318	0	15	9.972250746667	0
468.5	95.7477811202775	220.154509341712	3.1415926906318	0	15	9.9790756559682	0
468.75	95.4977811202775	220.154509332452	3.1415926906318	0	15	9.98589495651967	0
469	95.2477811202775	220.154509323191	3.1415926906318	0	15	9.99270865993479	0
469.25	94.9977811202775	220.154509313931	3.1415926906318	0	15	9.99951677778584	0
469.5	94.7477811202775	220.15450930467	3.1415926906318	0	15	10.0063193216043	0
469.75	94.4977811202775	220.15450929541	3.1415926906318	0	15	10.0131163028808	0
470	94.2477811202775	220.154509286149	3.1415926906318	0	15	10.0199077330656	0
470.25	93.9977811202775	220.154509276889	3.1415926906318	0	15	10.0266936235688	0
470.5	93.7477811202775	220.154509267628	3.1415926906318	0	15	10.0334739857603	0
470.75	93.4977811202775	220.154509258368	3.1415926906318	0	15	10.0402488309701	0
471	93.2477811202775	220.154509249107	3.1415926906318	0	15	10.0470181704886	0
471.25	92.9977811202775	220.154509239847	3.1415926906318	0	15	10.0537820155666	0
471.5	92.7477811202775	220.154509230586	3.1415926906318	0	15	10.0605403774158	0
471.75	92.4977811202775	220.154509221326	3.1415926906318	0	15	10.0672932672087	0
472	92.2477811202775	220.154509212065	3.1415926906318	0	15	10.0740406960787	0
472.25	91.9977811202775	220.154509202805	3.1415926906318	0	15	10.080782675121	0
472.5	91.7477811202775	220.154509193544	3.1415926906318	0	15	10.0875192153916	0
472.75	91.4977811202775	220.154509184284	3.1415926906318	0	15	10.0942503279088	0
473	91.2477811202775	220.154509175023	3.1415926906318	0	15	10.1009760236524	0
473.25	90.9977811202775	220.154509165763	3.1415926906318	0	15	10.1076963135642	0
473.5	90.7477811202775	220.154509156502	3.1415926906318	0	15	10.1144112085484	0
473.75	90.4977811202775	220.154509147242	3.1415926906318	0	15	10.1211207194716	0
474	90.2477811202775	220.154509137981	3.1415926906318	0	15	10.1278248571628	0
474.25	89.9977811202775	220.154509128721	3.1415926906318	0	15	10.134523632414	0
474.5	89.7477811202775	220.15450911946	3.1415926906318	0	15	10.1412170559801	0
474.75	89.4977811202775	220.1545091102	3.1415926906318	0	15	10.1479051385789	0
475	89.2477811202775	220.154509100939	3.1415926906318	0	15	10.1545878908918	0
475.25	88.9977811202775	220.154509091679	3.1415926906318	0	15	10.1612653235635	0
475.5	88.7477811202775	220.154509082418	3.1415926906318	0	15	10.1679374472025	0
475.75	88.4977811202775	220.154509073158	3.1415926906318	0	15	10.1746042723809	0
476	88.2477811202775	220.154509063897	3.1415926906318	0	15	10.1812658096352	0
476.25	87.9977811202775	220.154509054637	3.1415926906318	0	15	10.1879220694657	0
476.5	87.7477811202775	220.154509045376	3.1415926906318	0	15	10.1945730623372	0
476.75	87.4977811202775	220.154509036116	3.1415926906318	0	15	10.2012187986791	0
477	87.2477811202775	220.154509026855	3.1415926906318	0	15	10.2078592888853	0
477.25	86.9977811202775	220.154509017595	3.1415926906318	0	15	10.2144945433148	0
477.5	86.7477811202775	220.154509008334	3.1415926906318	0	15	10.2211245722914	0
477.75	86.4977811202775	220.154508999074	3.1415926906318	0	15	10.2277493861042	0
478	86.2477811202775	220.154508989813	3.1415926906318	0	15	10.2343689950077	0
478.25	85.9977811202775	220.154508980553	3.1415926906318	0	15	10.2409834092218	0
478.5	85.7477811202775	220.154508971292	3.1415926906318	0	15	10.2475926389322	0
478.75	85.4977811202775	220.154508962032	3.1415926906318	0	15	10.2541966942904	0
479	85.2477811202775	220.154508952771	3.1415926906318	0	15	10.260795585414	0
479.25	84.9977811202775	220.154508943511	3.1415926906318	0	15	10.2673893223865	0
479.5	84.7477811202775	220.15450893425	3.1415926906318	0	15	10.2739779152581	0
479.75	84.4977811202775	220.15450892499	3.1415926906318	0	15	10.2805613740452	0
480	84.2477811202775	220.154508915729	3.1415926906318	0	15	10.287139708731	0
480.25	83.9977811202775	220.154508906469	3.1415926906318	0	15	10.2937129292653	0
480.5	83.7477811202775	220.154508897208	3.1415926906318	0	15	10.3002810455653	0
480.75	83.4977811202775	220.154508887948	3.1415926906318	0	15	10.3068440675147	0
481	83.2477811202775	220.154508878687	3.1415926906318	0	15	10.313402004965	0
481.25	82.9977811202775	220.154508869427	3.1415926906318	0	15	10.3199548677347	0
481.5	82.7477811202775	220.154508860166	3.1415926906318	0	15	10.3265026656103	0
481.75	82.4977811202775	220.154508850906	3.1415926906318	0	15	10.3330454083456	0
482	82.2477811202775	220.154508841645	3.1415926906318	0	15	10.3395831056625	0
482.25	81.9977811202775	220.154508832385	3.1415926906318	0	15	10.3461157672509	0
482.5	81.7477811202775	220.154508823124	3.1415926906318	0	15	10.3526434027688	0
482.75	81.4977811202775	220.154508813864	3.1415926906318	0	15	10.3591660218427	0
483	81.2477811202775	220.154508804603	3.1415926906318	0	15	10.3656836340672	0
483.25	80.9977811202775	220.154508795343	3.1415926906318	0	15	10.3721962490058	0
483.5	80.7477811202775	220.154508786082	3.1415926906318	0	15	10.3787038761908	0
483.75	80.4977811202775	220.154508776822	3.1415926906318	0	15	10.3852065251231	0
484	80.2477811202775	220.154508767561	3.1415926906318	0	15	10.3917042052729	0
484.25	79.9977811202775	220.154508758301	3.1415926906318	0	15	10.3981969260794	0
484.5	79.7477811202775	220.15450874904	3.1415926906318	0	15	10.4046846969513	0
484.75	79.4977811202775	220.15450873978	3.1415926906318	0	15	10.4111675272666	0
485	79.2477811202775	220.154508730519	3.1415926906318	0	15	10.4176454263731	0
485.25	78.9977811202775	220.154508721259	3.1415926906318	0	15	10.424118403588	0
485.5	78.7477811202775	220.154508711998	3.1415926906318	0	15	10.4305864681987	0
485.75	78.4977811202775	220.154508702738	3.1415926906318	0	15	10.4370496294625	0
486	78.2477811202775	220.154508693477	3.1415926906318	0	15	10.4435078966069	0
486.25	77.9977811202775	220.154508684217	3.1415926906318	0	15	10.4336080689682	0
486.5	77.7477811202775	220.154508674956	3.1415926906318	0	15	10.4115765396688	0
486.75	77.4977811202775	220.154508665696	3.1415926906318	0	15	10.3895013518542	0
487	77.2477811202775	220.154508656435	3.1415926906318	0	15	10.3673822262145	0
487.25	76.9977811202775	220.154508647175	3.1415926906318	0	15	10.3452188804936	0
487.5	76.7477811202775	220.154508637914	3.1415926906318	0	15	10.3230110294455	0
487.75	76.4977811202775	220.154508628654	3.1415926906318	0	15	10.3007583847902	0
488	76.2477811202775	220.154508619393	3.1415926906318	0	15	10.2784606551678	0
488.25	75.9977811202775	220.154508610133	3.1415926906318	0	15	10.256117546093	0
488.5	75.7477811202775	220.154508600872	3.1415926906318	0	15	10.2337287599076	0
488.75	75.4977811202775	220.154508591612	3.1415926906318	0	15	10.2112939957325	0
489	75.2477811202775	220.154508582351	3.1415926906318	0	15	10.188812949419	0
489.25	74.9977811202775	220.154508573091	3.1415926906318	0	15	10.166285313499	0
489.5	74.7477811202775	220.15450856383	3.1415926906318	0	15	10.1437107771335	0
489.75	74.4977811202775	220.15450855457	3.1415926906318	0	15	10.1210890260617	0
490	74.2477811202775	220.154508545309	3.1415926906318	0	15	10.0984197425474	0
490.25	73.9977811202775	220.154508536049	3.1415926906318	0	15	10.075702605325	0
490.5	73.7477811202775	220.154508526788	3.1415926906318	0	15	10.0529372895452	0
490.75	73.4977811202775	220.154508517528	3.1415926906318	0	15	10.030123466718	0
491	73.2477811202775	220.154508508267	3.1415926906318	0	15	10.0072608046558	0
491.25	72.9977811202775	220.154508499007	3.1415926906318	0	15	9.9843489674153	0
491.5	72.7477811202775	220.154508489746	3.1415926906318	0	15	9.96138761523714	0
491.75	72.4977811202775	220.154508480486	3.1415926906318	0	15	9.93837640448564	0
492	72.2477811202775	220.154508471225	3.1415926906318	0	15	9.91531498758644	0
492.25	71.9977811202775	220.154508461965	3.1415926906318	0	15	9.89220301296315	0
492.5	71.7477811202775	220.154508452704	3.1415926906318	0	15	9.86904012497268	0
492.75	71.4977811202775	220.154508443444	3.1415926906318	0	15	9.84582596383911	0
493	71.2477811202775	220.154508434183	3.1415926906318	0	15	9.82256016558633	0
493.25	70.9977811202775	220.154508424923	3.1415926906318	0	15	9.79924236196912	0
493.5	70.7477811202775	220.154508415662	3.1415926906318	0	15	9.77587218040282	0
493.75	70.4977811202775	220.154508406402	3.1415926906318	0	15	9.75244924389158	0
494	70.2477811202775	220.154508397141	3.1415926906318	0	15	9.72897317095494	0
494.25	69.9977811202775	220.15450838788	3.1415926906318	0	15	9.70544357555292	0
494.5	69.7477811202775	220.15450837862	3.1415926906318	0	15	9.6818600670095	0
494.75	69.4977811202775	220.154508369359	3.1415926906318	0	15	9.65822224993441	0
495	69.2477811202775	220.154508360099	3.1415926906318	0	15	9.63452972414318	0
495.25	68.9977811202775	220.154508350838	3.1415926906318	0	15	9.61078208457557	0
495.5	68.7477811202775	220.154508341578	3.1415926906318	0	15	9.58697892121204	0
495.75	68.4977811202775	220.154508332317	3.1415926906318	0	15	9.5631198189885	0
496	68.2477811202775	220.154508323057	3.1415926906318	0	15	9.53920435770911	0
496.25	67.9977811202775	220.154508313796	3.1415926906318	0	15	9.51523211195713	0
496.5	67.7477811202775	220.154508304536	3.1415926906318	0	15	9.49120265100382	0
496.75	67.4977811202775	220.154508295275	3.1415926906318	0	15	9.46711553871521	0
497	67.2477811202775	220.154508286015	3.1415926906318	0	15	9.44297033345684	0
497.25	66.9977811202775	220.154508276754	3.1415926906318	0	15	9.41876658799624	0
497.5	66.7477811202775	220.154508267494	3.1415926906318	0	15	9.3945038494033	0
497.75	66.4977811202775	220.154508258233	3.1415926906318	0	15	9.37018165894819	0
498	66.2477811202775	220.154508248973	3.1415926906318	0	15	9.34579955199707	0
498.25	65.9977811202775	220.154508239712	3.1415926906318	0	15	9.3213570579053	0
498.5	65.7477811202775	220.154508230452	3.1415926906318	0	15	9.29685369990813	0
498.75	65.4977811202775	220.154508221191	3.1415926906318	0	15	9.27228899500892	0
499	65.2477811202775	220.154508211931	3.1415926906318	0	15	9.2476624538646	0
499.25	64.9977811202775	220.15450820267	3.1415926906318	0	15	9.22297358066852	0
499.5	64.7477811202775	220.15450819341	3.1415926906318	0	15	9.19822187303044	0
499.75	64.4977811202775	220.154508184149	3.1415926906318	0	15	9.17340682185366	0
500	64.2477811202775	220.154508174889	3.1415926906318	0	15	9.14852791120917	0
500.25	63.9977811202775	220.154508165628	3.1415926906318	0	15	9.12358461820682	0
500.5	63.7477811202775	220.154508156368	3.1415926906318	0	15	9.09857641286323	0
500.75	63.4977811202775	220.154508147107	3.1415926906318	0	15	9.07350275796658	0
501	63.2477811202775	220.154508137847	3.1415926906318	0	15	9.04836310893799	0
501.25	62.9977811202775	220.154508128586	3.1415926906318	0	15	9.0231569136895	0
501.5	62.7477811202775	220.154508119326	3.1415926906318	0	15	8.99788361247852	0
501.75	62.4977811202775	220.154508110065	3.1415926906318	0	15	8.97254263775861	0
502	62.2477811202775	220.154508100805	3.1415926906318	0	15	8.94713341402649	0
502.25	61.9977811202775	220.154508091544	3.1415926906318	0	15	8.92165535766524	0
502.5	61.7477811202775	220.154508082284	3.1415926906318	0	15	8.89610787678342	0
502.75	61.4977811202775	220.154508073023	3.1415926906318	0	15	8.87049037105013	0
503	61.2477811202775	220.154508063763	3.1415926906318	0	15	8.84480223152579	0
503.25	60.9977811202775	220.154508054502	3.1415926906318	0	15	8.81904284048855	0
503.5	60.7477811202775	220.154508045242	3.1415926906318	0	15	8.79321157125617	0
503.75	60.4977811202775	220.154508035981	3.1415926906318	0	15	8.76730778800322	0
504	60.2477811202775	220.154508026721	3.1415926906318	0	15	8.74133084557347	0
504.25	59.9977811202775	220.15450801746	3.1415926906318	0	15	8.71528008928732	0
504.5	59.7477811202775	220.1545080082	3.1415926906318	0	15	8.68915485474405	0
504.75	59.4977811202775	220.154507998939	3.1415926906318	0	15	8.6629544676188	0
505	59.2477811202775	220.154507989679	3.1415926906318	0	15	8.63667824345404	0
505.25	58.9977811202775	220.154507980418	3.1415926906318	0	15	8.61032548744542	0
505.5	58.7477811202775	220.154507971158	3.1415926906318	0	15	8.58389549422171	0
505.75	58.4977811202775	220.154507961897	3.1415926906318	0	15	8.5573875476187	0
506	58.2477811202775	220.154507952637	3.1415926906318	0	15	8.53080092044693	0
506.25	57.9977811202775	220.154507943376	3.1415926906318	0	15	8.50413487425278	0
506.5	57.7477811202775	220.154507934116	3.1415926906318	0	15	8.47738865907309	0
506.75	57.4977811202775	220.154507924855	3.1415926906318	0	15	8.45056151318263	0
507	57.2477811202775	220.154507915595	3.1415926906318	0	15	8.42365266283462	0
507.25	56.9977811202775	220.154507906334	3.1415926906318	0	15	8.3966613219937	0
507.5	56.7477811202775	220.154507897074	3.1415926906318	0	15	8.36958669206129	0
507.75	56.4977811202775	220.154507887813	3.1415926906318	0	15	8.342427961593	0
508	56.2477811202775	220.154507878553	3.1415926906318	0	15	8.31518430600779	0
508.25	55.9977811202775	220.154507869292	3.1415926906318	0	15	8.28785488728871	0
508.5	55.7477811202775	220.154507860032	3.1415926906318	0	15	8.26043885367465	0
508.75	55.4977811202775	220.154507850771	3.1415926906318	0	15	8.23293533934313	0
509	55.2477811202775	220.154507841511	3.1415926906318	0	15	8.20534346408349	0
509.25	54.9977811202775	220.15450783225	3.1415926906318	0	15	8.17766233296027	0
509.5	54.7477811202775	220.15450782299	3.1415926906318	0	15	8.14989103596649	0
509.75	54.4977811202775	220.154507813729	3.1415926906318	0	15	8.12202864766621	0
510	54.2477811202775	220.154507804469	3.1415926906318	0	15	8.09407422682631	0
510.25	53.9977811202775	220.154507795208	3.1415926906318	0	15	8.0660268160367	0
510.5	53.7477811202775	220.154507785948	3.1415926906318	0	15	8.0378854413189	0
510.75	53.4977811202775	220.154507776687	3.1415926906318	0	15	8.00964911172219	0
511	53.2477811202775	220.154507767427	3.1415926906318	0	15	7.98131681890719	0
511.25	52.9977811202775	220.154507758166	3.1415926906318	0	15	7.95288753671607	0
511.5	52.7477811202775	220.154507748906	3.1415926906318	0	15	7.9243602207291	0
511.75	52.4977811202775	220.154507739645	3.1415926906318	0	15	7.89573380780686	0
512	52.2477811202775	220.154507730385	3.1415926906318	0	15	7.86700721561765	0
512.25	51.9977811202775	220.154507721124	3.1415926906318	0	15	7.83817934214943	0
512.5	51.7477811202775	220.154507711864	3.1415926906318	0	15	7.80924906520563	0
512.75	51.4977811202775	220.154507702603	3.1415926906318	0	15	7.78021524188436	0
513	51.2477811202775	220.154507693343	3.1415926906318	0	15	7.75107670804011	0
513.25	50.9977811202775	220.154507684082	3.1415926906318	0	15	7.7218322777274	0
513.5	50.7477811202775	220.154507674822	3.1415926906318	0	15	7.69248074262549	0
513.75	50.4977811202775	220.154507665561	3.1415926906318	0	15	7.66302087144355	0
514	50.2477811202775	220.154507656301	3.1415926906318	0	15	7.6334514093052	0
514.25	49.9977811202775	220.15450764704	3.1415926906318	0	15	7.60377107711181	0
514.5	49.7477811202775	220.15450763778	3.1415926906318	0	15	7.57397857088348	0
514.75	49.4977811202775	220.154507628519	3.1415926906318	0	15	7.5440725610768	0
515	49.2477811202775	220.154507619259	3.1415926906318	0	15	7.51405169187839	0
515.25	48.9977811202775	220.154507609998	3.1415926906318	0	15	7.48391458047317	0
515.5	48.7477811202775	220.154507600738	3.1415926906318	0	15	7.45365981628613	0
515.75	48.4977811202775	220.154507591477	3.1415926906318	0	15	7.42328596019665	0
516	48.2477811202775	220.154507582217	3.1415926906318	0	15	7.39279154372389	0
516.25	47.9977811202775	220.154507572956	3.1415926906318	0	15	7.36217506818211	0
516.5	47.7477811202775	220.154507563696	3.1415926906318	0	15	7.33143500380449	0
516.75	47.4977811202775	220.154507554435	3.1415926906318	0	15	7.30056978883399	0
517	47.2477811202775	220.154507545175	3.1415926906318	0	15	7.26957782857978	0
517.25	46.9977811202775	220.154507535914	3.1415926906318	0	15	7.23845749443758	0
517.5	46.7477811202775	220.154507526654	3.1415926906318	0	15	7.20720712287217	0
517.75	46.4977811202775	220.154507517393	3.1415926906318	0	15	7.17582501436042	0
518	46.2477811202775	220.154507508133	3.1415926906318	0	15	7.14430943229278	0
518.25	45.9977811202775	220.154507498872	3.1415926906318	0	15	7.11265860183129	0
518.5	45.7477811202775	220.154507489612	3.1415926906318	0	15	7.08087070872208	0
518.75	45.4977811202775	220.154507480351	3.1415926906318	0	15	7.0489438980599	0
519	45.2477811202775	220.154507471091	3.1415926906318	0	15	7.01687627300255	0
519.25	44.9977811202775	220.15450746183	3.1415926906318	0	15	6.98466589343245	0
519.5	44.7477811202775	220.15450745257	3.1415926906318	0	15	6.95231077456297	0
519.75	44.4977811202775	220.154507443309	3.1415926906318	0	15	6.91980888548633	0
520	44.2477811202775	220.154507434049	3.1415926906318	0	15	6.88715814766044	0
520.25	43.9977811202775	220.154507424788	3.1415926906318	0	15	6.85435643333122	0
520.5	43.7477811202775	220.154507415528	3.1415926906318	0	15	6.82140156388712	0
520.75	43.4977811202775	220.154507406267	3.1415926906318	0	15	6.78829130814232	0
521	43.2477811202775	220.154507397007	3.1415926906318	0	15	6.75502338054456	0
521.25	42.9977811202775	220.154507387746	3.1415926906318	0	15	6.72159543930386	0
521.5	42.7477811202775	220.154507378486	3.1415926906318	0	15	6.68800508443748	0
521.75	42.4977811202775	220.154507369225	3.1415926906318	0	15	6.65424985572669	0
522	42.2477811202775	220.154507359965	3.1415926906318	0	15	6.62032723058042	0
522.25	41.9977811202775	220.154507350704	3.1415926906318	0	15	6.58623462180051	0
522.5	41.7477811202775	220.154507341444	3.1415926906318	0	15	6.55196937524293	0
522.75	41.4977811202775	220.154507332183	3.1415926906318	0	15	6.5175287673691	0
523	41.2477811202775	220.154507322923	3.1415926906318	0	15	6.48291000268081	0
523.25	40.9977811202775	220.154507313662	3.1415926906318	0	15	6.44811021103205	0
523.5	40.7477811202775	220.154507304402	3.1415926906318	0	15	6.41312644481024	0
523.75	40.4977811202775	220.154507295141	3.1415926906318	0	15	6.37795567597926	0
524	40.2477811202775	220.154507285881	3.1415926906318	0	15	6.34259479297577	0
524.25	39.9977811202775	220.15450727662	3.1415926906318	0	15	6.30704059744979	0
524.5	39.7477811202775	220.15450726736	3.1415926906318	0	15	6.27128980084006	0
524.75	39.4977811202775	220.154507258099	3.1415926906318	0	15	6.23533902077358	0
525	39.2477811202775	220.154507248839	3.1415926906318	0	15	6.1991847772784	0
525.25	38.9977811202775	220.154507239578	3.1415926906318	0	15	6.16282348879756	0
525.5	38.7477811202775	220.154507230318	3.1415926906318	0	15	6.12625146799129	0
525.75	38.4977811202775	220.154507221057	3.1415926906318	0	15	6.08946491731355	0
526	38.2477811202775	220.154507211797	3.1415926906318	0	15	6.05245992434798	0
526.25	37.9977811202775	220.154507202536	3.1415926906318	0	15	6.01523245688693	0
526.5	37.7477811202775	220.154507193276	3.1415926906318	0	15	5.97777835773627	0
526.75	37.4977811202775	220.154507184015	3.1415926906318	0	15	5.94009333922678	0
527	37.2477811202775	220.154507174755	3.1415926906318	0	15	5.90217297741191	0
527.25	36.9977811202775	220.154507165494	3.1415926906318	0	15	5.86401270592957	0
527.5	36.7477811202775	220.154507156234	3.1415926906318	0	15	5.82560780950379	0
527.75	36.4977811202775	220.154507146973	3.1415926906318	0	15	5.78695341706033	0
528	36.2477811202775	220.154507137713	3.1415926906318	0	15	5.74804449442757	0
528.25	35.9977811202775	220.154507128452	3.1415926906318	0	15	5.70887583659191	0
528.5	35.7477811202775	220.154507119192	3.1415926906318	0	15	5.66944205947391	0
528.75	35.4977811202775	220.154507109931	3.1415926906318	0	15	5.62973759118848	0
529	35.2477811202775	220.154507100671	3.1415926906318	0	15	5.58975666274894	0
529.25	34.9977811202775	220.15450709141	3.1415926906318	0	15	5.54949329817108	0
529.5	34.7477811202775	220.15450708215	3.1415926906318	0	15	5.50894130392929	0
529.75	34.4977811202775	220.154507072889	3.1415926906318	0	15	5.46809425771203	0
530	34.2477811202775	220.154507063629	3.1415926906318	0	15	5.426945496419	0
530.25	33.9977811202775	220.154507054368	3.1415926906318	0	15	5.3854881033364	0
530.5	33.7477811202775	220.154507045107	3.1415926906318	0	15	5.34371489442065	0
530.75	33.4977811202775	220.154507035847	3.1415926906318	0	15	5.30161840361345	0
531	33.2477811202775	220.154507026586	3.1415926906318	0	15	5.25919086710331	0
531.25	32.9977811202775	220.154507017326	3.1415926906318	0	15	5.21642420643975	0
531.5	32.7477811202775	220.154507008065	3.1415926906318	0	15	5.17331001039604	0
531.75	32.4977811202775	220.154506998805	3.1415926906318	0	15	5.12983951546562	0
532	32.2477811202775	220.154506989544	3.1415926906318	0	15	5.08600358486377	0
532.25	31.9977811202775	220.154506980284	3.1415926906318	0	15	5.04179268589253	0
532.5	31.7477811202775	220.154506971023	3.1415926906318	0	15	4.99719686550996	0
532.75	31.4977811202775	220.154506961763	3.1415926906318	0	15	4.95220572392653	0
533	31.2477811202775	220.154506952502	3.1415926906318	0	15	4.90680838603051	0
533.25	30.9977811202775	220.154506943242	3.1415926906318	0	15	4.86099347041991	0
533.5	30.7477811202775	220.154506933981	3.1415926906318	0	15	4.81474905579154	0
533.75	30.4977811202775	220.154506924721	3.1415926906318	0	15	4.76806264440599	0
534	30.2477811202775	220.15450691546	3.1415926906318	0	15	4.72092112231164	0
534.25	29.9977811202775	220.1545069062	3.1415926906318	0	15	4.67331071596913	0
534.5	29.7477811202775	220.154506896939	3.1415926906318	0	15	4.62521694487011	0
534.75	29.4977811202775	220.154506887679	3.1415926906318	0	15	4.57662456968855	0
535	29.2477811202775	220.154506878418	3.1415926906318	0	15	4.5275175354389	0
535.25	28.9977811202775	220.154506869158	3.1415926906318	0	15	4.47787890904045	0
535.5	28.7477811202775	220.154506859897	3.1415926906318	0	15	4.42769081060002	0
535.75	28.4977811202775	220.154506850637	3.1415926906318	0	15	4.37693433762296	0
536	28.2477811202775	220.154506841376	3.1415926906318	0	15	4.32558948124207	0
536.25	27.9977811202775	220.154506832116	3.1415926906318	0	15	4.27363503341245	0
536.5	27.7477811202775	220.154506822855	3.1415926906318	0	15	4.22104848385202	0
536.75	27.4977811202775	220.154506813595	3.1415926906318	0	15	4.16780590530832	0
537	27.2477811202775	220.154506804334	3.1415926906318	0	15	4.11388182549342	0
537.25	26.9977811202775	220.154506795074	3.1415926906318	0	15	4.05924908374339	0
537.5	26.7477811202775	220.154506785813	3.1415926906318	0	15	4.00387867011466	0
537.75	26.4977811202775	220.154506776553	3.1415926906318	0	15	3.94773954421334	0
538	26.2477811202775	220.154506767292	3.1415926906318	0	15	3.89079843054747	0
538.25	25.9977811202775	220.154506758032	3.1415926906318	0	15	3.83301958657324	0
538.5	25.7477811202775	220.154506748771	3.1415926906318	0	15	3.77436453884593	0
538.75	25.4977811202775	220.154506739511	3.1415926906318	0	15	3.71479178174551	0
539	25.2477811202775	220.15450673025	3.1415926906318	0	15	3.65425643207714	0
539.25	24.9977811202775	220.15450672099	3.1415926906318	0	15	3.59270983138105	0
539.5	24.7477811202775	220.154506711729	3.1415926906318	0	15	3.53009908593867	0
539.75	24.4977811202775	220.154506702469	3.1415926906318	0	15	3.46636653211307	0
540	24.2477811202775	220.154506693208	3.1415926906318	0	15	3.40144911165466	0
540.25	23.9977811202775	220.154506683948	3.1415926906318	0	15	3.33527763771819	0
540.5	23.7477811202775	220.154506674687	3.1415926906318	0	15	3.26777592727298	0
540.75	23.4977811202775	220.154506665427	3.1415926906318	0	15	3.19885976892294	0
541	23.2477811202775	220.154506656166	3.1415926906318	0	15	3.12843568628529	0
541.25	22.9977811202775	220.154506646906	3.1415926906318	0	15	3.05639944514587	0
541.5	22.7477811202775	220.154506637645	3.1415926906318	0	15	2.9826342363561	0
541.75	22.4977811202775	220.154506628385	3.1415926906318	0	15	2.9070084439965	0
542	22.2477811202775	220.154506619124	3.1415926906318	0	15	2.82937287689273	0
542.25	21.9977811202775	220.154506609864	3.1415926906318	0	15	2.74955729680812	0
542.5	21.7477811202775	220.154506600603	3.1415926906318	0	15	2.66736601176723	0
542.75	21.4977811202775	220.154506591343	3.1415926906318	0	15	2.58257220709481	0
543	21.2477811202775	220.154506582082	3.1415926906318	0	15	2.49491054193859	0
543.25	20.9977811202775	220.154506572822	3.1415926906318	0	15	2.40406731487458	0
543.5	20.7477811202775	220.154506563561	3.1415926906318	0	15	2.30966714546483	0
543.75	20.4977811202775	220.154506554301	3.1415926906318	0	15	2.21125453281996	0
544	20.2477811202775	220.15450654504	3.1415926906318	0	15	2.10826765476952	0
544.25	19.9977811202775	220.15450653578	3.1415926906318	0	2	2	0
544.5	19.7477811202775	220.154506526519	3.1415926906318	0	15	2.03700381949027	0
544.75	19.4977811202775	220.154506517259	3.1415926906318	0	15	2.07334233365567	0
545	19.2477811202775	220.154506507998	3.1415926906318	0	15	2.10904993269424	0
545.25	18.9977811202775	220.154506498738	3.1415926906318	0	15	2.14415813821867	0
545.5	18.7477811202775	220.154506489477	3.1415926906318	0	15	2.1786959275375	0
545.75	18.4977811202775	220.154506480217	3.1415926906318	0	15	2.21269001226991	0
546	18.2477811202775	220.154506470956	3.1415926906318	0	15	2.24616507891665	0
546.25	17.9977811202775	220.154506461696	3.1415926906318	0	15	2.27914399755008	0
546.5	17.7477811202775	220.154506452435	3.1415926906318	0	15	2.31164800364019	0
546.75	17.4977811202775	220.154506443175	3.1415926906318	0	15	2.34369685712603	0
547	17.2477811202775	220.154506433914	3.1415926906318	0	15	2.37530898211936	0
547.25	16.9977811202775	220.154506424654	3.1415926906318	0	15	2.406501590047	0
547.5	16.7477811202775	220.154506415393	3.1415926906318	0	15	2.43729078857022	0
547.75	16.4977811202775	220.154506406133	3.1415926906318	0	15	2.46769167823886	0
548	16.2477811202775	220.154506396872	3.1415926906318	0	15	2.49771843852732	0
548.25	15.9977811202775	220.154506387612	3.1415926906318	0	15	2.52738440464436	0
548.5	15.7477811202775	220.154506378351	3.1415926906318	0	15	2.55670213629775	0
548.75	15.4977811202775	220.154506369091	3.1415926906318	0	15	2.58568347942058	0
549	15.2477811202775	220.15450635983	3.1415926906318	0	15	2.61433962172009	0
549.25	14.9977811202775	220.15450635057	3.1415926906318	0	15	2.64268114278833	0
549.5	14.7477811202775	220.154506341309	3.1415926906318	0	15	2.67071805941158	0
549.75	14.4977811202775	220.154506332049	3.1415926906318	0	15	2.69845986662903	0
550	14.2477811202775	220.154506322788	3.1415926906318	0	15	2.72591557501834	0
550.25	13.9977811202775	220.154506313528	3.1415926906318	0	15	2.75309374462333	0
550.5	13.7477811202775	220.154506304267	3.1415926906318	0	15	2.78000251588621	0
550.75	13.4977811202775	220.154506295007	3.1415926906318	0	15	2.80664963790147	0
551	13.2477811202775	220.154506285746	3.1415926906318	0	15	2.83304249426939	0
551.25	12.9977811202775	220.154506276486	3.1415926906318	0	15	2.85918812679405	0
551.5	12.7477811202775	220.154506267225	3.1415926906318	0	15	2.8850932572413	0
551.75	12.4977811202775	220.154506257965	3.1415926906318	0	15	2.91076430734748	0
552	12.2477811202775	220.154506248704	3.1415926906318	0	15	2.93620741724777	0
552.25	11.9977811202775	220.154506239444	3.1415926906318	0	15	2.96142846247402	0
552.5	11.7477811202775	220.154506230183	3.1415926906318	0	15	2.9864330696556	0
552.75	11.4977811202775	220.154506220923	3.1415926906318	0	15	3.01122663104223	0
553	11.2477811202775	220.154506211662	3.1415926906318	0	15	3.03581431795487	0
553.25	10.9977811202775	220.154506202402	3.1415926906318	0	15	3.06020109326011	0
553.5	10.7477811202775	220.154506193141	3.1415926906318	0	15	3.08439172295308	0
553.75	10.4977811202775	220.154506183881	3.1415926906318	0	15	3.10839078692567	0
554	10.2477811202775	220.15450617462	3.1415926906318	0	15	3.13220268898904	0
554.25	9.99778112027747	220.15450616536	3.1415926906318	0	15	3.15583166621248	0
554.5	9.74778112027747	220.154506156099	3.1415926906318	0	15	3.17928179763486	0
554.75	9.49778112027747	220.154506146839	3.1415926906318	0	15	3.20255701239942	0
555	9.24778112027747	220.154506137578	3.1415926906318	0	15	3.22566109735786	0
555.25	8.99778112027747	220.154506128318	3.1415926906318	0	15	3.24859770418546	0
555.5	8.74778112027747	220.154506119057	3.1415926906318	0	15	3.2713703560451	0
555.75	8.49778112027747	220.154506109797	3.1415926906318	0	15	3.29398245383471	0
556	8.24778112027747	220.154506100536	3.1415926906318	0	15	3.31643728204949	0
556.25	7.99778112027747	220.154506091276	3.1415926906318	0	15	3.33873801428754	0
556.5	7.74778112027747	220.154506082015	3.1415926906318	0	15	3.3608877184251	0
556.75	7.49778112027747	220.154506072755	3.1415926906318	0	15	3.38288936148528	0
557	7.24778112027747	220.154506063494	3.1415926906318	0	15	3.40474581422224	0
557.25	6.99778112027747	220.154506054234	3.1415926906318	0	15	3.42645985544077	0
557.5	6.74778112027747	220.154506044973	3.1415926906318	0	15	3.44803417606987	0
557.75	6.49778112027747	220.154506035713	3.1415926906318	0	15	3.46947138300705	0
558	6.24778112027747	220.154506026452	3.1415926906318	0	15	3.49077400274908	0
558.25	5.99778112027747	220.154506017192	3.1415926906318	0	15	3.5119444848235	0
558.5	5.74778112027747	220.154506007931	3.1415926906318	0	15	3.53298520503394	0
558.75	5.49778112027747	220.154505998671	3.1415926906318	0	15	3.55389846853169	0
559	5.24778112027747	220.15450598941	3.1415926906318	0	15	3.57468651272456	0
559.25	4.99778112027747	220.15450598015	3.1415926906318	0	15	3.59535151003353	0
559.5	4.74778112027747	220.154505970889	3.1415926906318	0	15	3.6158955705068	0
559.75	4.49778112027747	220.154505961629	3.1415926906318	0	15	3.63632074430018	0
560	4.24778112027747	220.154505952368	3.1415926906318	0	15	3.65662902403199	0
560.25	3.99778112027747	220.154505943108	3.1415926906318	0	15	3.6768223470203	0
560.5	3.74778112027747	220.154505933847	3.1415926906318	0	15	3.69690259740945	0
560.75	3.49778112027747	220.154505924587	3.1415926906318	0	15	3.71687160819258	0
561	3.24778112027747	220.154505915326	3.1415926906318	0	15	3.7367311631363	0
561.25	2.99778112027747	220.154505906066	3.1415926906318	0	15	3.75648299861317	0
561.5	2.74778112027747	220.154505896805	3.1415926906318	0	15	3.77612880534745	0
561.75	2.49778112027747	220.154505887545	3.1415926906318	0	15	3.79567023007897	0
562	2.24778112027747	220.154505878284	3.1415926906318	0	15	3.81510887714978	0
562.25	1.99778112027747	220.154505869024	3.1415926906318	0	15	3.834446310018	0
562.5	1.74778112027747	220.154505859763	3.1415926906318	0	15	3.85368405270284	0
562.75	1.49778112027747	220.154505850503	3.1415926906318	0	15	3.87282359116457	0
563	1.24778112027747	220.154505841242	3.1415926906318	0	15	3.89186637462302	0
563.25	0.997781120277467	220.154505831982	3.1415926906318	0	15	3.91081381681796	0
563.5	0.747781120277467	220.154505822721	3.1415926906318	0	15	3.9296672972143	0
563.75	0.497781120277468	220.154505813461	3.1415926906318	0	15	3.94842816215526	0
564	0.247781120277468	220.1545058042	3.1415926906318	0	15	3.96709772596609	0
564.25	-0.00221887972253215	220.154505794876	3.14159269113866	4.05487909545717e-09	15	3.98567727201085	1.61614394515156e-08
564.5	-0.252218879721166	220.154504968332	3.14159922839236	5.2293974702818e-05	15	4.00416805370491	0.000209393862906277
564.75	-0.50221887965629	220.154499272897	3.14163164226757	0.000207017027012056	15	4.0225712954851	0.000832740750535359
565	-0.752218878838624	220.154479053285	3.14171542180754	0.000463219292738683	15	4.04088819373992	0.0018718173711403
565.25	-1.0022188736912	220.154428321536	3.1418757393691	0.0008193211997186	15	4.05911991770164	0.00332572300077297
565.5	-1.2522188522808	220.154324855587	3.14213729542673	0.00127312726127937	15	4.07726761030228	0.00519088054620723
565.75	-1.50221878418604	220.154140336287	3.1425241662859	0.00182183961214565	15	4.09533238899517	0.00746103877117447
566	-1.75221860440878	220.153840522015	3.1430596556447	0.00246207525820897	15	4.1133153465438	0.0101272919439367
566.25	-2.00221819024528	220.153385459843	3.1437661509187	0.00318988693381139	15	4.13121755177953	0.0131781168891538
566.5	-2.25221733028573	220.152729731976	3.14466498521517	0.00400078743795089	15	4.14904005032969	0.0165994273129142
566.75	-2.50221568499686	220.151822735985	3.14577630580734	0.00488977729936767	15	4.16678386531739	0.0203746451560004
567	-2.75221273865575	220.150608997185	3.14711894991975	0.00585137559994695	15	4.18444999803443	0.0244847886176967
567.25	-3.00220774273454	220.149028511297	3.14871032859054	0.0068796537664018	15	4.20203942858857	0.0289085763814582
567.5	-3.25219965117673	220.147017115405	3.15056631932658	0.00796827212189882	15	4.21955311652632	0.0336225474652879
567.75	-3.50218704834612	220.144506885042	3.15270116821335	0.00911051897227404	15	4.23699200143234	0.0386011960144227
568	-3.75216807076069	220.141426555098	3.15512740208312	0.0102993519858593	15	4.25435700350664	0.0438171202526204
568.25	-4.00214032403529	220.137701962125	3.15785575128283	0.0115274416117987	15	4.27164902412038	0.0492411847116445
568.5	-4.25210079674085	220.133256505476	3.16089508351795	0.0127872162691671	15	4.28886894635143	0.0548426947671106
568.75	-4.50204577313505	220.12801162461	3.16425234918013	0.0140709090282843	15	4.30601763550045	0.0605895824233145
569	-4.7519707469227	220.121887289769	3.16793253849572	0.015370605496419	15	4.32309593958841	0.0664486022105844
569.25	-5.00187033835634	220.114802503159	3.17193865075935	0.0166782926126525	15	4.34010468983632	0.0723855359866356
569.5	-5.25173821708437	220.106675807647	3.17627167584231	0.0179859080510629	15	4.35704470112804	0.0783654053688599
569.75	-5.50156703318992	220.097425799901	3.18093058808965	0.0192853899276463	15	4.37391677245671	0.0843526904678996
570	-5.75134835883722	220.086971644848	3.18591235264367	0.0205687265045118	15	4.39072168735568	0.0903115535446476
570.25	-6.00107264285134	220.07523358821	3.19121194415485	0.0218280055849105	15	4.40746021431455	0.0962060661733287
570.5	-6.25072918040284	220.062133463867	3.19682237776478	0.0230554632945588	15	4.42413310718083	0.10200043846285
570.75	-6.50030609975286	220.047595192726	3.20273475217017	0.0242435319485058	15	4.44074110554801	0.107659248867396
571	-6.74979036773984	220.031545269767	3.20893830450228	0.0253848867084268	15	4.45728493513044	0.113147673105464
571.25	-6.99916781536244	220.01391323593	3.21542047668367	0.026472490742688	15	4.47376530812562	0.118431710704314
571.5	-7.24842318443957	219.994632131547	3.22216699285285	0.0274996386107531	15	4.49018292356445	0.123478407694197
571.75	-7.49754019591708	219.973638928063	3.22916194737975	0.0284599976044542	15	4.50653846764992	0.128256073993698
572	-7.74650163994942	219.950874934887	3.23638790292922	0.0293476467912434	15	4.52283261408456	0.13273449405407
572.25	-7.99528948742471	219.926286178338	3.24382599796796	0.0301571135187108	15	4.53906602438736	0.136885129366373
572.5	-8.24388502213254	219.899823749815	3.25145606305221	0.0308834071553065	15	4.5552393482003	0.140681311480343
572.75	-8.49226899230814	219.871444120505	3.25925674517903	0.0315220498592438	15	4.57135322358517	0.144098424238067
573	-8.74042177983427	219.841109420193	3.26720563943467	0.0320691041858827	15	4.58740827731079	0.14711407398826
573.25	-8.9883235849555	219.808787678011	3.27527942712833	0.0325211973633853	15	4.60340512513117	0.14970824661801
573.5	-9.23595462396866	219.774453023255	3.28345401955963	0.0328755420869763	15	4.619344372055	0.151863450317731
573.75	-9.48329533700853	219.738085844743	3.29170470653345	0.033129953703603	15	4.63522661260657	0.153564843081364
574	-9.73032660275778	219.699672907569	3.30000630870653	0.0332828636810486	15	4.65105243107875	0.154800344037004
574.25	-9.97702995667271	219.659207426389	3.30833333333333	0.0333333333333333	15	4.66682240177805	0.155560746725935
574.5	-10.2233876702299	219.616688289863	3.31666666666666	0.0333333333333333	15	4.68253708926226	0.156084569642075
574.75	-10.4693825077125	219.572117672503	3.32499999999999	0.0333333333333333	15	4.69819704857083	0.156606568285694
575	-10.7149973862447	219.525498669472	3.33333333333333	0.0333333333333333	15	4.7138028254483	0.157126760848277
575.25	-10.9602152493364	219.476834518182	3.34166666666666	0.0333333333333333	15	4.72935495656104	0.157645165218701
575.5	-11.2050190680678	219.426128598069	3.34999999999999	0.0333333333333333	15	4.74485396970751	0.15816179899025
575.75	-11.449391842272	219.373384430356	3.35833333333333	0.0333333333333333	15	4.76030038402234	0.158676679467411
576	-11.6933166017159	219.318605677812	3.36666666666666	0.0333333333333333	15	4.77569471017435	0.159189823672478
576.25	-11.936776407278	219.261796144495	3.37499999999999	0.0333333333333333	15	4.79103745055882	0.159701248351961
576.5	-12.1797543521252	219.202959775489	3.38333333333333	0.0333333333333333	15	4.80632909948422	0.160210969982807
576.75	-12.4222335628867	219.142100656629	3.39166666666666	0.0333333333333333	15	4.82157014335343	0.160719004778448
577	-12.664197200826	219.079223014218	3.39999999999999	0.0333333333333333	15	4.83676106083994	0.161225368694665
577.25	-12.9056284630098	219.014331214733	3.40833333333333	0.0333333333333333	15	4.85190232305887	0.161730077435296
577.5	-13.1465105834753	218.947429764524	3.41666666666666	0.0333333333333333	15	4.86699439373327	0.162233146457776
577.75	-13.3868268343943	218.878523309498	3.42499999999999	0.0333333333333333	15	4.88203772935566	0.162734590978522
578	-13.6265605272349	218.807616634798	3.43333333333333	0.0333333333333333	15	4.89703277934514	0.163234425978171
578.25	-13.8656950139201	218.73471466447	3.44166666666666	0.0333333333333333	15	4.91197998620004	0.163732666206668
578.5	-14.1042136879847	218.659822461121	3.44999999999999	0.0333333333333333	15	4.92687978564646	0.164229326188215
578.75	-14.3420999857276	218.582945225568	3.45833333333333	0.0333333333333333	15	4.94173260678264	0.164724420226088
579	-14.5793373873626	218.504088296478	3.46666666666666	0.0333333333333333	15	4.95653887221948	0.165217962407316
579.25	-14.8159094181655	218.423257149995	3.47499999999999	0.0333333333333333	15	4.97129899821717	0.165709966607239
579.5	-15.0517996496181	218.34045739936	3.48333333333333	0.0333333333333333	15	4.98601339481821	0.16620044649394
579.75	-15.2869917005492	218.255694794523	3.49166666666666	0.0333333333333333	15	5.00068246597682	0.166689415532561
580	-15.521469238272	218.168975221741	3.49999999999999	0.0333333333333333	15	5.01530660968495	0.167176886989498
580.25	-15.7552159797184	218.080304703172	3.50833333333333	0.0333333333333333	15	5.0298862180949	0.167662873936497
580.5	-15.9882156925696	217.989689396456	3.51666666666666	0.0333333333333333	15	5.04442167763876	0.168147389254625
580.75	-16.2204521963838	217.897135594286	3.52499999999999	0.0333333333333333	15	5.05891336914471	0.168630445638157
581	-16.4519093637192	217.802649723972	3.53333333333333	0.0333333333333333	15	5.0733616679503	0.169112055598343
581.25	-16.6825711212545	217.706238346994	3.54166666666666	0.0333333333333333	15	5.08776694401278	0.169592231467093
581.5	-16.9124214509047	217.607908158549	3.54999999999999	0.0333333333333333	15	5.10212956201663	0.170070985400554
581.75	-17.1414443909339	217.507665987082	3.55833333333333	0.0333333333333333	15	5.11644988147833	0.170548329382611
582	-17.3696240370631	217.405518793815	3.56666666666666	0.0333333333333333	15	5.13072825684845	0.171024275228282
582.25	-17.5969445435754	217.301473672262	3.57499999999999	0.0333333333333333	15	5.14496503761116	0.171498834587039
582.5	-17.8233901244158	217.195537847737	3.58333333333333	0.0333333333333333	15	5.15916056838126	0.171972018946042
582.75	-18.0489450542878	217.087718676851	3.59166666666666	0.0333333333333333	15	5.17331518899881	0.172443839633294
583	-18.2735936697451	216.978023647004	3.59999999999999	0.0333333333333333	15	5.18742923462132	0.172914307820711
583.25	-18.4973203702798	216.866460375862	3.60833333333333	0.0333333333333333	15	5.20150303581374	0.173383434527125
583.5	-18.7201096194054	216.75303661083	3.61666666666666	0.0333333333333333	15	5.21553691863622	0.173851230621207
583.75	-18.9419459457358	216.637760228513	3.62499999999999	0.0333333333333333	15	5.22953120472974	0.174317706824325
584	-19.1628139440597	216.520639234167	3.63333333333333	0.0333333333333333	15	5.24348621139956	0.174782873713319
584.25	-19.3826982764103	216.40168176115	3.64166666666666	0.0333333333333333	15	5.25740225169683	0.175246741723228
584.5	-19.6015836731309	216.280896070348	3.64999999999999	0.0333333333333333	15	5.27127963449806	0.175709321149935
584.75	-19.8194549339344	216.158290549608	3.65833333333333	0.0333333333333333	15	5.2851186645828	0.17617062215276
585	-20.03629692896	216.033873713154	3.66666666666666	0.0333333333333333	15	5.29891964270941	0.17663065475698
585.25	-20.2520945998227	215.907654200993	3.67499999999999	0.0333333333333333	15	5.31268286568911	0.177089428856304
585.5	-20.4668329606601	215.779640778318	3.68333333333333	0.0333333333333333	15	5.32640862645819	0.177546954215273
585.75	-20.6804970991721	215.649842334899	3.69166666666666	0.0333333333333333	15	5.3400972141486	0.17800324047162
586	-20.8930721776573	215.518267884465	3.69999999999999	0.0333333333333333	15	5.35374891415685	0.178458297138562
586.25	-21.1045434340429	215.384926564078	3.70833333333333	0.0333333333333333	15	5.36736400821137	0.178912133607046
586.5	-21.31489618291	215.249827633497	3.71666666666666	0.0333333333333333	15	5.38094277443827	0.179364759147942
586.75	-21.5241158165132	215.112980474539	3.72499999999999	0.0333333333333333	15	5.39448548742555	0.179816182914185
587	-21.7321878057955	214.974394590423	3.73333333333333	0.0333333333333333	15	5.407992418286	0.180266413942867
587.25	-21.9390977013968	214.834079605114	3.74166666666666	0.0333333333333333	15	5.42146383471845	0.180715461157282
587.5	-22.1448311346574	214.692045262652	3.74999999999999	0.0333333333333333	15	5.43490000106784	0.181163333368928
587.75	-22.3493738186162	214.548301426474	3.75833333333333	0.0333333333333333	15	5.4483011783838	0.18161003927946
588	-22.5527115490021	214.402858078735	3.76666666666666	0.0333333333333333	15	5.46166762447802	0.182055587482601
588.25	-22.7548302052213	214.255725319609	3.77499999999999	0.0333333333333333	15	5.47499959398022	0.182499986466007
588.5	-22.9557157513372	214.106913366589	3.78333333333333	0.0333333333333333	15	5.48829733839304	0.182943244613101
588.75	-23.1553542370453	213.956432553778	3.79166666666666	0.0333333333333333	15	5.50156110614556	0.183385370204852
589	-23.3537317986421	213.804293331173	3.79999999999999	0.0333333333333333	15	5.51479114264576	0.183826371421525
589.25	-23.5508346599879	213.650506263936	3.80833333333333	0.0333333333333333	15	5.52798769033177	0.184266256344392
589.5	-23.746649133463	213.495082031663	3.81666666666666	0.0333333333333333	15	5.54115098872207	0.184705032957402
589.75	-23.941161620919	213.338031427641	3.82499999999999	0.0333333333333333	15	5.55428127446451	0.185142709148817
590	-24.1343586146223	213.179365358099	3.83333333333333	0.0333333333333333	15	5.56737878138436	0.185579292712812
590.25	-24.3262266981927	213.019094841449	3.84166666666666	0.0333333333333333	15	5.58044374053131	0.186014791351044
590.5	-24.5167525475347	212.857231007526	3.84999999999999	0.0333333333333333	15	5.59347638022543	0.186449212674181
590.75	-24.7059229317633	212.693785096806	3.85833333333333	0.0333333333333333	15	5.60647692610221	0.186882564203407
591	-24.8937247141222	212.528768459637	3.86666666666666	0.0333333333333333	15	5.6194456011566	0.187314853371887
591.25	-25.0801448528965	212.362192555439	3.87499999999999	0.0333333333333333	15	5.63238262578617	0.187746087526206
591.5	-25.265170402318	212.194068951916	3.88333333333333	0.0333333333333333	15	5.64528821783333	0.188176273927778
591.75	-25.4487885134646	212.024409324253	3.89166666666666	0.0333333333333333	15	5.65816259262669	0.188605419754223
592	-25.6309864351525	211.853225454298	3.89999999999999	0.0333333333333333	15	5.67100596302154	0.189033532100718
592.25	-25.8117515148214	211.680529229753	3.90833333333333	0.0333333333333333	15	5.68381853943956	0.189460617981319
592.5	-25.9910711994134	211.50633264334	3.91666666666666	0.0333333333333333	15	5.69660052990761	0.189886684330254
592.75	-26.1689330362447	211.330647791975	3.92499999999999	0.0333333333333333	15	5.70935214009583	0.190311738003194
593	-26.3453246738703	211.153486875925	3.93333333333333	0.0333333333333333	15	5.72207357335488	0.190735785778496
593.25	-26.5202338629419	210.97486219796	3.94166666666666	0.0333333333333333	15	5.7347650307525	0.191158834358417
593.5	-26.6936484570583	210.794786162498	3.94999999999999	0.0333333333333333	15	5.74742671110928	0.191580890370309
593.75	-26.8655564136089	210.613271274749	3.95833333333333	0.0333333333333333	15	5.76005881103374	0.192001960367791
594	-27.0359457946104	210.43033013984	3.96666666666666	0.0333333333333333	15	5.77266152495666	0.192422050831889
594.25	-27.2048047675354	210.245975461942	3.97499999999999	0.0333333333333333	15	5.78523504516484	0.192841168172161
594.5	-27.372121606134	210.06022004339	3.98333333333332	0.0333333333333333	15	5.79777956183402	0.193259318727801
594.75	-27.5378846912488	209.873076783792	3.99166666666666	0.0333333333333333	15	5.81029526306135	0.193676508768712
595	-27.7020825116208	209.68455867913	3.99999999999999	0.0333333333333333	15	5.82278233489702	0.194092744496567
595.25	-27.8647036646898	209.494678820866	4.00833333333332	0.0333333333333333	15	5.83524096137544	0.194508032045848
595.5	-28.0257368573854	209.303450395023	4.01666666666666	0.0333333333333333	15	5.84767132454573	0.194922377484858
595.75	-28.1851709069117	209.110886681277	4.02499999999999	0.0333333333333333	15	5.86007360450161	0.19533578681672
596	-28.3429947415238	208.917001052031	4.03333333333333	0.0333333333333333	15	5.87244797941075	0.195748265980358
596.25	-28.4991974012967	208.721806971486	4.04166666666666	0.0333333333333333	15	5.88479462554353	0.196159820851451
596.5	-28.6537680388861	208.525317994708	4.04999999999999	0.0333333333333333	15	5.89711371730131	0.196570457243377
596.75	-28.8066959202822	208.327547766686	4.05833333333333	0.0333333333333333	15	5.90940542724403	0.196980180908134
597	-28.9579704255546	208.128510021385	4.06666666666666	0.0333333333333333	15	5.92166992611745	0.197388997537248
597.25	-29.1075810495902	207.92821858079	4.07499999999999	0.0333333333333333	15	5.93390738287973	0.197796912762658
597.5	-29.2555174028223	207.726687353948	4.08333333333333	0.0333333333333333	15	5.94611796472762	0.198203932157587
597.75	-29.4017692119526	207.523930336003	4.09166666666666	0.0333333333333333	15	5.95830183712208	0.198610061237403
598	-29.5463263206643	207.319961607221	4.1	0.0333333333333333	15	5.9704591638135	0.19901530546045
598.25	-29.6891786903273	207.114795332015	4.10833333333333	0.0333333333333333	15	5.98259010686633	0.199419670228878
598.5	-29.8303164006955	206.908445757962	4.11666666666666	0.0333333333333333	15	5.99469482668343	0.199823160889448
598.75	-29.9697296505959	206.700927214809	4.125	0.0333333333333333	15	6.00677348202978	0.200225782734326
599	-30.1074087586087	206.492254113484	4.13333333333333	0.0333333333333333	15	6.01882623005591	0.200627541001864
599.25	-30.2433441637402	206.282440945089	4.14166666666666	0.0333333333333333	15	6.0308532263208	0.20102844087736
599.5	-30.3775264260862	206.0715022799	4.15	0.0333333333333333	15	6.04285462481444	0.201428487493815
599.75	-30.509946227488	205.85945276635	4.15833333333333	0.0333333333333333	15	6.05483057797988	0.201827685932663
600	-30.6405943721793	205.646307130015	4.16666666666667	0.0333333333333333	15	6.06678123673503	0.202226041224501
600.25	-30.7694617874248	205.432080172589	4.175	0.0333333333333333	15	6.07870675049391	0.202623558349797
600.5	-30.8965395241501	205.216786770859	4.18333333333333	0.0333333333333333	15	6.09060726718762	0.203020242239587
600.75	-31.0218187575637	205.000441875667	4.19166666666667	0.0333333333333333	15	6.10248293328491	0.203416097776164
601	-31.1452907877689	204.78306051088	4.2	0.0333333333333333	15	6.11433389381237	0.203811129793746
601.25	-31.2669470403689	204.564657772336	4.20833333333333	0.0333333333333333	15	6.12616029237428	0.204205343079143
601.5	-31.3867790670618	204.345248826806	4.21666666666667	0.0333333333333333	15	6.13796227117213	0.204598742372404
601.75	-31.5047785462271	204.124848910933	4.225	0.0333333333333333	15	6.14973997102371	0.204991332367457
602	-31.620937283504	203.903473330179	4.23333333333334	0.0333333333333333	15	6.16149353138199	0.205383117712733
602.25	-31.7352472123602	203.681137457759	4.24166666666667	0.0333333333333333	15	6.17322309035358	0.205774103011786
602.5	-31.8477003946522	203.457856733574	4.25	0.0333333333333333	15	6.18492878471688	0.206164292823896
602.75	-31.9582890211763	203.233646663141	4.25833333333334	0.0333333333333333	15	6.19661074993998	0.206553691664666
603	-32.0670054122113	203.008522816514	4.26666666666667	0.0333333333333333	15	6.20826912019816	0.206942304006605
603.25	-32.1738420180515	202.782500827202	4.275	0.0333333333333333	15	6.21990402839118	0.207330134279706
603.5	-32.2787914195311	202.555596391086	4.28333333333334	0.0333333333333333	15	6.23151560616016	0.207717186872005
603.75	-32.3818463285393	202.327825265327	4.29166666666667	0.0333333333333333	15	6.24310398390433	0.208103466130144
604	-32.4829995885267	202.099203267274	4.30000000000001	0.0333333333333333	15	6.25466929079735	0.208488976359912
604.25	-32.5822441750021	201.869746273362	4.30833333333334	0.0333333333333333	15	6.26621165480342	0.208873721826781
604.5	-32.67957319602	201.639470218011	4.31666666666667	0.0333333333333333	15	6.27773120269312	0.209257706756437
604.75	-32.7749798926599	201.408391092523	4.32500000000001	0.0333333333333333	15	6.28922806005898	0.209640935335299
605	-32.868457639495	201.176524943966	4.33333333333334	0.0333333333333333	15	6.30070235133075	0.210023411711025
605.25	-32.9599999450527	200.943887874063	4.34166666666667	0.0333333333333333	15	6.31215419979052	0.210405139993017
605.5	-33.0496004522652	200.710496038072	4.35000000000001	0.0333333333333333	15	6.32358372758743	0.210786124252914
605.75	-33.1372529389111	200.476365643666	4.35833333333334	0.0333333333333333	15	6.33499105575231	0.211166368525077
606	-33.2229513180475	200.241512949806	4.36666666666668	0.0333333333333333	15	6.34637630421194	0.211545876807065
606.25	-33.3066896384323	200.005954265612	4.37500000000001	0.0333333333333333	15	6.35773959180313	0.211924653060104
606.5	-33.3884620849381	199.769705949232	4.38333333333334	0.0333333333333333	15	6.36908103628664	0.212302701209555
606.75	-33.4682629789557	199.532784406704	4.39166666666668	0.0333333333333333	15	6.3804007543607	0.212680025145357
607	-33.5460867787883	199.295206090817	4.40000000000001	0.0333333333333333	15	6.3916988616745	0.213056628722483
607.25	-33.6219280800368	199.05698749997	4.40833333333334	0.0333333333333333	15	6.40297547284134	0.213432515761378
607.5	-33.6957816159745	198.818145177026	4.41666666666668	0.0333333333333333	15	6.4142307014516	0.213807690048387
607.75	-33.7676422579134	198.57869570816	4.42500000000001	0.0333333333333333	15	6.42546466008552	0.214182155336184
608	-33.8375050155599	198.338655721712	4.43333333333335	0.0333333333333333	15	6.43667746032577	0.214555915344192
608.25	-33.9053650373618	198.098041887028	4.44166666666668	0.0333333333333333	15	6.44786921276979	0.214928973758993
608.5	-33.9712176108449	197.856870913307	4.45000000000001	0.0333333333333333	15	6.45904002704195	0.215301334234732
608.75	-34.0350581629401	197.615159548435	4.45833333333335	0.0333333333333333	15	6.47019001180555	0.215673000393518
609	-34.0968822603015	197.372924577827	4.46666666666668	0.0333333333333333	15	6.4813192747746	0.21604397582582
609.25	-34.1566856096139	197.130182823259	4.47500000000001	0.0333333333333333	15	6.4924279227254	0.216414264090847
609.5	-34.2144640578909	196.886951141698	4.48333333333335	0.0333333333333333	15	6.50351606150796	0.216783868716932
609.75	-34.2702135927635	196.643246424137	4.49166666666668	0.0333333333333333	15	6.51458379605725	0.217152793201908
610	-34.3239303427585	196.399085594417	4.50000000000002	0.0333333333333333	15	6.52563123040426	0.217521041013475
610.25	-34.3756105775678	196.154485608051	4.50833333333335	0.0333333333333333	15	6.53665846768689	0.217888615589563
610.5	-34.425250708307	195.909463451052	4.51666666666668	0.0333333333333333	15	6.54766561016068	0.218255520338689
610.75	-34.4728472877645	195.66403613875	4.52500000000002	0.0333333333333333	15	6.55865275920934	0.218621758640311
611	-34.5183970106417	195.418220714609	4.53333333333335	0.0333333333333333	15	6.56962001535519	0.218987333845173
611.25	-34.5618967137815	195.172034249045	4.54166666666668	0.0333333333333333	15	6.58056747826938	0.219352249275646
611.5	-34.6033435850723	194.925493873325	4.54999830710488	0.033319790172225	15	6.59149524678195	0.219627238543993
611.75	-34.6427367701357	194.678617027569	4.55831524948025	0.0332157488307342	15	6.6024034188918	0.219303773641091
612	-34.680080147099	194.431421816861	4.56659342769591	0.0330096768945737	15	6.61329209177643	0.21830263515898
612.25	-34.715383875728	194.183927076018	4.57480749291595	0.0327028448657558	15	6.62416136180159	0.216628921380731
612.5	-34.7486645325558	193.936152182453	4.58293249158239	0.0322971444657701	15	6.63501132453077	0.214291919280391
612.75	-34.7799450147963	193.688116839345	4.59094401926218	0.0317950769724916	15	6.64584207473452	0.211305060313207
613	-34.8092544012213	193.439840864133	4.59881837110861	0.0311997377989708	15	6.65665370639968	0.207685850258217
613.25	-34.83662777098	193.191343985625	4.60653268800963	0.0305147974091828	15	6.66744631273845	0.203455773469817
613.5	-34.8621059817199	192.942645652745	4.61406509752183	0.0297444786883964	15	6.67821998619729	0.198640172055868
613.75	-34.8857354087105	192.693764857624	4.62139484872134	0.0288935309076823	15	6.68897481846575	0.193268100658048
614	-34.9075676469963	192.444719975381	4.62850244014018	0.0279672004430773	15	6.69971090048513	0.187372157664538
614.25	-34.9276591788955	192.195528622509	4.63536973999931	0.026971198429932	15	6.71042832245702	0.180988293834824
614.5	-34.9460710094121	191.94620753536	4.64198009799703	0.0259116655518616	15	6.72112717385174	0.174155599460375
614.75	-34.9628682723471	191.696772469746	4.64831844796369	0.0247951341813899	15	6.73180754341659	0.166916071322307
615	-34.9781198100718	191.447238122217	4.65437140074958	0.0236284881057002	15	6.74246951918409	0.159314360837087
615.25	-34.9918977300711	191.197618073101	4.66012732677351	0.0224189200857983	15	6.75311318847996	0.151397504902883
615.5	-35.0042769414635	190.947924750953	4.66557642772308	0.021173887510749	15	6.76373863793114	0.143214641071661
615.75	-35.0153346747828	190.698169417609	4.67071079696447	0.019901066420393	15	6.77434595347353	0.134816708774798
616	-35.025149988342	190.448362172678	4.67552446828952	0.0186083041800082	15	6.78493522035979	0.126256138422106
616.25	-35.0338032645149	190.198511975938	4.68001345269936	0.0173035710986937	15	6.79550652316687	0.117586530275255
616.5	-35.0413756992592	189.94862668579	4.68417576299792	0.0159949112897635	15	6.80605994580355	0.10886232506594
616.75	-35.0479487881733	189.698713111725	4.68801142604365	0.0146903930761133	15	6.81659557151779	0.100138468386489
617	-35.05360381233	189.448777078505	4.69152248258396	0.0133980592463264	15	6.82711348290407	0.0914700709253427
617.25	-35.0584213270671	189.198823499711	4.69471297467328	0.0121258774682082	15	6.8376137619105	0.0829120666518611
617.5	-35.0624806568398	188.9488564582	4.69758892075248	0.0108816911654642	15	6.84809648984595	0.074518871073803
617.75	-35.0658593991585	188.698879291042	4.70015827854322	0.00967317116038462	15	6.85856174738699	0.0663440416965411
618	-35.0686329405406	188.448894676579	4.70243089598585	0.00850776838067453	15	6.86900961458483	0.0584399428055141
618.25	-35.0708739873082	188.198904721362	4.70441845052368	0.00739266792200656	15	6.87944017087202	0.0508574166725689
618.5	-35.0726521139582	187.948911044911	4.70613437710762	0.00633474474951695	15	6.88985349506923	0.0436454632528308
618.75	-35.0740333317184	187.698914860465	4.70759378536523	0.00534052131135925	15	6.90024966539178	0.0368509303917243
619	-35.0750796797834	187.448917050163	4.70881336644486	0.00441612732564254	15	6.91062875945618	0.0305182165020056
619.25	-35.0758488415969	187.198918233386	4.70981129010915	0.00356726198868095	15	6.92099085428653	0.0246889875985049
619.5	-35.0763937884088	186.94891882732	4.71060709271243	0.00279915883755323	15	6.93133602632089	0.0194019104941272
619.75	-35.0767624521882	186.698919099147	4.71122155675257	0.0021165534836063	15	6.94166435141745	0.0146924038650182
620	-35.0769974298132	186.448919209576	4.71167658274	0.00152365441583654	15	6.95197590486074	0.0105924087862303
620.25	-35.0771357202881	186.198919247824	4.71199505417375	0.00102411705415571	15	6.96227076136771	0.00713018022236635
620.5	-35.0772084965544	185.948919258417	4.71220069645709	0.000621021212511602	15	6.97254899509368	0.00433010083122963
620.75	-35.0772409132655	185.698919260518	4.7123179306225	0.000316852110810917	15	6.98281067963826	0.0022125183032364
621	-35.0772519516879	185.448919260762	4.71237172276794	0.000113485052712131	15	6.99305588805121	0.000793607316074371
621.25	-35.0772543026715	185.198919260773	4.7123874301325	1.2173863754833e-05	15	7.00328469283816	8.52570336869192e-05
621.5	-35.0772545000179	184.948919260773	4.71238895186547	0	15	7.0134971659663	0
621.75	-35.0772545071477	184.698919260773	4.71238895186547	0	15	7.02369337886995	0
622	-35.0772545142776	184.448919260773	4.71238895186547	0	15	7.03387340245613	0
622.25	-35.0772545214074	184.198919260773	4.71238895186547	0	15	7.04403730710997	0
622.5	-35.0772545285372	183.948919260773	4.71238895186547	0	15	7.05418516270011	0
622.75	-35.077254535667	183.698919260773	4.71238895186547	0	15	7.06431703858398	0
623	-35.0772545427968	183.448919260773	4.71238895186547	0	15	7.07443300361308	0
623.25	-35.0772545499266	183.198919260773	4.71238895186547	0	15	7.0845331261381	0
623.5	-35.0772545570564	182.948919260773	4.71238895186547	0	15	7.09461747401407	0
623.75	-35.0772545641862	182.698919260773	4.71238895186547	0	15	7.10468611460532	0
624	-35.077254571316	182.448919260773	4.71238895186547	0	15	7.11473911479054	0
624.25	-35.0772545784458	182.198919260773	4.71238895186547	0	15	7.1247765409676	0
624.5	-35.0772545855756	181.948919260773	4.71238895186547	0	15	7.13479845905846	0
624.75	-35.0772545927054	181.698919260773	4.71238895186547	0	15	7.14480493451388	0
625	-35.0772545998352	181.448919260773	4.71238895186547	0	15	7.15479603231818	0
625.25	-35.077254606965	181.198919260773	4.71238895186547	0	15	7.1647718169939	0
625.5	-35.0772546140948	180.948919260773	4.71238895186547	0	15	7.17473235260636	0
625.75	-35.0772546212246	180.698919260773	4.71238895186547	0	15	7.1846777027682	0
626	-35.0772546283545	180.448919260773	4.71238895186547	0	15	7.19460793064392	0
626.25	-35.0772546354843	180.198919260773	4.71238895186547	0	15	7.20452309895422	0
626.5	-35.0772546426141	179.948919260773	4.71238895186547	0	15	7.21442326998041	0
626.75	-35.0772546497439	179.698919260773	4.71238895186547	0	15	7.22430850556872	0
627	-35.0772546568737	179.448919260773	4.71238895186547	0	15	7.23417886713454	0
627.25	-35.0772546640035	179.198919260773	4.71238895186547	0	15	7.24403441566665	0
627.5	-35.0772546711333	178.948919260773	4.71238895186547	0	15	7.25387521173134	0
627.75	-35.0772546782631	178.698919260773	4.71238895186547	0	15	7.26370131547652	0
628	-35.0772546853929	178.448919260773	4.71238895186547	0	15	7.27351278663578	0
628.25	-35.0772546925227	178.198919260773	4.71238895186547	0	15	7.28330968453238	0
628.5	-35.0772546996525	177.948919260773	4.71238895186547	0	15	7.29309206808318	0
628.75	-35.0772547067823	177.698919260773	4.71238895186547	0	15	7.30285999580258	0
629	-35.0772547139121	177.448919260773	4.71238895186547	0	15	7.31261352580631	0
629.25	-35.0772547210419	177.198919260773	4.71238895186547	0	15	7.3223527158153	0
629.5	-35.0772547281717	176.948919260773	4.71238895186547	0	15	7.33207762315941	0
629.75	-35.0772547353015	176.698919260773	4.71238895186547	0	15	7.34178830478112	0
630	-35.0772547424314	176.448919260773	4.71238895186547	0	15	7.35148481723921	0
630.25	-35.0772547495612	176.198919260773	4.71238895186547	0	15	7.36116721671242	0
630.5	-35.077254756691	175.948919260773	4.71238895186547	0	15	7.37083555900296	0
630.75	-35.0772547638208	175.698919260773	4.71238895186547	0	15	7.3804898995401	0
631	-35.0772547709506	175.448919260773	4.71238895186547	0	15	7.39013029338364	0
631.25	-35.0772547780804	175.198919260773	4.71238895186547	0	15	7.39975679522733	0
631.5	-35.0772547852102	174.948919260773	4.71238895186547	0	15	7.40936945940236	0
631.75	-35.07725479234	174.698919260773	4.71238895186547	0	15	7.41896833988065	0
632	-35.0772547994698	174.448919260773	4.71238895186547	0	15	7.42855349027819	0
632.25	-35.0772548065996	174.198919260773	4.71238895186547	0	15	7.43812496385838	0
632.5	-35.0772548137294	173.948919260773	4.71238895186547	0	15	7.44768281353521	0
632.75	-35.0772548208592	173.698919260773	4.71238895186547	0	15	7.45722709187653	0
633	-35.077254827989	173.448919260773	4.71238895186547	0	15	7.46675785110718	0
633.25	-35.0772548351188	173.198919260773	4.71238895186547	0	15	7.47627514311214	0
633.5	-35.0772548422486	172.948919260773	4.71238895186547	0	15	7.48577901943964	0
633.75	-35.0772548493784	172.698919260773	4.71238895186547	0	15	7.49526953130421	0
634	-35.0772548565082	172.448919260773	4.71238895186547	0	15	7.50474672958971	0
634.25	-35.0772548636381	172.198919260773	4.71238895186547	0	15	7.51421066485232	0
634.5	-35.0772548707679	171.948919260773	4.71238895186547	0	15	7.5236613873235	0
634.75	-35.0772548778977	171.698919260773	4.71238895186547	0	15	7.53309894691291	0
635	-35.0772548850275	171.448919260773	4.71238895186547	0	15	7.54252339321129	0
635.25	-35.0772548921573	171.198919260773	4.71238895186547	0	15	7.55193477549335	0
635.5	-35.0772548992871	170.948919260773	4.71238895186547	0	15	7.56133314272054	0
635.75	-35.0772549064169	170.698919260773	4.71238895186547	0	15	7.57071854354389	0
636	-35.0772549135467	170.448919260773	4.71238895186547	0	15	7.58009102630672	0
636.25	-35.0772549206765	170.198919260773	4.71238895186547	0	15	7.58945063904741	0
636.5	-35.0772549278063	169.948919260773	4.71238895186547	0	15	7.59879742950208	0
636.75	-35.0772549349361	169.698919260773	4.71238895186547	0	15	7.60813144510726	0
637	-35.0772549420659	169.448919260773	4.71238895186547	0	15	7.6174527330025	0
637.25	-35.0772549491957	169.198919260773	4.71238895186547	0	15	7.62676134003299	0
637.5	-35.0772549563255	168.948919260773	4.71238895186547	0	15	7.63605731275218	0
637.75	-35.0772549634553	168.698919260773	4.71238895186547	0	15	7.64534069742425	0
638	-35.0772549705851	168.448919260773	4.71238895186547	0	15	7.65461154002667	0
638.25	-35.077254977715	168.198919260773	4.71238895186547	0	15	7.66386988625271	0
638.5	-35.0772549848448	167.948919260773	4.71238895186547	0	15	7.67311578151385	0
638.75	-35.0772549919746	167.698919260773	4.71238895186547	0	15	7.68234927094225	0
639	-35.0772549991044	167.448919260773	4.71238895186547	0	15	7.69157039939317	0
639.25	-35.0772550062342	167.198919260773	4.71238895186547	0	15	7.70077921144733	0
639.5	-35.077255013364	166.948919260773	4.71238895186547	0	15	7.70997575141324	0
639.75	-35.0772550204938	166.698919260773	4.71238895186547	0	15	7.71916006332959	0
640	-35.0772550276236	166.448919260773	4.71238895186547	0	15	7.72833219096751	0
640.25	-35.0772550347534	166.198919260773	4.71238895186547	0	15	7.73749217783285	0
640.5	-35.0772550418832	165.948919260773	4.71238895186547	0	15	7.74664006716847	0
640.75	-35.077255049013	165.698919260773	4.71238895186547	0	15	7.75577590195642	0
641	-35.0772550561428	165.448919260773	4.71238895186547	0	15	7.76489972492017	0
641.25	-35.0772550632726	165.198919260773	4.71238895186547	0	15	7.77401157852679	0
641.5	-35.0772550704024	164.948919260773	4.71238895186547	0	15	7.78311150498911	0
641.75	-35.0772550775322	164.698919260773	4.71238895186547	0	15	7.79219954626784	0
642	-35.077255084662	164.448919260773	4.71238895186547	0	15	7.8012757440737	0
642.25	-35.0772550917918	164.198919260773	4.71238895186547	0	15	7.81034013986949	0
642.5	-35.0772550989217	163.948919260773	4.71238895186547	0	15	7.81939277487217	0
642.75	-35.0772551060515	163.698919260773	4.71238895186547	0	15	7.82843369005488	0
643	-35.0772551131813	163.448919260773	4.71238895186547	0	15	7.837462926149	0
643.25	-35.0772551203111	163.198919260773	4.71238895186547	0	15	7.84648052364611	0
643.5	-35.0772551274409	162.948919260773	4.71238895186547	0	15	7.85548652280001	0
643.75	-35.0772551345707	162.698919260773	4.71238895186547	0	15	7.86448096362864	0
644	-35.0772551417005	162.448919260773	4.71238895186547	0	15	7.87346388591603	0
644.25	-35.0772551488303	162.198919260773	4.71238895186547	0	15	7.88243532921424	0
644.5	-35.0772551559601	161.948919260773	4.71238895186547	0	15	7.89139533284521	0
644.75	-35.0772551630899	161.698919260773	4.71238895186547	0	15	7.90034393590269	0
645	-35.0772551702197	161.448919260773	4.71238895186547	0	15	7.90928117725405	0
645.25	-35.0772551773495	161.198919260773	4.71238895186547	0	15	7.91820709554216	0
645.5	-35.0772551844793	160.948919260773	4.71238895186547	0	15	7.92712172918716	0
645.75	-35.0772551916091	160.698919260773	4.71238895186547	0	15	7.93602511638832	0
646	-35.0772551987389	160.448919260773	4.71238895186547	0	15	7.94491729512576	0
646.25	-35.0772552058687	160.198919260773	4.71238895186547	0	15	7.95379830316224	0
646.5	-35.0772552129986	159.948919260773	4.71238895186547	0	15	7.96266817804494	0
646.75	-35.0772552201284	159.698919260773	4.71238895186547	0	15	7.9715269571071	0
647	-35.0772552272582	159.448919260773	4.71238895186547	0	15	7.98037467746983	0
647.25	-35.077255234388	159.198919260773	4.71238895186547	0	15	7.98921137604371	0
647.5	-35.0772552415178	158.948919260773	4.71238895186547	0	15	7.99803708953053	0
647.75	-35.0772552486476	158.698919260773	4.71238895186547	0	15	8.00685185442491	0
648	-35.0772552557774	158.448919260773	4.71238895186547	0	15	8.01565570701596	0
648.25	-35.0772552629072	158.198919260773	4.71238895186547	0	15	8.02444868338888	0
648.5	-35.077255270037	157.948919260773	4.71238895186547	0	15	8.03323081942659	0
648.75	-35.0772552771668	157.698919260773	4.71238895186547	0	15	8.04200215081132	0
649	-35.0772552842966	157.448919260773	4.71238895186547	0	15	8.05076271302615	0
649.25	-35.0772552914264	157.198919260773	4.71238895186547	0	15	8.05951254135663	0
649.5	-35.0772552985562	156.948919260773	4.71238895186547	0	15	8.06825167089224	0
649.75	-35.077255305686	156.698919260773	4.71238895186547	0	15	8.07698013652802	0
650	-35.0772553128158	156.448919260773	4.71238895186547	0	15	8.08569797296598	0
650.25	-35.0772553199456	156.198919260773	4.71238895186547	0	15	8.09440521471667	0
650.5	-35.0772553270754	155.948919260773	4.71238895186547	0	15	8.10310189610061	0
650.75	-35.0772553342053	155.698919260773	4.71238895186547	0	15	8.11178805124982	0
651	-35.0772553413351	155.448919260773	4.71238895186547	0	15	8.12046371410919	0
651.25	-35.0772553484649	155.198919260773	4.71238895186547	0	15	8.129128918438	0
651.5	-35.0772553555947	154.948919260773	4.71238895186547	0	15	8.1377836978113	0
651.75	-35.0772553627245	154.698919260773	4.71238895186547	0	15	8.14642808562131	0
652	-35.0772553698543	154.448919260773	4.71238895186547	0	15	8.15506211507886	0
652.25	-35.0772553769841	154.198919260773	4.71238895186547	0	15	8.16368581921472	0
652.5	-35.0772553841139	153.948919260773	4.71238895186547	0	15	8.17229923088101	0
652.75	-35.0772553912437	153.698919260773	4.71238895186547	0	15	8.18090238275255	0
653	-35.0772553983735	153.448919260773	4.71238895186547	0	15	8.18949530732818	0
653.25	-35.0772554055033	153.198919260773	4.71238895186547	0	15	8.19807803693211	0
653.5	-35.0772554126331	152.948919260773	4.71238895186547	0	15	8.20665060371522	0
653.75	-35.0772554197629	152.698919260773	4.71238895186547	0	15	8.21521303965639	0
654	-35.0772554268927	152.448919260773	4.71238895186547	0	15	8.22376537656375	0
654.25	-35.0772554340225	152.198919260773	4.71238895186547	0	15	8.23230764607602	0
654.5	-35.0772554411523	151.948919260773	4.71238895186547	0	15	8.24083987966371	0
654.75	-35.0772554482822	151.698919260773	4.71238895186547	0	15	8.2493621086304	0
655	-35.077255455412	151.448919260773	4.71238895186547	0	15	8.25787436411402	0
655.25	-35.0772554625418	151.198919260773	4.71238895186547	0	15	8.266376677088	0
655.5	-35.0772554696716	150.948919260773	4.71238895186547	0	15	8.27486907836258	0
655.75	-35.0772554768014	150.698919260773	4.71238895186547	0	15	8.28335159858595	0
656	-35.0772554839312	150.448919260773	4.71238895186547	0	15	8.29182426824545	0
656.25	-35.077255491061	150.198919260773	4.71238895186547	0	15	8.30028711766882	0
656.5	-35.0772554981908	149.948919260773	4.71238895186547	0	15	8.30874017702527	0
656.75	-35.0772555053206	149.698919260773	4.71238895186547	0	15	8.31718347632674	0
657	-35.0772555124504	149.448919260773	4.71238895186547	0	15	8.32561704542898	0
657.25	-35.0772555195802	149.198919260773	4.71238895186547	0	15	8.33404091403272	0
657.5	-35.07725552671	148.948919260773	4.71238895186547	0	15	8.34245511168483	0
657.75	-35.0772555338398	148.698919260773	4.71238895186547	0	15	8.35085966777937	0
658	-35.0772555409696	148.448919260773	4.71238895186547	0	15	8.35925461155874	0
658.25	-35.0772555480994	148.198919260773	4.71238895186547	0	15	8.36763997211478	0
658.5	-35.0772555552292	147.948919260773	4.71238895186547	0	15	8.37601577838985	0
658.75	-35.077255562359	147.698919260773	4.71238895186547	0	15	8.38438205917792	0
659	-35.0772555694889	147.448919260773	4.71238895186547	0	15	8.3927388431256	0
659.25	-35.0772555766187	147.198919260773	4.71238895186547	0	15	8.40108615873324	0
659.5	-35.0772555837485	146.948919260773	4.71238895186547	0	15	8.40942403435596	0
659.75	-35.0772555908783	146.698919260773	4.71238895186547	0	15	8.4177524982047	0
660	-35.0772555980081	146.448919260773	4.71238895186547	0	15	8.42607157834723	0
660.25	-35.0772556051379	146.198919260773	4.71238895186547	0	15	8.43438130270917	0
660.5	-35.0772556122677	145.948919260773	4.71238895186547	0	15	8.44268169907503	0
660.75	-35.0772556193975	145.698919260773	4.71238895186547	0	15	8.45097279508918	0
661	-35.0772556265273	145.448919260773	4.71238895186547	0	15	8.45925461825685	0
661.25	-35.0772556336571	145.198919260773	4.71238895186547	0	15	8.46752719594513	0
661.5	-35.0772556407869	144.948919260773	4.71238895186547	0	15	8.4757905553839	0
661.75	-35.0772556479167	144.698919260773	4.71238895186547	0	15	8.48404472366686	0
662	-35.0772556550465	144.448919260773	4.71238895186547	0	15	8.49228972775242	0
662.25	-35.0772556621763	144.198919260773	4.71238895186547	0	15	8.50052559446471	0
662.5	-35.0772556693061	143.948919260773	4.71238895186547	0	15	8.50875235049446	0
662.75	-35.0772556764359	143.698919260773	4.71238895186547	0	15	8.51697002239996	0
663	-35.0772556835658	143.448919260773	4.71238895186547	0	15	8.525178636608	0
663.25	-35.0772556906956	143.198919260773	4.71238895186547	0	15	8.53337821941475	0
663.5	-35.0772556978254	142.948919260773	4.71238895186547	0	15	8.5415687969867	0
663.75	-35.0772557049552	142.698919260773	4.71238895186547	0	15	8.54975039536151	0
664	-35.077255712085	142.448919260773	4.71238895186547	0	15	8.55792304044895	0
664.25	-35.0772557192148	142.198919260773	4.71238895186547	0	15	8.56608675803175	0
664.5	-35.0772557263446	141.948919260773	4.71238895186547	0	15	8.57424157376651	0
664.75	-35.0772557334744	141.698919260773	4.71238895186547	0	15	8.5823875131845	0
665	-35.0772557406042	141.448919260773	4.71238895186547	0	15	8.59052460169259	0
665.25	-35.077255747734	141.198919260773	4.71238895186547	0	15	8.59865286457408	0
665.5	-35.0772557548638	140.948919260773	4.71238895186547	0	15	8.60677232698951	0
665.75	-35.0772557619936	140.698919260773	4.71238895186547	0	15	8.61488301397753	0
666	-35.0772557691234	140.448919260773	4.71238895186547	0	15	8.62298495045574	0
666.25	-35.0772557762532	140.198919260773	4.71238895186547	0	15	8.63107816122147	0
666.5	-35.077255783383	139.948919260773	4.71238895186547	0	15	8.63916267095262	0
666.75	-35.0772557905128	139.698919260773	4.71238895186547	0	15	8.64723850420849	0
667	-35.0772557976426	139.448919260773	4.71238895186547	0	15	8.65530568543053	0
667.25	-35.0772558047725	139.198919260773	4.71238895186547	0	15	8.66336423894316	0
667.5	-35.0772558119023	138.948919260773	4.71238895186547	0	15	8.67141418895458	0
667.75	-35.0772558190321	138.698919260773	4.71238895186547	0	15	8.67945555955749	0
668	-35.0772558261619	138.448919260773	4.71238895186547	0	15	8.68748837472994	0
668.25	-35.0772558332917	138.198919260773	4.71238895186547	0	15	8.69551265833603	0
668.5	-35.0772558404215	137.948919260773	4.71238895186547	0	15	8.7035284341267	0
668.75	-35.0772558475513	137.698919260773	4.71238895186547	0	15	8.71153572574048	0
669	-35.0772558546811	137.448919260773	4.71238895186547	0	15	8.71953455670424	0
669.25	-35.0772558618109	137.198919260773	4.71238895186547	0	15	8.72752495043393	0
669.5	-35.0772558689407	136.948919260773	4.71238895186547	0	15	8.7355069302353	0
669.75	-35.0772558760705	136.698919260773	4.71238895186547	0	15	8.74348051930466	0
670	-35.0772558832003	136.448919260773	4.71238895186547	0	15	8.75144574072955	0
670.25	-35.0772558903301	136.198919260773	4.71238895186547	0	15	8.75940261748952	0
670.5	-35.0772558974599	135.948919260773	4.71238895186547	0	15	8.76735117245679	0
670.75	-35.0772559045897	135.698919260773	4.71238895186547	0	15	8.77529142839697	0
671	-35.0772559117195	135.448919260773	4.71238895186547	0	15	8.78322340796976	0
671.25	-35.0772559188494	135.198919260773	4.71238895186547	0	15	8.79114713372964	0
671.5	-35.0772559259792	134.948919260773	4.71238895186547	0	15	8.79906262812657	0
671.75	-35.077255933109	134.698919260773	4.71238895186547	0	15	8.80696991350664	0
672	-35.0772559402388	134.448919260773	4.71238895186547	0	15	8.81486901211277	0
672.25	-35.0772559473686	134.198919260773	4.71238895186547	0	15	8.82275994608536	0
672.5	-35.0772559544984	133.948919260773	4.71238895186547	0	15	8.83064273746298	0
672.75	-35.0772559616282	133.698919260773	4.71238895186547	0	15	8.838517408183	0
673	-35.077255968758	133.448919260773	4.71238895186547	0	15	8.84638398008226	0
673.25	-35.0772559758878	133.198919260773	4.71238895186547	0	15	8.85424247489771	0
673.5	-35.0772559830176	132.948919260773	4.71238895186547	0	15	8.86209291426706	0
673.75	-35.0772559901474	132.698919260773	4.71238895186547	0	15	8.86993531972939	0
674	-35.0772559972772	132.448919260773	4.71238895186547	0	15	8.87776971272583	0
674.25	-35.077256004407	132.198919260773	4.71238895186547	0	15	8.88559611460013	0
674.5	-35.0772560115368	131.948919260773	4.71238895186547	0	15	8.89341454659932	0
674.75	-35.0772560186666	131.698919260773	4.71238895186547	0	15	8.90122502987432	0
675	-35.0772560257964	131.448919260773	4.71238895186547	0	15	8.90902758548054	0
675.25	-35.0772560329263	131.198919260773	4.71238895186547	0	15	8.91682223437847	0
675.5	-35.0772560400561	130.948919260773	4.71238895186547	0	15	8.92460899743433	0
675.75	-35.0772560471859	130.698919260773	4.71238895186547	0	15	8.93238789542062	0
676	-35.0772560543157	130.448919260773	4.71238895186547	0	15	8.94015894901673	0
676.25	-35.0772560614455	130.198919260773	4.71238895186547	0	15	8.94792217880953	0
676.5	-35.0772560685753	129.948919260773	4.71238895186547	0	15	8.95567760529395	0
676.75	-35.0772560757051	129.698919260773	4.71238895186547	0	15	8.96342524887353	0
677	-35.0772560828349	129.448919260773	4.71238895186547	0	15	8.97116512986103	0
677.25	-35.0772560899647	129.198919260773	4.71238895186547	0	15	8.97889726847899	0
677.5	-35.0772560970945	128.948919260773	4.71238895186547	0	15	8.98662168486027	0
677.75	-35.0772561042243	128.698919260773	4.71238895186547	0	15	8.99433839904863	0
678	-35.0772561113541	128.448919260773	4.71238895186547	0	15	9.00204743099927	0
678.25	-35.0772561184839	128.198919260773	4.71238895186547	0	15	9.0097488005794	0
678.5	-35.0772561256137	127.948919260773	4.71238895186547	0	15	9.01744252756878	0
678.75	-35.0772561327435	127.698919260773	4.71238895186547	0	15	9.02512863166021	0
679	-35.0772561398733	127.448919260773	4.71238895186547	0	15	9.03280713246017	0
679.25	-35.0772561470031	127.198919260773	4.71238895186547	0	15	9.04047804948924	0
679.5	-35.077256154133	126.948919260773	4.71238895186547	0	15	9.04814140218272	0
679.75	-35.0772561612628	126.698919260773	4.71238895186547	0	15	9.05579720989108	0
680	-35.0772561683926	126.448919260773	4.71238895186547	0	15	9.06344549188053	0
680.25	-35.0772561755224	126.198919260773	4.71238895186547	0	15	9.07108626733354	0
680.5	-35.0772561826522	125.948919260773	4.71238895186547	0	15	9.07871955534929	0
680.75	-35.077256189782	125.698919260773	4.71238895186547	0	15	9.08634537494426	0
681	-35.0772561969118	125.448919260773	4.71238895186547	0	15	9.09396374505265	0
681.25	-35.0772562040416	125.198919260773	4.71238895186547	0	15	9.10157468452696	0
681.5	-35.0772562111714	124.948919260773	4.71238895186547	0	15	9.10917821213843	0
681.75	-35.0772562183012	124.698919260773	4.71238895186547	0	15	9.11677434657755	0
682	-35.077256225431	124.448919260773	4.71238895186547	0	15	9.12436310645455	0
682.25	-35.0772562325608	124.198919260773	4.71238895186547	0	15	9.13194451029989	0
682.5	-35.0772562396906	123.948919260773	4.71238895186547	0	15	9.13951857656472	0
682.75	-35.0772562468204	123.698919260773	4.71238895186547	0	15	9.14708532362137	0
683	-35.0772562539502	123.448919260773	4.71238895186547	0	15	9.15464476976384	0
683.25	-35.07725626108	123.198919260773	4.71238895186547	0	15	9.16219693320824	0
683.5	-35.0772562682099	122.948919260773	4.71238895186547	0	15	9.16974183209326	0
683.75	-35.0772562753397	122.698919260773	4.71238895186547	0	15	9.17727948448065	0
684	-35.0772562824695	122.448919260773	4.71238895186547	0	15	9.18480990835568	0
684.25	-35.0772562895993	122.198919260773	4.71238895186547	0	15	9.19233312162756	0
684.5	-35.0772562967291	121.948919260773	4.71238895186547	0	15	9.19984914212993	0
684.75	-35.0772563038589	121.698919260773	4.71238895186547	0	15	9.2073579876213	0
685	-35.0772563109887	121.448919260773	4.71238895186547	0	15	9.21485967578548	0
685.25	-35.0772563181185	121.198919260773	4.71238895186547	0	15	9.22235422423203	0
685.5	-35.0772563252483	120.948919260773	4.71238895186547	0	15	9.2298416504967	0
685.75	-35.0772563323781	120.698919260773	4.71238895186547	0	15	9.23732197204188	0
686	-35.0772563395079	120.448919260773	4.71238895186547	0	15	9.24479520625698	0
686.25	-35.0772563466377	120.198919260773	4.71238895186547	0	15	9.25226137045894	0
686.5	-35.0772563537675	119.948919260773	4.71238895186547	0	15	9.25972048189256	0
686.75	-35.0772563608973	119.698919260773	4.71238895186547	0	15	9.267172557731	0
687	-35.0772563680271	119.448919260773	4.71238895186547	0	15	9.27461761507617	0
687.25	-35.0772563751569	119.198919260773	4.71238895186547	0	15	9.28205567095913	0
687.5	-35.0772563822867	118.948919260773	4.71238895186547	0	15	9.28948674234052	0
687.75	-35.0772563894166	118.698919260773	4.71238895186547	0	15	9.29691084611097	0
688	-35.0772563965464	118.448919260773	4.71238895186547	0	15	9.30432799909151	0
688.25	-35.0772564036762	118.198919260773	4.71238895186547	0	15	9.31173821803395	0
688.5	-35.077256410806	117.948919260773	4.71238895186547	0	15	9.31914151962131	0
688.75	-35.0772564179358	117.698919260773	4.71238895186547	0	15	9.32653792046819	0
689	-35.0772564250656	117.448919260773	4.71238895186547	0	15	9.33392743712118	0
689.25	-35.0772564321954	117.198919260773	4.71238895186547	0	15	9.34131008605925	0
689.5	-35.0772564393252	116.948919260773	4.71238895186547	0	15	9.34868588369415	0
689.75	-35.077256446455	116.698919260773	4.71238895186547	0	15	9.35605484637076	0
690	-35.0772564535848	116.448919260773	4.71238895186547	0	15	9.36341699036751	0
690.25	-35.0772564607146	116.198919260773	4.71238895186547	0	15	9.37077233189675	0
690.5	-35.0772564678444	115.948919260773	4.71238895186547	0	15	9.3781208871051	0
690.75	-35.0772564749742	115.698919260773	4.71238895186547	0	15	9.38546267207386	0
691	-35.077256482104	115.448919260773	4.71238895186547	0	15	9.39279770281939	0
691.25	-35.0772564892338	115.198919260773	4.71238895186547	0	15	9.40012599529341	0
691.5	-35.0772564963636	114.948919260773	4.71238895186547	0	15	9.40744756538347	0
691.75	-35.0772565034935	114.698919260773	4.71238895186547	0	15	9.4147624289132	0
692	-35.0772565106233	114.448919260773	4.71238895186547	0	15	9.42207060164276	0
692.25	-35.0772565177531	114.198919260773	4.71238895186547	0	15	9.42937209926917	0
692.5	-35.0772565248829	113.948919260773	4.71238895186547	0	15	9.43666693742665	0
692.75	-35.0772565320127	113.698919260773	4.71238895186547	0	15	9.44395513168699	0
693	-35.0772565391425	113.448919260773	4.71238895186547	0	15	9.45123669755989	0
693.25	-35.0772565462723	113.198919260773	4.71238895186547	0	15	9.45851165049332	0
693.5	-35.0772565534021	112.948919260773	4.71238895186547	0	15	9.46578000587385	0
693.75	-35.0772565605319	112.698919260773	4.71238895186547	0	15	9.47304177902702	0
694	-35.0772565676617	112.448919260773	4.71238895186547	0	15	9.48029698521763	0
694.25	-35.0772565747915	112.198919260773	4.71238895186547	0	15	9.48754563965016	0
694.5	-35.0772565819213	111.948919260773	4.71238895186547	0	15	9.49478775746901	0
694.75	-35.0772565890511	111.698919260773	4.71238895186547	0	15	9.5020233537589	0
695	-35.0772565961809	111.448919260773	4.71238895186547	0	15	9.50925244354518	0
695.25	-35.0772566033107	111.198919260773	4.71238895186547	0	15	9.51647504179416	0
695.5	-35.0772566104405	110.948919260773	4.71238895186547	0	15	9.52369116341342	0
695.75	-35.0772566175703	110.698919260773	4.71238895186547	0	15	9.53090082325219	0
696	-35.0772566247002	110.448919260773	4.71238895186547	0	15	9.53810403610157	0
696.25	-35.07725663183	110.198919260773	4.71238895186547	0	15	9.54530081669497	0
696.5	-35.0772566389598	109.948919260773	4.71238895186547	0	15	9.55249117970833	0
696.75	-35.0772566460896	109.698919260773	4.71238895186547	0	15	9.55967513976048	0
697	-35.0772566532194	109.448919260773	4.71238895186547	0	15	9.56685271141346	0
697.25	-35.0772566603492	109.198919260773	4.71238895186547	0	15	9.57402390917278	0
697.5	-35.077256667479	108.948919260773	4.71238895186547	0	15	9.58118874748781	0
697.75	-35.0772566746088	108.698919260773	4.71238895186547	0	15	9.588347240752	0
698	-35.0772566817386	108.448919260773	4.71238895186547	0	15	9.59549940330324	0
698.25	-35.0772566888684	108.198919260773	4.71238895186547	0	15	9.60264524942415	0
698.5	-35.0772566959982	107.948919260773	4.71238895186547	0	15	9.60978479334237	0
698.75	-35.077256703128	107.698919260773	4.71238895186547	0	15	9.61691804923085	0
699	-35.0772567102578	107.448919260773	4.71238895186547	0	15	9.62404503120818	0
699.25	-35.0772567173876	107.198919260773	4.71238895186547	0	15	9.63116575333884	0
699.5	-35.0772567245174	106.948919260773	4.71238895186547	0	15	9.63828022963353	0
699.75	-35.0772567316472	106.698919260773	4.71238895186547	0	15	9.64538847404943	0
700	-35.0772567387771	106.448919260773	4.71238895186547	0	15	9.65249050049051	0
700.25	-35.0772567459069	106.198919260773	4.71238895186547	0	15	9.65958632280779	0
700.5	-35.0772567530367	105.948919260773	4.71238895186547	0	15	9.66667595479966	0
700.75	-35.0772567601665	105.698919260773	4.71238895186547	0	15	9.67375941021212	0
701	-35.0772567672963	105.448919260773	4.71238895186547	0	15	9.6808367027391	0
701.25	-35.0772567744261	105.198919260773	4.71238895186547	0	15	9.68790784602268	0
701.5	-35.0772567815559	104.948919260773	4.71238895186547	0	15	9.69497285365345	0
701.75	-35.0772567886857	104.698919260773	4.71238895186547	0	15	9.70203173917071	0
702	-35.0772567958155	104.448919260773	4.71238895186547	0	15	9.70908451606277	0
702.25	-35.0772568029453	104.198919260773	4.71238895186547	0	15	9.71613119776721	0
702.5	-35.0772568100751	103.948919260773	4.71238895186547	0	15	9.72317179767119	0
702.75	-35.0772568172049	103.698919260773	4.71238895186547	0	15	9.73020632911165	0
703	-35.0772568243347	103.448919260773	4.71238895186547	0	15	9.73723480537563	0
703.25	-35.0772568314645	103.198919260773	4.71238895186547	0	15	9.74425723970049	0
703.5	-35.0772568385943	102.948919260773	4.71238895186547	0	15	9.75127364527422	0
703.75	-35.0772568457241	102.698919260773	4.71238895186547	0	15	9.75828403523564	0
704	-35.0772568528539	102.448919260773	4.71238895186547	0	15	9.76528842267472	0
704.25	-35.0772568599838	102.198919260773	4.71238895186547	0	15	9.77228682063278	0
704.5	-35.0772568671136	101.948919260773	4.71238895186547	0	15	9.77927924210277	0
704.75	-35.0772568742434	101.698919260773	4.71238895186547	0	15	9.78626570002956	0
705	-35.0772568813732	101.448919260773	4.71238895186547	0	15	9.79324620731009	0
705.25	-35.077256888503	101.198919260773	4.71238895186547	0	15	9.80022077679374	0
705.5	-35.0772568956328	100.948919260773	4.71238895186547	0	15	9.80718942128247	0
705.75	-35.0772569027626	100.698919260773	4.71238895186547	0	15	9.81415215353115	0
706	-35.0772569098924	100.448919260773	4.71238895186547	0	15	9.82110898624775	0
706.25	-35.0772569170222	100.198919260773	4.71238895186547	0	15	9.82805993209361	0
706.5	-35.077256924152	99.9489192607733	4.71238895186547	0	15	9.83500500368366	0
706.75	-35.0772569312818	99.6989192607733	4.71238895186547	0	15	9.84194421358669	0
707	-35.0772569384116	99.4489192607733	4.71238895186547	0	15	9.84887757432553	0
707.25	-35.0772569455414	99.1989192607733	4.71238895186547	0	15	9.85580509837738	0
707.5	-35.0772569526712	98.9489192607733	4.71238895186547	0	15	9.86272679817394	0
707.75	-35.077256959801	98.6989192607733	4.71238895186547	0	15	9.86964268610172	0
708	-35.0772569669308	98.4489192607733	4.71238895186547	0	15	9.87655277450223	0
708.25	-35.0772569740607	98.1989192607733	4.71238895186547	0	15	9.88345707567223	0
708.5	-35.0772569811905	97.9489192607733	4.71238895186547	0	15	9.89035560186394	0
708.75	-35.0772569883203	97.6989192607733	4.71238895186547	0	15	9.8972483652853	0
709	-35.0772569954501	97.4489192607733	4.71238895186547	0	15	9.90413537810016	0
709.25	-35.0772570025799	97.1989192607733	4.71238895186547	0	15	9.91101665242852	0
709.5	-35.0772570097097	96.9489192607733	4.71238895186547	0	15	9.91789220034674	0
709.75	-35.0772570168395	96.6989192607733	4.71238895186547	0	15	9.92476203388779	0
710	-35.0772570239693	96.4489192607733	4.71238895186547	0	15	9.93162616504143	0
710.25	-35.0772570310991	96.1989192607733	4.71238895186547	0	15	9.93848460575448	0
710.5	-35.0772570382289	95.9489192607733	4.71238895186547	0	15	9.94533736793097	0
710.75	-35.0772570453587	95.6989192607733	4.71238895186547	0	15	9.95218446343241	0
711	-35.0772570524885	95.4489192607733	4.71238895186547	0	15	9.95902590407799	0
711.25	-35.0772570596183	95.1989192607733	4.71238895186547	0	15	9.96586170164477	0
711.5	-35.0772570667481	94.9489192607733	4.71238895186547	0	15	9.97269186786792	0
711.75	-35.0772570738779	94.6989192607733	4.71238895186547	0	15	9.97951641444092	0
712	-35.0772570810077	94.4489192607733	4.71238895186547	0	15	9.98633535301577	0
712.25	-35.0772570881376	94.1989192607733	4.71238895186547	0	15	9.99314869520317	0
712.5	-35.0772570952674	93.9489192607733	4.71238895186547	0	15	9.99995645257278	0
712.75	-35.0772571023972	93.6989192607733	4.71238895186547	0	15	10.0067586366534	0
713	-35.077257109527	93.4489192607733	4.71238895186547	0	15	10.0135552589331	0
713.25	-35.0772571166568	93.1989192607733	4.71238895186547	0	15	10.0203463308595	0
713.5	-35.0772571237866	92.9489192607733	4.71238895186547	0	15	10.0271318638402	0
713.75	-35.0772571309164	92.6989192607733	4.71238895186547	0	15	10.0339118692423	0
714	-35.0772571380462	92.4489192607733	4.71238895186547	0	15	10.0406863583934	0
714.25	-35.077257145176	92.1989192607733	4.71238895186547	0	15	10.0474553425813	0
714.5	-35.0772571523058	91.9489192607733	4.71238895186547	0	15	10.0542188330543	0
714.75	-35.0772571594356	91.6989192607733	4.71238895186547	0	15	10.0609768410215	0
715	-35.0772571665654	91.4489192607733	4.71238895186547	0	15	10.0677293776528	0
715.25	-35.0772571736952	91.1989192607733	4.71238895186547	0	15	10.0744764540794	0
715.5	-35.077257180825	90.9489192607733	4.71238895186547	0	15	10.0812180813935	0
715.75	-35.0772571879548	90.6989192607733	4.71238895186547	0	15	10.0879542706492	0
716	-35.0772571950846	90.4489192607733	4.71238895186547	0	15	10.094685032862	0
716.25	-35.0772572022144	90.1989192607733	4.71238895186547	0	15	10.1014103790092	0
716.5	-35.0772572093443	89.9489192607733	4.71238895186547	0	15	10.1081303200303	0
716.75	-35.0772572164741	89.6989192607733	4.71238895186547	0	15	10.114844866827	0
717	-35.0772572236039	89.4489192607733	4.71238895186547	0	15	10.1215540302635	0
717.25	-35.0772572307337	89.1989192607733	4.71238895186547	0	15	10.1282578211664	0
717.5	-35.0772572378635	88.9489192607733	4.71238895186547	0	15	10.1349562503253	0
717.75	-35.0772572449933	88.6989192607733	4.71238895186547	0	15	10.1416493284926	0
718	-35.0772572521231	88.4489192607733	4.71238895186547	0	15	10.1483370663839	0
718.25	-35.0772572592529	88.1989192607733	4.71238895186547	0	15	10.1550194746781	0
718.5	-35.0772572663827	87.9489192607733	4.71238895186547	0	15	10.1616965640176	0
718.75	-35.0772572735125	87.6989192607733	4.71238895186547	0	15	10.1683683450085	0
719	-35.0772572806423	87.4489192607733	4.71238895186547	0	15	10.1750348282208	0
719.25	-35.0772572877721	87.1989192607733	4.71238895186547	0	15	10.1816960241884	0
719.5	-35.0772572949019	86.9489192607733	4.71238895186547	0	15	10.1883519434094	0
719.75	-35.0772573020317	86.6989192607733	4.71238895186547	0	15	10.1950025963463	0
720	-35.0772573091615	86.4489192607733	4.71238895186547	0	15	10.2016479934262	0
720.25	-35.0772573162913	86.1989192607733	4.71238895186547	0	15	10.2082881450407	0
720.5	-35.0772573234212	85.9489192607733	4.71238895186547	0	15	10.2149230615466	0
720.75	-35.077257330551	85.6989192607733	4.71238895186547	0	15	10.2215527532654	0
721	-35.0772573376808	85.4489192607733	4.71238895186547	0	15	10.2281772304841	0
721.25	-35.0772573448106	85.1989192607733	4.71238895186547	0	15	10.2347965034547	0
721.5	-35.0772573519404	84.9489192607733	4.71238895186547	0	15	10.2414105823951	0
721.75	-35.0772573590702	84.6989192607733	4.71238895186547	0	15	10.2480194774887	0
722	-35.0772573662	84.4489192607733	4.71238895186547	0	15	10.2546231988848	0
722.25	-35.0772573733298	84.1989192607733	4.71238895186547	0	15	10.2612217566988	0
722.5	-35.0772573804596	83.9489192607733	4.71238895186547	0	15	10.2678151610121	0
722.75	-35.0772573875894	83.6989192607733	4.71238895186547	0	15	10.2744034218726	0
723	-35.0772573947192	83.4489192607733	4.71238895186547	0	15	10.2809865492946	0
723.25	-35.077257401849	83.1989192607733	4.71238895186547	0	15	10.2875645532592	0
723.5	-35.0772574089788	82.9489192607733	4.71238895186547	0	15	10.2941374437141	0
723.75	-35.0772574161086	82.6989192607733	4.71238895186547	0	15	10.3007052305741	0
724	-35.0772574232384	82.4489192607733	4.71238895186547	0	15	10.3072679237211	0
724.25	-35.0772574303682	82.1989192607733	4.71238895186547	0	15	10.3138255330043	0
724.5	-35.077257437498	81.9489192607733	4.71238895186547	0	15	10.3203780682403	0
724.75	-35.0772574446279	81.6989192607733	4.71238895186547	0	15	10.3269255392132	0
725	-35.0772574517577	81.4489192607733	4.71238895186547	0	15	10.3334679556749	0
725.25	-35.0772574588875	81.1989192607733	4.71238895186547	0	15	10.3400053273453	0
725.5	-35.0772574660173	80.9489192607733	4.71238895186547	0	15	10.3465376639122	0
725.75	-35.0772574731471	80.6989192607733	4.71238895186547	0	15	10.3530649750314	0
726	-35.0772574802769	80.4489192607733	4.71238895186547	0	15	10.3595872703275	0
726.25	-35.0772574874067	80.1989192607733	4.71238895186547	0	15	10.366104559393	0
726.5	-35.0772574945365	79.9489192607733	4.71238895186547	0	15	10.3726168517895	0
726.75	-35.0772575016663	79.6989192607733	4.71238895186547	0	15	10.3791241570471	0
727	-35.0772575087961	79.4489192607733	4.71238895186547	0	15	10.3856264846648	0
727.25	-35.0772575159259	79.1989192607733	4.71238895186547	0	15	10.3921238441108	0
727.5	-35.0772575230557	78.9489192607733	4.71238895186547	0	15	10.3986162448224	0
727.75	-35.0772575301855	78.6989192607733	4.71238895186547	0	15	10.4051036962061	0
728	-35.0772575373153	78.4489192607733	4.71238895186547	0	15	10.4115862076382	0
728.25	-35.0772575444451	78.1989192607733	4.71238895186547	0	15	10.4180637884642	0
728.5	-35.0772575515749	77.9489192607733	4.71238895186547	0	15	10.4245364479997	0
728.75	-35.0772575587048	77.6989192607733	4.71238895186547	0	15	10.43100419553	0
729	-35.0772575658346	77.4489192607733	4.71238895186547	0	15	10.4374670403105	0
729.25	-35.0772575729644	77.1989192607733	4.71238895186547	0	15	10.4439249915666	0
729.5	-35.0772575800942	76.9489192607733	4.71238895186547	0	15	10.4503780584943	0
729.75	-35.077257587224	76.6989192607733	4.71238895186547	0	15	10.4568262502598	0
730	-35.0772575943538	76.4489192607733	4.71238895186547	0	15	10.4632695759999	0
730.25	-35.0772576014836	76.1989192607733	4.71238895186547	0	15	10.4697080448221	0
730.5	-35.0772576086134	75.9489192607733	4.71238895186547	0	15	10.4761416658047	0
730.75	-35.0772576157432	75.6989192607733	4.71238895186547	0	15	10.4825704479972	0
731	-35.077257622873	75.4489192607733	4.71238895186547	0	15	10.4889944004197	0
731.25	-35.0772576300028	75.1989192607733	4.71238895186547	0	15	10.4954135320641	0
731.5	-35.0772576371326	74.9489192607733	4.71238895186547	0	15	10.5018278518933	0
731.75	-35.0772576442624	74.6989192607733	4.71238895186547	0	15	10.5082373688417	0
732	-35.0772576513922	74.4489192607733	4.71238895186547	0	15	10.5146420918154	0
732.25	-35.077257658522	74.1989192607733	4.71238895186547	0	15	10.5210420296921	0
732.5	-35.0772576656518	73.9489192607733	4.71238895186547	0	15	10.5274371913216	0
732.75	-35.0772576727816	73.6989192607733	4.71238895186547	0	15	10.5338275855255	0
733	-35.0772576799115	73.4489192607733	4.71238895186547	0	15	10.5402132210976	0
733.25	-35.0772576870413	73.1989192607733	4.71238895186547	0	15	10.5465941068038	0
733.5	-35.0772576941711	72.9489192607733	4.71238895186547	0	15	10.5529702513825	0
733.75	-35.0772577013009	72.6989192607733	4.71238895186547	0	15	10.5593416635445	0
734	-35.0772577084307	72.4489192607733	4.71238895186547	0	15	10.5657083519734	0
734.25	-35.0772577155605	72.1989192607733	4.71238895186547	0	15	10.5720703253252	0
734.5	-35.0772577226903	71.9489192607733	4.71238895186547	0	15	10.5784275922289	0
734.75	-35.0772577298201	71.6989192607733	4.71238895186547	0	15	10.5847801612867	0
735	-35.0772577369499	71.4489192607733	4.71238895186547	0	15	10.5911280410734	0
735.25	-35.0772577440797	71.1989192607733	4.71238895186547	0	15	10.5974712401375	0
735.5	-35.0772577512095	70.9489192607733	4.71238895186547	0	15	10.6038097670004	0
735.75	-35.0772577583393	70.6989192607733	4.71238895186547	0	15	10.6101436301573	0
736	-35.0772577654691	70.4489192607733	4.71238895186547	0	15	10.6164728380767	0
736.25	-35.0772577725989	70.1989192607733	4.71238895186547	0	15	10.6227973992009	0
736.5	-35.0772577797287	69.9489192607733	4.71238895186547	0	15	10.629117321946	0
736.75	-35.0772577868585	69.6989192607733	4.71238895186547	0	15	10.6354326147019	0
737	-35.0772577939884	69.4489192607733	4.71238895186547	0	15	10.6417432858325	0
737.25	-35.0772578011182	69.1989192607733	4.71238895186547	0	15	10.6480493436761	0
737.5	-35.077257808248	68.9489192607733	4.71238895186547	0	15	10.6543507965449	0
737.75	-35.0772578153778	68.6989192607733	4.71238895186547	0	15	10.6606476527256	0
738	-35.0772578225076	68.4489192607733	4.71238895186547	0	15	10.6669399204794	0
738.25	-35.0772578296374	68.1989192607733	4.71238895186547	0	15	10.6732276080421	0
738.5	-35.0772578367672	67.9489192607733	4.71238895186547	0	15	10.679510723624	0
738.75	-35.077257843897	67.6989192607733	4.71238895186547	0	15	10.6857892754105	0
739	-35.0772578510268	67.4489192607733	4.71238895186547	0	15	10.6920632715617	0
739.25	-35.0772578581566	67.1989192607733	4.71238895186547	0	15	10.6983327202126	0
739.5	-35.0772578652864	66.9489192607733	4.71238895186547	0	15	10.7045976294737	0
739.75	-35.0772578724162	66.6989192607733	4.71238895186547	0	15	10.7108580074303	0
740	-35.077257879546	66.4489192607733	4.71238895186547	0	15	10.7171138621433	0
740.25	-35.0772578866758	66.1989192607733	4.71238895186547	0	15	10.7233652016491	0
740.5	-35.0772578938056	65.9489192607733	4.71238895186547	0	15	10.7296120339594	0
740.75	-35.0772579009354	65.6989192607733	4.71238895186547	0	15	10.7358543670618	0
741	-35.0772579080652	65.4489192607733	4.71238895186547	0	15	10.7420922089194	0
741.25	-35.0772579151951	65.1989192607733	4.71238895186547	0	15	10.7483255674714	0
741.5	-35.0772579223249	64.9489192607733	4.71238895186547	0	15	10.7545544506328	0
741.75	-35.0772579294547	64.6989192607733	4.71238895186547	0	15	10.7607788662948	0
742	-35.0772579365845	64.4489192607733	4.71238895186547	0	15	10.7669988223247	0
742.25	-35.0772579437143	64.1989192607733	4.71238895186547	0	15	10.773214326566	0
742.5	-35.0772579508441	63.9489192607733	4.71238895186547	0	15	10.7794253868387	0
742.75	-35.0772579579739	63.6989192607733	4.71238895186547	0	15	10.7856320109392	0
743	-35.0772579651037	63.4489192607733	4.71238895186547	0	15	10.7918342066404	0
743.25	-35.0772579722335	63.1989192607733	4.71238895186547	0	15	10.7980319816921	0
743.5	-35.0772579793633	62.9489192607733	4.71238895186547	0	15	10.8042253438207	0
743.75	-35.0772579864931	62.6989192607733	4.71238895186547	0	15	10.8104143007294	0
744	-35.0772579936229	62.4489192607733	4.71238895186547	0	15	10.8165988600984	0
744.25	-35.0772580007527	62.1989192607733	4.71238895186547	0	15	10.8227790295852	0
744.5	-35.0772580078825	61.9489192607733	4.71238895186547	0	15	10.8289548168242	0
744.75	-35.0772580150123	61.6989192607733	4.71238895186547	0	15	10.8351262294271	0
745	-35.0772580221421	61.4489192607733	4.71238895186547	0	15	10.8412932749829	0
745.25	-35.077258029272	61.1989192607733	4.71238895186547	0	15	10.8474559610583	0
745.5	-35.0772580364018	60.9489192607733	4.71238895186547	0	15	10.8536142951973	0
745.75	-35.0772580435316	60.6989192607733	4.71238895186547	0	15	10.8597682849215	0
746	-35.0772580506614	60.4489192607733	4.71238895186547	0	15	10.8659179377304	0
746.25	-35.0772580577912	60.1989192607733	4.71238895186547	0	15	10.8720632611012	0
746.5	-35.077258064921	59.9489192607733	4.71238895186547	0	15	10.8782042624891	0
746.75	-35.0772580720508	59.6989192607733	4.71238895186547	0	15	10.8843409493273	0
747	-35.0772580791806	59.4489192607733	4.71238895186547	0	15	10.8904733290269	0
747.25	-35.0772580863104	59.1989192607733	4.71238895186547	0	15	10.8966014089775	0
747.5	-35.0772580934402	58.9489192607733	4.71238895186547	0	15	10.9027251965468	0
747.75	-35.07725810057	58.6989192607733	4.71238895186547	0	15	10.9088446990807	0
748	-35.0772581076998	58.4489192607733	4.71238895186547	0	15	10.914959923904	0
748.25	-35.0772581148296	58.1989192607733	4.71238895186547	0	15	10.9210708783196	0
748.5	-35.0772581219594	57.9489192607733	4.71238895186547	0	15	10.9271775696094	0
748.75	-35.0772581290892	57.6989192607733	4.71238895186547	0	15	10.9332800050336	0
749	-35.077258136219	57.4489192607733	4.71238895186547	0	15	10.9393781918317	0
749.25	-35.0772581433488	57.1989192607733	4.71238895186547	0	15	10.9454721372217	0
749.5	-35.0772581504787	56.9489192607733	4.71238895186547	0	15	10.9515618484007	0
749.75	-35.0772581576085	56.6989192607733	4.71238895186547	0	15	10.9576473325451	0
750	-35.0772581647383	56.4489192607733	4.71238895186547	0	15	10.9637285968101	0
750.25	-35.0772581718681	56.1989192607733	4.71238895186547	0	15	10.9698056483304	0
750.5	-35.0772581789979	55.9489192607733	4.71238895186547	0	15	10.9758784942199	0
750.75	-35.0772581861277	55.6989192607733	4.71238895186547	0	15	10.9819471415719	0
751	-35.0772581932575	55.4489192607733	4.71238895186547	0	15	10.9880115974593	0
751.25	-35.0772582003873	55.1989192607733	4.71238895186547	0	15	10.9940718689345	0
751.5	-35.0772582075171	54.9489192607733	4.71238895186547	0	15	11.0001279630296	0
751.75	-35.0772582146469	54.6989192607733	4.71238895186547	0	15	11.0061798867563	0
752	-35.0772582217767	54.4489192607733	4.71238895186547	0	15	11.0122276471065	0
752.25	-35.0772582289065	54.1989192607733	4.71238895186547	0	15	11.0182712510515	0
752.5	-35.0772582360363	53.9489192607733	4.71238895186547	0	15	11.024310705543	0
752.75	-35.0772582431661	53.6989192607733	4.71238895186547	0	15	11.0303460175125	0
753	-35.0772582502959	53.4489192607733	4.71238895186547	0	15	11.0363771938719	0
753.25	-35.0772582574257	53.1989192607733	4.71238895186547	0	15	11.0424042415132	0
753.5	-35.0772582645556	52.9489192607733	4.71238895186547	0	15	11.0484271673086	0
753.75	-35.0772582716854	52.6989192607733	4.71238895186547	0	15	11.0544459781109	0
754	-35.0772582788152	52.4489192607733	4.71238895186547	0	15	11.0604606807533	0
754.25	-35.077258285945	52.1989192607733	4.71238895186547	0	15	11.0664712820494	0
754.5	-35.0772582930748	51.9489192607733	4.71238895186547	0	15	11.0724777887937	0
754.75	-35.0772583002046	51.6989192607733	4.71238895186547	0	15	11.0784802077611	0
755	-35.0772583073344	51.4489192607733	4.71238895186547	0	15	11.0844785457076	0
755.25	-35.0772583144642	51.1989192607733	4.71238895186547	0	15	11.0904728093698	0
755.5	-35.077258321594	50.9489192607733	4.71238895186547	0	15	11.0964630054653	0
755.75	-35.0772583287238	50.6989192607733	4.71238895186547	0	15	11.1024491406928	0
756	-35.0772583358536	50.4489192607733	4.71238895186547	0	15	11.108431221732	0
756.25	-35.0772583429834	50.1989192607733	4.71238895186547	0	15	11.1144092552438	0
756.5	-35.0772583501132	49.9489192607733	4.71238895186547	0	15	11.1203832478704	0
756.75	-35.077258357243	49.6989192607733	4.71238895186547	0	15	11.1263532062351	0
757	-35.0772583643728	49.4489192607733	4.71238895186547	0	15	11.1323191369428	0
757.25	-35.0772583715026	49.1989192607733	4.71238895186547	0	15	11.1382810465797	0
757.5	-35.0772583786325	48.9489192607733	4.71238895186547	0	15	11.1442389417138	0
757.75	-35.0772583857623	48.6989192607733	4.71238895186547	0	15	11.1501928288943	0
758	-35.0772583928921	48.4489192607733	4.71238895186547	0	15	11.1561427146525	0
758.25	-35.0772584000219	48.1989192607733	4.71238895186547	0	15	11.162088605501	0
758.5	-35.0772584071517	47.9489192607733	4.71238895186547	0	15	11.1680305079347	0
758.75	-35.0772584142815	47.6989192607733	4.71238895186547	0	15	11.1739684284301	0
759	-35.0772584214113	47.4489192607733	4.71238895186547	0	15	11.1799023734457	0
759.25	-35.0772584285411	47.1989192607733	4.71238895186547	0	15	11.1858323494221	0
759.5	-35.0772584356709	46.9489192607733	4.71238895186547	0	15	11.191758362782	0
759.75	-35.0772584428007	46.6989192607733	4.71238895186547	0	15	11.1976804199301	0
760	-35.0772584499305	46.4489192607733	4.71238895186547	0	15	11.2035985272537	0
760.25	-35.0772584570603	46.1989192607733	4.71238895186547	0	15	11.2095126911221	0
760.5	-35.0772584641901	45.9489192607733	4.71238895186547	0	15	11.2154229178871	0
760.75	-35.0772584713199	45.6989192607733	4.71238895186547	0	15	11.221329213883	0
761	-35.0772584784497	45.4489192607733	4.71238895186547	0	15	11.2272315854266	0
761.25	-35.0772584855795	45.1989192607733	4.71238895186547	0	15	11.2331300388172	0
761.5	-35.0772584927093	44.9489192607733	4.71238895186547	0	15	11.2390245803368	0
761.75	-35.0772584998392	44.6989192607733	4.71238895186547	0	15	11.2449152162502	0
762	-35.077258506969	44.4489192607733	4.71238895186547	0	15	11.2508019528049	0
762.25	-35.0772585140988	44.1989192607733	4.71238895186547	0	15	11.2566847962314	0
762.5	-35.0772585212286	43.9489192607733	4.71238895186547	0	15	11.2625637527429	0
762.75	-35.0772585283584	43.6989192607733	4.71238895186547	0	15	11.2684388285358	0
763	-35.0772585354882	43.4489192607733	4.71238895186547	0	15	11.2743100297895	0
763.25	-35.077258542618	43.1989192607733	4.71238895186547	0	15	11.2801773626664	0
763.5	-35.0772585497478	42.9489192607733	4.71238895186547	0	15	11.2860408333122	0
763.75	-35.0772585568776	42.6989192607733	4.71238895186547	0	15	11.2919004478559	0
764	-35.0772585640074	42.4489192607733	4.71238895186547	0	15	11.2977562124097	0
764.25	-35.0772585711372	42.1989192607733	4.71238895186547	0	15	11.3036081330693	0
764.5	-35.077258578267	41.9489192607733	4.71238895186547	0	15	11.3094562159137	0
764.75	-35.0772585853968	41.6989192607733	4.71238895186547	0	15	11.3153004670056	0
765	-35.0772585925266	41.4489192607733	4.71238895186547	0	15	11.321140892391	0
765.25	-35.0772585996564	41.1989192607733	4.71238895186547	0	15	11.3269774980998	0
765.5	-35.0772586067862	40.9489192607733	4.71238895186547	0	15	11.3328102901455	0
765.75	-35.0772586139161	40.6989192607733	4.71238895186547	0	15	11.3386392745252	0
766	-35.0772586210459	40.4489192607733	4.71238895186547	0	15	11.3444644572202	0
766.25	-35.0772586281757	40.1989192607733	4.71238895186547	0	15	11.3502858441952	0
766.5	-35.0772586353055	39.9489192607733	4.71238895186547	0	15	11.3561034413993	0
766.75	-35.0772586424353	39.6989192607733	4.71238895186547	0	15	11.3619172547653	0
767	-35.0772586495651	39.4489192607733	4.71238895186547	0	15	11.3677272902102	0
767.25	-35.0772586566949	39.1989192607733	4.71238895186547	0	15	11.373533553635	0
767.5	-35.0772586638247	38.9489192607733	4.71238895186547	0	15	11.3793360509251	0
767.75	-35.0772586709545	38.6989192607733	4.71238895186547	0	15	11.3851347879499	0
768	-35.0772586780843	38.4489192607733	4.71238895186547	0	15	11.3909297705633	0
768.25	-35.0772586852141	38.1989192607733	4.71238895186547	0	15	11.3967210046034	0
768.5	-35.0772586923439	37.9489192607733	4.71238895186547	0	15	11.402508495893	0
768.75	-35.0772586994737	37.6989192607733	4.71238895186547	0	15	11.408292250239	0
769	-35.0772587066035	37.4489192607733	4.71238895186547	0	15	11.4140722734331	0
769.25	-35.0772587137333	37.1989192607733	4.71238895186547	0	15	11.4198485712515	0
769.5	-35.0772587208631	36.9489192607733	4.71238895186547	0	15	11.4256211494552	0
769.75	-35.0772587279929	36.6989192607733	4.71238895186547	0	15	11.4313900137897	0
770	-35.0772587351228	36.4489192607733	4.71238895186547	0	15	11.4371551699853	0
770.25	-35.0772587422526	36.1989192607733	4.71238895186547	0	15	11.4429166237574	0
770.5	-35.0772587493824	35.9489192607733	4.71238895186547	0	15	11.4486743808059	0
770.75	-35.0772587565122	35.6989192607733	4.71238895186547	0	15	11.4544284468159	0
771	-35.077258763642	35.4489192607733	4.71238895186547	0	15	11.4601788274575	0
771.25	-35.0772587707718	35.1989192607733	4.71238895186547	0	15	11.4659255283856	0
